ISO-10303-21;
HEADER;
/* Generated by software containing ST-Developer
 * from STEP Tools, Inc. (www.steptools.com) 
 */

FILE_DESCRIPTION(
/* description */ (''),
/* implementation_level */ '2;1');

FILE_NAME(
/* name */ 'arrangedparts.step',
/* time_stamp */ '2026-05-03T10:05:09+05:00',
/* author */ (''),
/* organization */ (''),
/* preprocessor_version */ 'ST-DEVELOPER v20.1',
/* originating_system */ 'Autodesk Translation Framework v15.8.0.0',
/* authorisation */ '');

FILE_SCHEMA (('AUTOMOTIVE_DESIGN { 1 0 10303 214 3 1 1 }'));
ENDSEC;

DATA;
#10=MECHANICAL_DESIGN_GEOMETRIC_PRESENTATION_REPRESENTATION('',(#133,#134,
#135),#7715);
#11=ITEM_DEFINED_TRANSFORMATION($,$,#4593,#4859);
#12=ITEM_DEFINED_TRANSFORMATION($,$,#4593,#4860);
#13=ITEM_DEFINED_TRANSFORMATION($,$,#4593,#4861);
#14=ITEM_DEFINED_TRANSFORMATION($,$,#4593,#4862);
#15=ITEM_DEFINED_TRANSFORMATION($,$,#4624,#4863);
#16=ITEM_DEFINED_TRANSFORMATION($,$,#4694,#4864);
#17=ITEM_DEFINED_TRANSFORMATION($,$,#4592,#4865);
#18=ITEM_DEFINED_TRANSFORMATION($,$,#4591,#4866);
#19=(
REPRESENTATION_RELATIONSHIP($,$,#7743,#7742)
REPRESENTATION_RELATIONSHIP_WITH_TRANSFORMATION(#11)
SHAPE_REPRESENTATION_RELATIONSHIP()
);
#20=(
REPRESENTATION_RELATIONSHIP($,$,#7743,#7742)
REPRESENTATION_RELATIONSHIP_WITH_TRANSFORMATION(#12)
SHAPE_REPRESENTATION_RELATIONSHIP()
);
#21=(
REPRESENTATION_RELATIONSHIP($,$,#7743,#7742)
REPRESENTATION_RELATIONSHIP_WITH_TRANSFORMATION(#13)
SHAPE_REPRESENTATION_RELATIONSHIP()
);
#22=(
REPRESENTATION_RELATIONSHIP($,$,#7743,#7742)
REPRESENTATION_RELATIONSHIP_WITH_TRANSFORMATION(#14)
SHAPE_REPRESENTATION_RELATIONSHIP()
);
#23=(
REPRESENTATION_RELATIONSHIP($,$,#7744,#7742)
REPRESENTATION_RELATIONSHIP_WITH_TRANSFORMATION(#15)
SHAPE_REPRESENTATION_RELATIONSHIP()
);
#24=(
REPRESENTATION_RELATIONSHIP($,$,#7745,#7742)
REPRESENTATION_RELATIONSHIP_WITH_TRANSFORMATION(#16)
SHAPE_REPRESENTATION_RELATIONSHIP()
);
#25=(
REPRESENTATION_RELATIONSHIP($,$,#7742,#7741)
REPRESENTATION_RELATIONSHIP_WITH_TRANSFORMATION(#17)
SHAPE_REPRESENTATION_RELATIONSHIP()
);
#26=(
REPRESENTATION_RELATIONSHIP($,$,#7741,#7740)
REPRESENTATION_RELATIONSHIP_WITH_TRANSFORMATION(#18)
SHAPE_REPRESENTATION_RELATIONSHIP()
);
#27=CONTEXT_DEPENDENT_SHAPE_REPRESENTATION(#19,#7732);
#28=CONTEXT_DEPENDENT_SHAPE_REPRESENTATION(#20,#7733);
#29=CONTEXT_DEPENDENT_SHAPE_REPRESENTATION(#21,#7734);
#30=CONTEXT_DEPENDENT_SHAPE_REPRESENTATION(#22,#7735);
#31=CONTEXT_DEPENDENT_SHAPE_REPRESENTATION(#23,#7736);
#32=CONTEXT_DEPENDENT_SHAPE_REPRESENTATION(#24,#7737);
#33=CONTEXT_DEPENDENT_SHAPE_REPRESENTATION(#25,#7738);
#34=CONTEXT_DEPENDENT_SHAPE_REPRESENTATION(#26,#7739);
#35=NEXT_ASSEMBLY_USAGE_OCCURRENCE('Component8:5','Component8:5',
'Component8:5',#7749,#7750,'Component8:5');
#36=NEXT_ASSEMBLY_USAGE_OCCURRENCE('Component8:6','Component8:6',
'Component8:6',#7749,#7750,'Component8:6');
#37=NEXT_ASSEMBLY_USAGE_OCCURRENCE('Component8:7','Component8:7',
'Component8:7',#7749,#7750,'Component8:7');
#38=NEXT_ASSEMBLY_USAGE_OCCURRENCE('Component8:8','Component8:8',
'Component8:8',#7749,#7750,'Component8:8');
#39=NEXT_ASSEMBLY_USAGE_OCCURRENCE('Component10:2','Component10:2',
'Component10:2',#7749,#7751,'Component10:2');
#40=NEXT_ASSEMBLY_USAGE_OCCURRENCE('Component13:2','Component13:2',
'Component13:2',#7749,#7752,'Component13:2');
#41=NEXT_ASSEMBLY_USAGE_OCCURRENCE('Envelope1(Qty: 1):1',
'Envelope1(Qty: 1):1','Envelope1(Qty: 1):1',#7748,#7749,
'Envelope1(Qty: 1):1');
#42=NEXT_ASSEMBLY_USAGE_OCCURRENCE('Arrange1:1','Arrange1:1',
'Arrange1:1',#7747,#7748,'Arrange1:1');
#43=B_SPLINE_CURVE_WITH_KNOTS('',3,(#6479,#6480,#6481,#6482,#6483),
 .UNSPECIFIED.,.F.,.F.,(4,1,4),(0.,0.132921379101219,0.265526082617212),
 .UNSPECIFIED.);
#44=B_SPLINE_CURVE_WITH_KNOTS('',3,(#6487,#6488,#6489,#6490,#6491),
 .UNSPECIFIED.,.F.,.F.,(4,1,4),(0.,0.132921379101219,0.265526082617212),
 .UNSPECIFIED.);
#45=B_SPLINE_CURVE_WITH_KNOTS('',3,(#6504,#6505,#6506,#6507,#6508),
 .UNSPECIFIED.,.F.,.F.,(4,1,4),(0.,0.0923318709990238,0.18721191934274),
 .UNSPECIFIED.);
#46=B_SPLINE_CURVE_WITH_KNOTS('',3,(#6511,#6512,#6513,#6514,#6515),
 .UNSPECIFIED.,.F.,.F.,(4,1,4),(0.,0.0923318709990238,0.18721191934274),
 .UNSPECIFIED.);
#47=B_SPLINE_CURVE_WITH_KNOTS('',3,(#6527,#6528,#6529,#6530,#6531),
 .UNSPECIFIED.,.F.,.F.,(4,1,4),(0.,0.0954796106306553,0.187853239288426),
 .UNSPECIFIED.);
#48=B_SPLINE_CURVE_WITH_KNOTS('',3,(#6534,#6535,#6536,#6537,#6538),
 .UNSPECIFIED.,.F.,.F.,(4,1,4),(0.,0.0954796106306553,0.187853239288426),
 .UNSPECIFIED.);
#49=B_SPLINE_CURVE_WITH_KNOTS('',3,(#6550,#6551,#6552,#6553,#6554),
 .UNSPECIFIED.,.F.,.F.,(4,1,4),(0.,0.114806367871394,0.21836338838731),
 .UNSPECIFIED.);
#50=B_SPLINE_CURVE_WITH_KNOTS('',3,(#6557,#6558,#6559,#6560,#6561),
 .UNSPECIFIED.,.F.,.F.,(4,1,4),(0.,0.114806367871394,0.21836338838731),
 .UNSPECIFIED.);
#51=B_SPLINE_CURVE_WITH_KNOTS('',3,(#6573,#6574,#6575,#6576,#6577),
 .UNSPECIFIED.,.F.,.F.,(4,1,4),(0.,0.146223121857995,0.318960490120343),
 .UNSPECIFIED.);
#52=B_SPLINE_CURVE_WITH_KNOTS('',3,(#6580,#6581,#6582,#6583,#6584),
 .UNSPECIFIED.,.F.,.F.,(4,1,4),(0.,0.146223121857995,0.318960490120343),
 .UNSPECIFIED.);
#53=B_SPLINE_CURVE_WITH_KNOTS('',3,(#6596,#6597,#6598,#6599,#6600),
 .UNSPECIFIED.,.F.,.F.,(4,1,4),(0.,0.138679245916948,0.27376993695661),
 .UNSPECIFIED.);
#54=B_SPLINE_CURVE_WITH_KNOTS('',3,(#6603,#6604,#6605,#6606,#6607),
 .UNSPECIFIED.,.F.,.F.,(4,1,4),(0.,0.138679245916948,0.27376993695661),
 .UNSPECIFIED.);
#55=B_SPLINE_CURVE_WITH_KNOTS('',3,(#6619,#6620,#6621,#6622,#6623),
 .UNSPECIFIED.,.F.,.F.,(4,1,4),(0.,0.134505517255938,0.27129442281279),
 .UNSPECIFIED.);
#56=B_SPLINE_CURVE_WITH_KNOTS('',3,(#6626,#6627,#6628,#6629,#6630),
 .UNSPECIFIED.,.F.,.F.,(4,1,4),(0.,0.134505517255938,0.27129442281279),
 .UNSPECIFIED.);
#57=B_SPLINE_CURVE_WITH_KNOTS('',3,(#6642,#6643,#6644,#6645,#6646),
 .UNSPECIFIED.,.F.,.F.,(4,1,4),(0.,0.163396283522652,0.306558120700729),
 .UNSPECIFIED.);
#58=B_SPLINE_CURVE_WITH_KNOTS('',3,(#6649,#6650,#6651,#6652,#6653),
 .UNSPECIFIED.,.F.,.F.,(4,1,4),(0.,0.163396283522652,0.306558120700729),
 .UNSPECIFIED.);
#59=B_SPLINE_CURVE_WITH_KNOTS('',3,(#6664,#6665,#6666,#6667,#6668),
 .UNSPECIFIED.,.F.,.F.,(4,1,4),(0.,0.149568347542846,0.344687340137589),
 .UNSPECIFIED.);
#60=B_SPLINE_CURVE_WITH_KNOTS('',3,(#6669,#6670,#6671,#6672,#6673),
 .UNSPECIFIED.,.F.,.F.,(4,1,4),(0.,0.149568347542846,0.344687340137589),
 .UNSPECIFIED.);
#61=B_SPLINE_CURVE_WITH_KNOTS('',3,(#6686,#6687,#6688,#6689,#6690),
 .UNSPECIFIED.,.F.,.F.,(4,1,4),(0.,0.126706370691783,0.253794165669727),
 .UNSPECIFIED.);
#62=B_SPLINE_CURVE_WITH_KNOTS('',3,(#6694,#6695,#6696,#6697,#6698),
 .UNSPECIFIED.,.F.,.F.,(4,1,4),(0.,0.126706370691783,0.253794165669727),
 .UNSPECIFIED.);
#63=B_SPLINE_CURVE_WITH_KNOTS('',3,(#6711,#6712,#6713,#6714,#6715),
 .UNSPECIFIED.,.F.,.F.,(4,1,4),(0.,0.134780227889705,0.264026824516906),
 .UNSPECIFIED.);
#64=B_SPLINE_CURVE_WITH_KNOTS('',3,(#6718,#6719,#6720,#6721,#6722),
 .UNSPECIFIED.,.F.,.F.,(4,1,4),(0.,0.134780227889705,0.264026824516906),
 .UNSPECIFIED.);
#65=B_SPLINE_CURVE_WITH_KNOTS('',3,(#6734,#6735,#6736,#6737,#6738),
 .UNSPECIFIED.,.F.,.F.,(4,1,4),(0.,0.125813991134476,0.252609309873775),
 .UNSPECIFIED.);
#66=B_SPLINE_CURVE_WITH_KNOTS('',3,(#6741,#6742,#6743,#6744,#6745),
 .UNSPECIFIED.,.F.,.F.,(4,1,4),(0.,0.125813991134476,0.252609309873775),
 .UNSPECIFIED.);
#67=B_SPLINE_CURVE_WITH_KNOTS('',3,(#6757,#6758,#6759,#6760,#6761),
 .UNSPECIFIED.,.F.,.F.,(4,1,4),(0.,0.128948311427389,0.254550865391532),
 .UNSPECIFIED.);
#68=B_SPLINE_CURVE_WITH_KNOTS('',3,(#6764,#6765,#6766,#6767,#6768),
 .UNSPECIFIED.,.F.,.F.,(4,1,4),(0.,0.128948311427389,0.254550865391532),
 .UNSPECIFIED.);
#69=B_SPLINE_CURVE_WITH_KNOTS('',3,(#6780,#6781,#6782,#6783,#6784),
 .UNSPECIFIED.,.F.,.F.,(4,1,4),(0.,0.14491457957857,0.281009441840537),
 .UNSPECIFIED.);
#70=B_SPLINE_CURVE_WITH_KNOTS('',3,(#6787,#6788,#6789,#6790,#6791),
 .UNSPECIFIED.,.F.,.F.,(4,1,4),(0.,0.14491457957857,0.281009441840537),
 .UNSPECIFIED.);
#71=B_SPLINE_CURVE_WITH_KNOTS('',3,(#6803,#6804,#6805,#6806,#6807),
 .UNSPECIFIED.,.F.,.F.,(4,1,4),(0.,0.133640191093531,0.276524603824069),
 .UNSPECIFIED.);
#72=B_SPLINE_CURVE_WITH_KNOTS('',3,(#6810,#6811,#6812,#6813,#6814),
 .UNSPECIFIED.,.F.,.F.,(4,1,4),(0.,0.133640191093531,0.276524603824069),
 .UNSPECIFIED.);
#73=B_SPLINE_CURVE_WITH_KNOTS('',3,(#6826,#6827,#6828,#6829,#6830),
 .UNSPECIFIED.,.F.,.F.,(4,1,4),(0.,0.125987211513296,0.25329215269798),
 .UNSPECIFIED.);
#74=B_SPLINE_CURVE_WITH_KNOTS('',3,(#6833,#6834,#6835,#6836,#6837),
 .UNSPECIFIED.,.F.,.F.,(4,1,4),(0.,0.125987211513296,0.25329215269798),
 .UNSPECIFIED.);
#75=B_SPLINE_CURVE_WITH_KNOTS('',3,(#6849,#6850,#6851,#6852,#6853),
 .UNSPECIFIED.,.F.,.F.,(4,1,4),(0.,0.132685823402027,0.260703780941156),
 .UNSPECIFIED.);
#76=B_SPLINE_CURVE_WITH_KNOTS('',3,(#6856,#6857,#6858,#6859,#6860),
 .UNSPECIFIED.,.F.,.F.,(4,1,4),(0.,0.132685823402027,0.260703780941156),
 .UNSPECIFIED.);
#77=B_SPLINE_CURVE_WITH_KNOTS('',3,(#6872,#6873,#6874,#6875,#6876),
 .UNSPECIFIED.,.F.,.F.,(4,1,4),(0.,0.186043009296138,0.381264360434331),
 .UNSPECIFIED.);
#78=B_SPLINE_CURVE_WITH_KNOTS('',3,(#6879,#6880,#6881,#6882,#6883),
 .UNSPECIFIED.,.F.,.F.,(4,1,4),(0.,0.186043009296138,0.381264360434331),
 .UNSPECIFIED.);
#79=B_SPLINE_CURVE_WITH_KNOTS('',3,(#6895,#6896,#6897,#6898,#6899),
 .UNSPECIFIED.,.F.,.F.,(4,1,4),(0.,0.224450108900283,0.420003839053806),
 .UNSPECIFIED.);
#80=B_SPLINE_CURVE_WITH_KNOTS('',3,(#6902,#6903,#6904,#6905,#6906),
 .UNSPECIFIED.,.F.,.F.,(4,1,4),(0.,0.224450108900283,0.420003839053806),
 .UNSPECIFIED.);
#81=B_SPLINE_CURVE_WITH_KNOTS('',3,(#6917,#6918,#6919,#6920,#6921),
 .UNSPECIFIED.,.F.,.F.,(4,1,4),(0.,0.128799446618325,0.257837121174557),
 .UNSPECIFIED.);
#82=B_SPLINE_CURVE_WITH_KNOTS('',3,(#6922,#6923,#6924,#6925,#6926),
 .UNSPECIFIED.,.F.,.F.,(4,1,4),(0.,0.128799446618325,0.257837121174557),
 .UNSPECIFIED.);
#83=B_SPLINE_CURVE_WITH_KNOTS('',3,(#6948,#6949,#6950,#6951,#6952),
 .UNSPECIFIED.,.F.,.F.,(4,1,4),(0.,0.0655599934472723,0.120946106850338),
 .UNSPECIFIED.);
#84=B_SPLINE_CURVE_WITH_KNOTS('',3,(#6955,#6956,#6957,#6958,#6959),
 .UNSPECIFIED.,.F.,.F.,(4,1,4),(0.,0.0655599934472723,0.120946106850338),
 .UNSPECIFIED.);
#85=B_SPLINE_CURVE_WITH_KNOTS('',3,(#6971,#6972,#6973,#6974,#6975),
 .UNSPECIFIED.,.F.,.F.,(4,1,4),(0.,0.0799283891462182,0.121454238581384),
 .UNSPECIFIED.);
#86=B_SPLINE_CURVE_WITH_KNOTS('',3,(#6978,#6979,#6980,#6981,#6982),
 .UNSPECIFIED.,.F.,.F.,(4,1,4),(0.,0.0799283891462182,0.121454238581384),
 .UNSPECIFIED.);
#87=B_SPLINE_CURVE_WITH_KNOTS('',3,(#7024,#7025,#7026,#7027,#7028),
 .UNSPECIFIED.,.F.,.F.,(4,1,4),(0.,0.104157286698919,0.223238189514152),
 .UNSPECIFIED.);
#88=B_SPLINE_CURVE_WITH_KNOTS('',3,(#7031,#7032,#7033,#7034,#7035),
 .UNSPECIFIED.,.F.,.F.,(4,1,4),(0.,0.104157286698919,0.223238189514152),
 .UNSPECIFIED.);
#89=B_SPLINE_CURVE_WITH_KNOTS('',3,(#7047,#7048,#7049,#7050,#7051),
 .UNSPECIFIED.,.F.,.F.,(4,1,4),(0.,0.188437949694141,0.362671352263969),
 .UNSPECIFIED.);
#90=B_SPLINE_CURVE_WITH_KNOTS('',3,(#7054,#7055,#7056,#7057,#7058),
 .UNSPECIFIED.,.F.,.F.,(4,1,4),(0.,0.188437949694141,0.362671352263969),
 .UNSPECIFIED.);
#91=B_SPLINE_CURVE_WITH_KNOTS('',3,(#7088,#7089,#7090,#7091,#7092),
 .UNSPECIFIED.,.F.,.F.,(4,1,4),(0.,0.129959009310871,0.190261997184444),
 .UNSPECIFIED.);
#92=B_SPLINE_CURVE_WITH_KNOTS('',3,(#7095,#7096,#7097,#7098,#7099),
 .UNSPECIFIED.,.F.,.F.,(4,1,4),(0.,0.129959009310871,0.190261997184444),
 .UNSPECIFIED.);
#93=B_SPLINE_CURVE_WITH_KNOTS('',3,(#7111,#7112,#7113,#7114,#7115),
 .UNSPECIFIED.,.F.,.F.,(4,1,4),(0.,0.105172737029485,0.208987465968803),
 .UNSPECIFIED.);
#94=B_SPLINE_CURVE_WITH_KNOTS('',3,(#7118,#7119,#7120,#7121,#7122),
 .UNSPECIFIED.,.F.,.F.,(4,1,4),(0.,0.105172737029485,0.208987465968803),
 .UNSPECIFIED.);
#95=B_SPLINE_CURVE_WITH_KNOTS('',3,(#7213,#7214,#7215,#7216,#7217),
 .UNSPECIFIED.,.F.,.F.,(4,1,4),(0.,0.070808602073082,0.168902438849487),
 .UNSPECIFIED.);
#96=B_SPLINE_CURVE_WITH_KNOTS('',3,(#7220,#7221,#7222,#7223,#7224),
 .UNSPECIFIED.,.F.,.F.,(4,1,4),(0.,0.070808602073082,0.168902438849487),
 .UNSPECIFIED.);
#97=B_SPLINE_CURVE_WITH_KNOTS('',3,(#7236,#7237,#7238,#7239,#7240),
 .UNSPECIFIED.,.F.,.F.,(4,1,4),(0.,0.0909760448787288,0.155534749184825),
 .UNSPECIFIED.);
#98=B_SPLINE_CURVE_WITH_KNOTS('',3,(#7243,#7244,#7245,#7246,#7247),
 .UNSPECIFIED.,.F.,.F.,(4,1,4),(0.,0.0909760448787288,0.155534749184825),
 .UNSPECIFIED.);
#99=B_SPLINE_SURFACE_WITH_KNOTS('',3,1,((#6467,#6468),(#6469,#6470),(#6471,
#6472),(#6473,#6474),(#6475,#6476)),.UNSPECIFIED.,.F.,.F.,.F.,(4,1,4),(2,
2),(0.,0.132921379101219,0.265526082617212),(0.,0.1),.UNSPECIFIED.);
#100=B_SPLINE_SURFACE_WITH_KNOTS('',3,1,((#6493,#6494),(#6495,#6496),(#6497,
#6498),(#6499,#6500),(#6501,#6502)),.UNSPECIFIED.,.F.,.F.,.F.,(4,1,4),(2,
2),(0.,0.0923318709990238,0.18721191934274),(0.,0.1),.UNSPECIFIED.);
#101=B_SPLINE_SURFACE_WITH_KNOTS('',3,1,((#6516,#6517),(#6518,#6519),(#6520,
#6521),(#6522,#6523),(#6524,#6525)),.UNSPECIFIED.,.F.,.F.,.F.,(4,1,4),(2,
2),(0.,0.0954796106306553,0.187853239288426),(0.,0.1),.UNSPECIFIED.);
#102=B_SPLINE_SURFACE_WITH_KNOTS('',3,1,((#6539,#6540),(#6541,#6542),(#6543,
#6544),(#6545,#6546),(#6547,#6548)),.UNSPECIFIED.,.F.,.F.,.F.,(4,1,4),(2,
2),(0.,0.114806367871394,0.21836338838731),(0.,0.1),.UNSPECIFIED.);
#103=B_SPLINE_SURFACE_WITH_KNOTS('',3,1,((#6562,#6563),(#6564,#6565),(#6566,
#6567),(#6568,#6569),(#6570,#6571)),.UNSPECIFIED.,.F.,.F.,.F.,(4,1,4),(2,
2),(0.,0.146223121857995,0.318960490120343),(0.,0.1),.UNSPECIFIED.);
#104=B_SPLINE_SURFACE_WITH_KNOTS('',3,1,((#6585,#6586),(#6587,#6588),(#6589,
#6590),(#6591,#6592),(#6593,#6594)),.UNSPECIFIED.,.F.,.F.,.F.,(4,1,4),(2,
2),(0.,0.138679245916948,0.27376993695661),(0.,0.1),.UNSPECIFIED.);
#105=B_SPLINE_SURFACE_WITH_KNOTS('',3,1,((#6608,#6609),(#6610,#6611),(#6612,
#6613),(#6614,#6615),(#6616,#6617)),.UNSPECIFIED.,.F.,.F.,.F.,(4,1,4),(2,
2),(0.,0.134505517255938,0.27129442281279),(0.,0.1),.UNSPECIFIED.);
#106=B_SPLINE_SURFACE_WITH_KNOTS('',3,1,((#6631,#6632),(#6633,#6634),(#6635,
#6636),(#6637,#6638),(#6639,#6640)),.UNSPECIFIED.,.F.,.F.,.F.,(4,1,4),(2,
2),(0.,0.163396283522652,0.306558120700729),(0.,0.1),.UNSPECIFIED.);
#107=B_SPLINE_SURFACE_WITH_KNOTS('',3,1,((#6654,#6655),(#6656,#6657),(#6658,
#6659),(#6660,#6661),(#6662,#6663)),.UNSPECIFIED.,.F.,.F.,.F.,(4,1,4),(2,
2),(0.,0.149568347542846,0.344687340137589),(0.,0.1),.UNSPECIFIED.);
#108=B_SPLINE_SURFACE_WITH_KNOTS('',3,1,((#6674,#6675),(#6676,#6677),(#6678,
#6679),(#6680,#6681),(#6682,#6683)),.UNSPECIFIED.,.F.,.F.,.F.,(4,1,4),(2,
2),(0.,0.126706370691783,0.253794165669727),(0.,0.1),.UNSPECIFIED.);
#109=B_SPLINE_SURFACE_WITH_KNOTS('',3,1,((#6700,#6701),(#6702,#6703),(#6704,
#6705),(#6706,#6707),(#6708,#6709)),.UNSPECIFIED.,.F.,.F.,.F.,(4,1,4),(2,
2),(0.,0.134780227889705,0.264026824516906),(0.,0.1),.UNSPECIFIED.);
#110=B_SPLINE_SURFACE_WITH_KNOTS('',3,1,((#6723,#6724),(#6725,#6726),(#6727,
#6728),(#6729,#6730),(#6731,#6732)),.UNSPECIFIED.,.F.,.F.,.F.,(4,1,4),(2,
2),(0.,0.125813991134476,0.252609309873775),(0.,0.1),.UNSPECIFIED.);
#111=B_SPLINE_SURFACE_WITH_KNOTS('',3,1,((#6746,#6747),(#6748,#6749),(#6750,
#6751),(#6752,#6753),(#6754,#6755)),.UNSPECIFIED.,.F.,.F.,.F.,(4,1,4),(2,
2),(0.,0.128948311427389,0.254550865391532),(0.,0.1),.UNSPECIFIED.);
#112=B_SPLINE_SURFACE_WITH_KNOTS('',3,1,((#6769,#6770),(#6771,#6772),(#6773,
#6774),(#6775,#6776),(#6777,#6778)),.UNSPECIFIED.,.F.,.F.,.F.,(4,1,4),(2,
2),(0.,0.14491457957857,0.281009441840537),(0.,0.1),.UNSPECIFIED.);
#113=B_SPLINE_SURFACE_WITH_KNOTS('',3,1,((#6792,#6793),(#6794,#6795),(#6796,
#6797),(#6798,#6799),(#6800,#6801)),.UNSPECIFIED.,.F.,.F.,.F.,(4,1,4),(2,
2),(0.,0.133640191093531,0.276524603824069),(0.,0.1),.UNSPECIFIED.);
#114=B_SPLINE_SURFACE_WITH_KNOTS('',3,1,((#6815,#6816),(#6817,#6818),(#6819,
#6820),(#6821,#6822),(#6823,#6824)),.UNSPECIFIED.,.F.,.F.,.F.,(4,1,4),(2,
2),(0.,0.125987211513296,0.25329215269798),(0.,0.1),.UNSPECIFIED.);
#115=B_SPLINE_SURFACE_WITH_KNOTS('',3,1,((#6838,#6839),(#6840,#6841),(#6842,
#6843),(#6844,#6845),(#6846,#6847)),.UNSPECIFIED.,.F.,.F.,.F.,(4,1,4),(2,
2),(0.,0.132685823402027,0.260703780941156),(0.,0.1),.UNSPECIFIED.);
#116=B_SPLINE_SURFACE_WITH_KNOTS('',3,1,((#6861,#6862),(#6863,#6864),(#6865,
#6866),(#6867,#6868),(#6869,#6870)),.UNSPECIFIED.,.F.,.F.,.F.,(4,1,4),(2,
2),(0.,0.186043009296138,0.381264360434331),(0.,0.1),.UNSPECIFIED.);
#117=B_SPLINE_SURFACE_WITH_KNOTS('',3,1,((#6884,#6885),(#6886,#6887),(#6888,
#6889),(#6890,#6891),(#6892,#6893)),.UNSPECIFIED.,.F.,.F.,.F.,(4,1,4),(2,
2),(0.,0.224450108900283,0.420003839053806),(0.,0.1),.UNSPECIFIED.);
#118=B_SPLINE_SURFACE_WITH_KNOTS('',3,1,((#6907,#6908),(#6909,#6910),(#6911,
#6912),(#6913,#6914),(#6915,#6916)),.UNSPECIFIED.,.F.,.F.,.F.,(4,1,4),(2,
2),(0.,0.128799446618325,0.257837121174557),(0.,0.1),.UNSPECIFIED.);
#119=B_SPLINE_SURFACE_WITH_KNOTS('',3,1,((#6937,#6938),(#6939,#6940),(#6941,
#6942),(#6943,#6944),(#6945,#6946)),.UNSPECIFIED.,.F.,.F.,.F.,(4,1,4),(2,
2),(0.,0.0655599934472723,0.120946106850338),(0.,0.1),.UNSPECIFIED.);
#120=B_SPLINE_SURFACE_WITH_KNOTS('',3,1,((#6960,#6961),(#6962,#6963),(#6964,
#6965),(#6966,#6967),(#6968,#6969)),.UNSPECIFIED.,.F.,.F.,.F.,(4,1,4),(2,
2),(0.,0.0799283891462182,0.121454238581384),(0.,0.1),.UNSPECIFIED.);
#121=B_SPLINE_SURFACE_WITH_KNOTS('',3,1,((#7013,#7014),(#7015,#7016),(#7017,
#7018),(#7019,#7020),(#7021,#7022)),.UNSPECIFIED.,.F.,.F.,.F.,(4,1,4),(2,
2),(0.,0.104157286698919,0.223238189514152),(0.,0.1),.UNSPECIFIED.);
#122=B_SPLINE_SURFACE_WITH_KNOTS('',3,1,((#7036,#7037),(#7038,#7039),(#7040,
#7041),(#7042,#7043),(#7044,#7045)),.UNSPECIFIED.,.F.,.F.,.F.,(4,1,4),(2,
2),(0.,0.188437949694141,0.362671352263969),(0.,0.1),.UNSPECIFIED.);
#123=B_SPLINE_SURFACE_WITH_KNOTS('',3,1,((#7077,#7078),(#7079,#7080),(#7081,
#7082),(#7083,#7084),(#7085,#7086)),.UNSPECIFIED.,.F.,.F.,.F.,(4,1,4),(2,
2),(0.,0.129959009310871,0.190261997184444),(0.,0.1),.UNSPECIFIED.);
#124=B_SPLINE_SURFACE_WITH_KNOTS('',3,1,((#7100,#7101),(#7102,#7103),(#7104,
#7105),(#7106,#7107),(#7108,#7109)),.UNSPECIFIED.,.F.,.F.,.F.,(4,1,4),(2,
2),(0.,0.105172737029485,0.208987465968803),(0.,0.1),.UNSPECIFIED.);
#125=B_SPLINE_SURFACE_WITH_KNOTS('',3,1,((#7202,#7203),(#7204,#7205),(#7206,
#7207),(#7208,#7209),(#7210,#7211)),.UNSPECIFIED.,.F.,.F.,.F.,(4,1,4),(2,
2),(0.,0.070808602073082,0.168902438849487),(0.,0.1),.UNSPECIFIED.);
#126=B_SPLINE_SURFACE_WITH_KNOTS('',3,1,((#7225,#7226),(#7227,#7228),(#7229,
#7230),(#7231,#7232),(#7233,#7234)),.UNSPECIFIED.,.F.,.F.,.F.,(4,1,4),(2,
2),(0.,0.0909760448787288,0.155534749184825),(0.,0.1),.UNSPECIFIED.);
#127=SHAPE_REPRESENTATION_RELATIONSHIP('SRR','None',#7743,#130);
#128=SHAPE_REPRESENTATION_RELATIONSHIP('SRR','None',#7744,#131);
#129=SHAPE_REPRESENTATION_RELATIONSHIP('SRR','None',#7745,#132);
#130=ADVANCED_BREP_SHAPE_REPRESENTATION('',(#136),#7712);
#131=ADVANCED_BREP_SHAPE_REPRESENTATION('',(#137),#7713);
#132=ADVANCED_BREP_SHAPE_REPRESENTATION('',(#138),#7714);
#133=STYLED_ITEM('',(#7774),#136);
#134=STYLED_ITEM('',(#7774),#137);
#135=STYLED_ITEM('',(#7774),#138);
#136=MANIFOLD_SOLID_BREP('Body1',#4553);
#137=MANIFOLD_SOLID_BREP('Body1',#4554);
#138=MANIFOLD_SOLID_BREP('Body1',#4555);
#139=FACE_BOUND('',#531,.T.);
#140=FACE_BOUND('',#542,.T.);
#141=FACE_BOUND('',#544,.T.);
#142=FACE_BOUND('',#550,.T.);
#143=FACE_BOUND('',#553,.T.);
#144=FACE_BOUND('',#604,.T.);
#145=FACE_BOUND('',#605,.T.);
#146=FACE_BOUND('',#606,.T.);
#147=FACE_BOUND('',#607,.T.);
#148=FACE_BOUND('',#608,.T.);
#149=FACE_BOUND('',#609,.T.);
#150=FACE_BOUND('',#614,.T.);
#151=FACE_BOUND('',#615,.T.);
#152=FACE_BOUND('',#616,.T.);
#153=FACE_BOUND('',#617,.T.);
#154=FACE_BOUND('',#618,.T.);
#155=FACE_BOUND('',#619,.T.);
#156=FACE_BOUND('',#623,.T.);
#157=FACE_BOUND('',#625,.T.);
#158=FACE_BOUND('',#660,.T.);
#159=FACE_BOUND('',#705,.T.);
#160=FACE_BOUND('',#727,.T.);
#161=FACE_BOUND('',#729,.T.);
#162=FACE_BOUND('',#730,.T.);
#163=FACE_BOUND('',#731,.T.);
#164=FACE_BOUND('',#732,.T.);
#165=FACE_BOUND('',#733,.T.);
#166=FACE_BOUND('',#734,.T.);
#167=FACE_BOUND('',#735,.T.);
#168=FACE_BOUND('',#757,.T.);
#169=FACE_BOUND('',#758,.T.);
#170=FACE_BOUND('',#759,.T.);
#171=FACE_BOUND('',#760,.T.);
#172=FACE_BOUND('',#761,.T.);
#173=FACE_BOUND('',#762,.T.);
#174=FACE_BOUND('',#763,.T.);
#175=FACE_BOUND('',#766,.T.);
#176=FACE_BOUND('',#767,.T.);
#177=FACE_BOUND('',#768,.T.);
#178=FACE_BOUND('',#769,.T.);
#179=FACE_BOUND('',#771,.T.);
#180=FACE_BOUND('',#773,.T.);
#181=FACE_BOUND('',#776,.T.);
#182=FACE_BOUND('',#777,.T.);
#183=FACE_BOUND('',#778,.T.);
#184=FACE_BOUND('',#779,.T.);
#185=FACE_BOUND('',#780,.T.);
#186=FACE_BOUND('',#781,.T.);
#187=FACE_BOUND('',#782,.T.);
#188=FACE_BOUND('',#783,.T.);
#189=FACE_BOUND('',#784,.T.);
#190=FACE_BOUND('',#785,.T.);
#191=FACE_BOUND('',#786,.T.);
#192=FACE_BOUND('',#797,.T.);
#193=FACE_BOUND('',#800,.T.);
#194=FACE_BOUND('',#801,.T.);
#195=FACE_BOUND('',#802,.T.);
#196=FACE_BOUND('',#803,.T.);
#197=FACE_BOUND('',#804,.T.);
#198=FACE_BOUND('',#805,.T.);
#199=FACE_BOUND('',#806,.T.);
#200=FACE_BOUND('',#807,.T.);
#201=FACE_BOUND('',#808,.T.);
#202=FACE_BOUND('',#809,.T.);
#203=FACE_BOUND('',#810,.T.);
#204=CIRCLE('',#4596,1.81287351407792);
#205=CIRCLE('',#4597,1.81287351407792);
#206=CIRCLE('',#4600,3.66378351305948);
#207=CIRCLE('',#4601,3.66378351305948);
#208=CIRCLE('',#4603,1.25);
#209=CIRCLE('',#4605,1.25);
#210=CIRCLE('',#4608,6.);
#211=CIRCLE('',#4609,6.);
#212=CIRCLE('',#4612,6.);
#213=CIRCLE('',#4613,6.);
#214=CIRCLE('',#4616,3.);
#215=CIRCLE('',#4617,3.);
#216=CIRCLE('',#4620,3.);
#217=CIRCLE('',#4621,3.);
#218=CIRCLE('',#4626,1.5);
#219=CIRCLE('',#4627,1.5);
#220=CIRCLE('',#4629,1.5);
#221=CIRCLE('',#4630,1.5);
#222=CIRCLE('',#4739,1.5);
#223=CIRCLE('',#4740,1.5);
#224=CIRCLE('',#4742,1.5);
#225=CIRCLE('',#4743,1.5);
#226=CIRCLE('',#4749,3.00000000000002);
#227=CIRCLE('',#4750,3.00000000000002);
#228=CIRCLE('',#4751,2.99999999999999);
#229=CIRCLE('',#4752,2.99999999999998);
#230=CIRCLE('',#4754,2.5);
#231=CIRCLE('',#4755,2.5);
#232=CIRCLE('',#4757,2.5);
#233=CIRCLE('',#4758,2.5);
#234=CIRCLE('',#4765,2.5);
#235=CIRCLE('',#4766,2.5);
#236=CIRCLE('',#4768,2.5);
#237=CIRCLE('',#4770,2.5);
#238=CIRCLE('',#4771,2.5);
#239=CIRCLE('',#4772,2.5);
#240=CIRCLE('',#4774,2.5);
#241=CIRCLE('',#4775,2.5);
#242=CIRCLE('',#4777,2.5);
#243=CIRCLE('',#4778,2.5);
#244=CIRCLE('',#4780,2.5);
#245=CIRCLE('',#4781,2.5);
#246=CIRCLE('',#4788,2.5);
#247=CIRCLE('',#4790,2.5);
#248=CIRCLE('',#4791,2.5);
#249=CIRCLE('',#4792,2.5);
#250=CIRCLE('',#4796,2.5);
#251=CIRCLE('',#4797,2.5);
#252=CIRCLE('',#4809,2.5);
#253=CIRCLE('',#4810,2.5);
#254=CIRCLE('',#4812,2.5);
#255=CIRCLE('',#4814,2.5);
#256=CIRCLE('',#4815,2.5);
#257=CIRCLE('',#4816,2.5);
#258=CIRCLE('',#4818,2.5);
#259=CIRCLE('',#4819,2.5);
#260=CIRCLE('',#4821,2.5);
#261=CIRCLE('',#4822,2.5);
#262=CIRCLE('',#4824,2.5);
#263=CIRCLE('',#4825,2.5);
#264=CIRCLE('',#4827,2.5);
#265=CIRCLE('',#4828,2.5);
#266=CIRCLE('',#4830,2.5);
#267=CIRCLE('',#4832,2.5);
#268=CIRCLE('',#4833,2.5);
#269=CIRCLE('',#4834,2.5);
#270=CIRCLE('',#4838,2.99999999999999);
#271=CIRCLE('',#4839,3.00000000000002);
#272=CIRCLE('',#4840,3.00000000000002);
#273=CIRCLE('',#4841,2.99999999999998);
#274=CYLINDRICAL_SURFACE('',#4595,1.81287351407792);
#275=CYLINDRICAL_SURFACE('',#4599,3.66378351305947);
#276=CYLINDRICAL_SURFACE('',#4604,1.25);
#277=CYLINDRICAL_SURFACE('',#4607,6.);
#278=CYLINDRICAL_SURFACE('',#4611,6.);
#279=CYLINDRICAL_SURFACE('',#4615,3.);
#280=CYLINDRICAL_SURFACE('',#4619,3.);
#281=CYLINDRICAL_SURFACE('',#4625,1.5);
#282=CYLINDRICAL_SURFACE('',#4628,1.5);
#283=CYLINDRICAL_SURFACE('',#4738,1.5);
#284=CYLINDRICAL_SURFACE('',#4741,1.5);
#285=CYLINDRICAL_SURFACE('',#4753,2.5);
#286=CYLINDRICAL_SURFACE('',#4756,2.5);
#287=CYLINDRICAL_SURFACE('',#4764,2.5);
#288=CYLINDRICAL_SURFACE('',#4769,2.5);
#289=CYLINDRICAL_SURFACE('',#4773,2.5);
#290=CYLINDRICAL_SURFACE('',#4776,2.5);
#291=CYLINDRICAL_SURFACE('',#4779,2.5);
#292=CYLINDRICAL_SURFACE('',#4789,2.5);
#293=CYLINDRICAL_SURFACE('',#4795,2.5);
#294=CYLINDRICAL_SURFACE('',#4808,2.5);
#295=CYLINDRICAL_SURFACE('',#4813,2.5);
#296=CYLINDRICAL_SURFACE('',#4817,2.5);
#297=CYLINDRICAL_SURFACE('',#4820,2.5);
#298=CYLINDRICAL_SURFACE('',#4823,2.5);
#299=CYLINDRICAL_SURFACE('',#4826,2.5);
#300=CYLINDRICAL_SURFACE('',#4831,2.5);
#301=CYLINDRICAL_SURFACE('',#4844,2.99999999999998);
#302=CYLINDRICAL_SURFACE('',#4846,2.99999999999999);
#303=CYLINDRICAL_SURFACE('',#4856,3.00000000000002);
#304=CYLINDRICAL_SURFACE('',#4858,3.00000000000002);
#305=FACE_OUTER_BOUND('',#526,.T.);
#306=FACE_OUTER_BOUND('',#527,.T.);
#307=FACE_OUTER_BOUND('',#528,.T.);
#308=FACE_OUTER_BOUND('',#529,.T.);
#309=FACE_OUTER_BOUND('',#530,.T.);
#310=FACE_OUTER_BOUND('',#532,.T.);
#311=FACE_OUTER_BOUND('',#533,.T.);
#312=FACE_OUTER_BOUND('',#534,.T.);
#313=FACE_OUTER_BOUND('',#535,.T.);
#314=FACE_OUTER_BOUND('',#536,.T.);
#315=FACE_OUTER_BOUND('',#537,.T.);
#316=FACE_OUTER_BOUND('',#538,.T.);
#317=FACE_OUTER_BOUND('',#539,.T.);
#318=FACE_OUTER_BOUND('',#540,.T.);
#319=FACE_OUTER_BOUND('',#541,.T.);
#320=FACE_OUTER_BOUND('',#543,.T.);
#321=FACE_OUTER_BOUND('',#545,.T.);
#322=FACE_OUTER_BOUND('',#546,.T.);
#323=FACE_OUTER_BOUND('',#547,.T.);
#324=FACE_OUTER_BOUND('',#548,.T.);
#325=FACE_OUTER_BOUND('',#549,.T.);
#326=FACE_OUTER_BOUND('',#551,.T.);
#327=FACE_OUTER_BOUND('',#552,.T.);
#328=FACE_OUTER_BOUND('',#554,.T.);
#329=FACE_OUTER_BOUND('',#555,.T.);
#330=FACE_OUTER_BOUND('',#556,.T.);
#331=FACE_OUTER_BOUND('',#557,.T.);
#332=FACE_OUTER_BOUND('',#558,.T.);
#333=FACE_OUTER_BOUND('',#559,.T.);
#334=FACE_OUTER_BOUND('',#560,.T.);
#335=FACE_OUTER_BOUND('',#561,.T.);
#336=FACE_OUTER_BOUND('',#562,.T.);
#337=FACE_OUTER_BOUND('',#563,.T.);
#338=FACE_OUTER_BOUND('',#564,.T.);
#339=FACE_OUTER_BOUND('',#565,.T.);
#340=FACE_OUTER_BOUND('',#566,.T.);
#341=FACE_OUTER_BOUND('',#567,.T.);
#342=FACE_OUTER_BOUND('',#568,.T.);
#343=FACE_OUTER_BOUND('',#569,.T.);
#344=FACE_OUTER_BOUND('',#570,.T.);
#345=FACE_OUTER_BOUND('',#571,.T.);
#346=FACE_OUTER_BOUND('',#572,.T.);
#347=FACE_OUTER_BOUND('',#573,.T.);
#348=FACE_OUTER_BOUND('',#574,.T.);
#349=FACE_OUTER_BOUND('',#575,.T.);
#350=FACE_OUTER_BOUND('',#576,.T.);
#351=FACE_OUTER_BOUND('',#577,.T.);
#352=FACE_OUTER_BOUND('',#578,.T.);
#353=FACE_OUTER_BOUND('',#579,.T.);
#354=FACE_OUTER_BOUND('',#580,.T.);
#355=FACE_OUTER_BOUND('',#581,.T.);
#356=FACE_OUTER_BOUND('',#582,.T.);
#357=FACE_OUTER_BOUND('',#583,.T.);
#358=FACE_OUTER_BOUND('',#584,.T.);
#359=FACE_OUTER_BOUND('',#585,.T.);
#360=FACE_OUTER_BOUND('',#586,.T.);
#361=FACE_OUTER_BOUND('',#587,.T.);
#362=FACE_OUTER_BOUND('',#588,.T.);
#363=FACE_OUTER_BOUND('',#589,.T.);
#364=FACE_OUTER_BOUND('',#590,.T.);
#365=FACE_OUTER_BOUND('',#591,.T.);
#366=FACE_OUTER_BOUND('',#592,.T.);
#367=FACE_OUTER_BOUND('',#593,.T.);
#368=FACE_OUTER_BOUND('',#594,.T.);
#369=FACE_OUTER_BOUND('',#595,.T.);
#370=FACE_OUTER_BOUND('',#596,.T.);
#371=FACE_OUTER_BOUND('',#597,.T.);
#372=FACE_OUTER_BOUND('',#598,.T.);
#373=FACE_OUTER_BOUND('',#599,.T.);
#374=FACE_OUTER_BOUND('',#600,.T.);
#375=FACE_OUTER_BOUND('',#601,.T.);
#376=FACE_OUTER_BOUND('',#602,.T.);
#377=FACE_OUTER_BOUND('',#603,.T.);
#378=FACE_OUTER_BOUND('',#610,.T.);
#379=FACE_OUTER_BOUND('',#611,.T.);
#380=FACE_OUTER_BOUND('',#612,.T.);
#381=FACE_OUTER_BOUND('',#613,.T.);
#382=FACE_OUTER_BOUND('',#620,.T.);
#383=FACE_OUTER_BOUND('',#621,.T.);
#384=FACE_OUTER_BOUND('',#622,.T.);
#385=FACE_OUTER_BOUND('',#624,.T.);
#386=FACE_OUTER_BOUND('',#626,.T.);
#387=FACE_OUTER_BOUND('',#627,.T.);
#388=FACE_OUTER_BOUND('',#628,.T.);
#389=FACE_OUTER_BOUND('',#629,.T.);
#390=FACE_OUTER_BOUND('',#630,.T.);
#391=FACE_OUTER_BOUND('',#631,.T.);
#392=FACE_OUTER_BOUND('',#632,.T.);
#393=FACE_OUTER_BOUND('',#633,.T.);
#394=FACE_OUTER_BOUND('',#634,.T.);
#395=FACE_OUTER_BOUND('',#635,.T.);
#396=FACE_OUTER_BOUND('',#636,.T.);
#397=FACE_OUTER_BOUND('',#637,.T.);
#398=FACE_OUTER_BOUND('',#638,.T.);
#399=FACE_OUTER_BOUND('',#639,.T.);
#400=FACE_OUTER_BOUND('',#640,.T.);
#401=FACE_OUTER_BOUND('',#641,.T.);
#402=FACE_OUTER_BOUND('',#642,.T.);
#403=FACE_OUTER_BOUND('',#643,.T.);
#404=FACE_OUTER_BOUND('',#644,.T.);
#405=FACE_OUTER_BOUND('',#645,.T.);
#406=FACE_OUTER_BOUND('',#646,.T.);
#407=FACE_OUTER_BOUND('',#647,.T.);
#408=FACE_OUTER_BOUND('',#648,.T.);
#409=FACE_OUTER_BOUND('',#649,.T.);
#410=FACE_OUTER_BOUND('',#650,.T.);
#411=FACE_OUTER_BOUND('',#651,.T.);
#412=FACE_OUTER_BOUND('',#652,.T.);
#413=FACE_OUTER_BOUND('',#653,.T.);
#414=FACE_OUTER_BOUND('',#654,.T.);
#415=FACE_OUTER_BOUND('',#655,.T.);
#416=FACE_OUTER_BOUND('',#656,.T.);
#417=FACE_OUTER_BOUND('',#657,.T.);
#418=FACE_OUTER_BOUND('',#658,.T.);
#419=FACE_OUTER_BOUND('',#659,.T.);
#420=FACE_OUTER_BOUND('',#661,.T.);
#421=FACE_OUTER_BOUND('',#662,.T.);
#422=FACE_OUTER_BOUND('',#663,.T.);
#423=FACE_OUTER_BOUND('',#664,.T.);
#424=FACE_OUTER_BOUND('',#665,.T.);
#425=FACE_OUTER_BOUND('',#666,.T.);
#426=FACE_OUTER_BOUND('',#667,.T.);
#427=FACE_OUTER_BOUND('',#668,.T.);
#428=FACE_OUTER_BOUND('',#669,.T.);
#429=FACE_OUTER_BOUND('',#670,.T.);
#430=FACE_OUTER_BOUND('',#671,.T.);
#431=FACE_OUTER_BOUND('',#672,.T.);
#432=FACE_OUTER_BOUND('',#673,.T.);
#433=FACE_OUTER_BOUND('',#674,.T.);
#434=FACE_OUTER_BOUND('',#675,.T.);
#435=FACE_OUTER_BOUND('',#676,.T.);
#436=FACE_OUTER_BOUND('',#677,.T.);
#437=FACE_OUTER_BOUND('',#678,.T.);
#438=FACE_OUTER_BOUND('',#679,.T.);
#439=FACE_OUTER_BOUND('',#680,.T.);
#440=FACE_OUTER_BOUND('',#681,.T.);
#441=FACE_OUTER_BOUND('',#682,.T.);
#442=FACE_OUTER_BOUND('',#683,.T.);
#443=FACE_OUTER_BOUND('',#684,.T.);
#444=FACE_OUTER_BOUND('',#685,.T.);
#445=FACE_OUTER_BOUND('',#686,.T.);
#446=FACE_OUTER_BOUND('',#687,.T.);
#447=FACE_OUTER_BOUND('',#688,.T.);
#448=FACE_OUTER_BOUND('',#689,.T.);
#449=FACE_OUTER_BOUND('',#690,.T.);
#450=FACE_OUTER_BOUND('',#691,.T.);
#451=FACE_OUTER_BOUND('',#692,.T.);
#452=FACE_OUTER_BOUND('',#693,.T.);
#453=FACE_OUTER_BOUND('',#694,.T.);
#454=FACE_OUTER_BOUND('',#695,.T.);
#455=FACE_OUTER_BOUND('',#696,.T.);
#456=FACE_OUTER_BOUND('',#697,.T.);
#457=FACE_OUTER_BOUND('',#698,.T.);
#458=FACE_OUTER_BOUND('',#699,.T.);
#459=FACE_OUTER_BOUND('',#700,.T.);
#460=FACE_OUTER_BOUND('',#701,.T.);
#461=FACE_OUTER_BOUND('',#702,.T.);
#462=FACE_OUTER_BOUND('',#703,.T.);
#463=FACE_OUTER_BOUND('',#704,.T.);
#464=FACE_OUTER_BOUND('',#706,.T.);
#465=FACE_OUTER_BOUND('',#707,.T.);
#466=FACE_OUTER_BOUND('',#708,.T.);
#467=FACE_OUTER_BOUND('',#709,.T.);
#468=FACE_OUTER_BOUND('',#710,.T.);
#469=FACE_OUTER_BOUND('',#711,.T.);
#470=FACE_OUTER_BOUND('',#712,.T.);
#471=FACE_OUTER_BOUND('',#713,.T.);
#472=FACE_OUTER_BOUND('',#714,.T.);
#473=FACE_OUTER_BOUND('',#715,.T.);
#474=FACE_OUTER_BOUND('',#716,.T.);
#475=FACE_OUTER_BOUND('',#717,.T.);
#476=FACE_OUTER_BOUND('',#718,.T.);
#477=FACE_OUTER_BOUND('',#719,.T.);
#478=FACE_OUTER_BOUND('',#720,.T.);
#479=FACE_OUTER_BOUND('',#721,.T.);
#480=FACE_OUTER_BOUND('',#722,.T.);
#481=FACE_OUTER_BOUND('',#723,.T.);
#482=FACE_OUTER_BOUND('',#724,.T.);
#483=FACE_OUTER_BOUND('',#725,.T.);
#484=FACE_OUTER_BOUND('',#726,.T.);
#485=FACE_OUTER_BOUND('',#728,.T.);
#486=FACE_OUTER_BOUND('',#736,.T.);
#487=FACE_OUTER_BOUND('',#737,.T.);
#488=FACE_OUTER_BOUND('',#738,.T.);
#489=FACE_OUTER_BOUND('',#739,.T.);
#490=FACE_OUTER_BOUND('',#740,.T.);
#491=FACE_OUTER_BOUND('',#741,.T.);
#492=FACE_OUTER_BOUND('',#742,.T.);
#493=FACE_OUTER_BOUND('',#743,.T.);
#494=FACE_OUTER_BOUND('',#744,.T.);
#495=FACE_OUTER_BOUND('',#745,.T.);
#496=FACE_OUTER_BOUND('',#746,.T.);
#497=FACE_OUTER_BOUND('',#747,.T.);
#498=FACE_OUTER_BOUND('',#748,.T.);
#499=FACE_OUTER_BOUND('',#749,.T.);
#500=FACE_OUTER_BOUND('',#750,.T.);
#501=FACE_OUTER_BOUND('',#751,.T.);
#502=FACE_OUTER_BOUND('',#752,.T.);
#503=FACE_OUTER_BOUND('',#753,.T.);
#504=FACE_OUTER_BOUND('',#754,.T.);
#505=FACE_OUTER_BOUND('',#755,.T.);
#506=FACE_OUTER_BOUND('',#756,.T.);
#507=FACE_OUTER_BOUND('',#764,.T.);
#508=FACE_OUTER_BOUND('',#765,.T.);
#509=FACE_OUTER_BOUND('',#770,.T.);
#510=FACE_OUTER_BOUND('',#772,.T.);
#511=FACE_OUTER_BOUND('',#774,.T.);
#512=FACE_OUTER_BOUND('',#775,.T.);
#513=FACE_OUTER_BOUND('',#787,.T.);
#514=FACE_OUTER_BOUND('',#788,.T.);
#515=FACE_OUTER_BOUND('',#789,.T.);
#516=FACE_OUTER_BOUND('',#790,.T.);
#517=FACE_OUTER_BOUND('',#791,.T.);
#518=FACE_OUTER_BOUND('',#792,.T.);
#519=FACE_OUTER_BOUND('',#793,.T.);
#520=FACE_OUTER_BOUND('',#794,.T.);
#521=FACE_OUTER_BOUND('',#795,.T.);
#522=FACE_OUTER_BOUND('',#796,.T.);
#523=FACE_OUTER_BOUND('',#798,.T.);
#524=FACE_OUTER_BOUND('',#799,.T.);
#525=FACE_OUTER_BOUND('',#811,.T.);
#526=EDGE_LOOP('',(#2894,#2895,#2896,#2897));
#527=EDGE_LOOP('',(#2898,#2899,#2900,#2901));
#528=EDGE_LOOP('',(#2902,#2903,#2904,#2905));
#529=EDGE_LOOP('',(#2906,#2907,#2908,#2909));
#530=EDGE_LOOP('',(#2910,#2911,#2912,#2913));
#531=EDGE_LOOP('',(#2914));
#532=EDGE_LOOP('',(#2915,#2916,#2917,#2918));
#533=EDGE_LOOP('',(#2919,#2920,#2921,#2922));
#534=EDGE_LOOP('',(#2923,#2924,#2925,#2926));
#535=EDGE_LOOP('',(#2927,#2928,#2929,#2930));
#536=EDGE_LOOP('',(#2931,#2932,#2933,#2934));
#537=EDGE_LOOP('',(#2935,#2936,#2937,#2938));
#538=EDGE_LOOP('',(#2939,#2940,#2941,#2942));
#539=EDGE_LOOP('',(#2943,#2944,#2945,#2946));
#540=EDGE_LOOP('',(#2947,#2948,#2949,#2950));
#541=EDGE_LOOP('',(#2951,#2952,#2953,#2954,#2955,#2956,#2957,#2958));
#542=EDGE_LOOP('',(#2959));
#543=EDGE_LOOP('',(#2960,#2961,#2962,#2963,#2964,#2965,#2966,#2967));
#544=EDGE_LOOP('',(#2968,#2969,#2970,#2971));
#545=EDGE_LOOP('',(#2972,#2973,#2974,#2975));
#546=EDGE_LOOP('',(#2976,#2977,#2978,#2979));
#547=EDGE_LOOP('',(#2980,#2981,#2982,#2983,#2984,#2985,#2986,#2987));
#548=EDGE_LOOP('',(#2988,#2989,#2990,#2991));
#549=EDGE_LOOP('',(#2992,#2993,#2994,#2995,#2996,#2997,#2998,#2999));
#550=EDGE_LOOP('',(#3000));
#551=EDGE_LOOP('',(#3001,#3002,#3003,#3004,#3005,#3006,#3007,#3008));
#552=EDGE_LOOP('',(#3009,#3010,#3011,#3012,#3013,#3014,#3015,#3016));
#553=EDGE_LOOP('',(#3017));
#554=EDGE_LOOP('',(#3018,#3019,#3020,#3021,#3022,#3023,#3024,#3025,#3026,
#3027));
#555=EDGE_LOOP('',(#3028,#3029,#3030,#3031));
#556=EDGE_LOOP('',(#3032,#3033,#3034,#3035));
#557=EDGE_LOOP('',(#3036,#3037,#3038,#3039));
#558=EDGE_LOOP('',(#3040,#3041,#3042,#3043));
#559=EDGE_LOOP('',(#3044,#3045,#3046,#3047));
#560=EDGE_LOOP('',(#3048,#3049,#3050,#3051));
#561=EDGE_LOOP('',(#3052,#3053,#3054,#3055));
#562=EDGE_LOOP('',(#3056,#3057,#3058,#3059));
#563=EDGE_LOOP('',(#3060,#3061,#3062,#3063));
#564=EDGE_LOOP('',(#3064,#3065,#3066,#3067));
#565=EDGE_LOOP('',(#3068,#3069,#3070,#3071));
#566=EDGE_LOOP('',(#3072,#3073,#3074,#3075));
#567=EDGE_LOOP('',(#3076,#3077,#3078,#3079));
#568=EDGE_LOOP('',(#3080,#3081,#3082,#3083));
#569=EDGE_LOOP('',(#3084,#3085,#3086,#3087));
#570=EDGE_LOOP('',(#3088,#3089,#3090,#3091));
#571=EDGE_LOOP('',(#3092,#3093,#3094,#3095));
#572=EDGE_LOOP('',(#3096,#3097,#3098,#3099));
#573=EDGE_LOOP('',(#3100,#3101,#3102,#3103));
#574=EDGE_LOOP('',(#3104,#3105,#3106,#3107));
#575=EDGE_LOOP('',(#3108,#3109,#3110,#3111));
#576=EDGE_LOOP('',(#3112,#3113,#3114,#3115));
#577=EDGE_LOOP('',(#3116,#3117,#3118,#3119));
#578=EDGE_LOOP('',(#3120,#3121,#3122,#3123));
#579=EDGE_LOOP('',(#3124,#3125,#3126,#3127));
#580=EDGE_LOOP('',(#3128,#3129,#3130,#3131));
#581=EDGE_LOOP('',(#3132,#3133,#3134,#3135));
#582=EDGE_LOOP('',(#3136,#3137,#3138,#3139,#3140,#3141,#3142));
#583=EDGE_LOOP('',(#3143,#3144,#3145,#3146));
#584=EDGE_LOOP('',(#3147,#3148,#3149,#3150));
#585=EDGE_LOOP('',(#3151,#3152,#3153,#3154));
#586=EDGE_LOOP('',(#3155,#3156,#3157,#3158,#3159));
#587=EDGE_LOOP('',(#3160,#3161,#3162,#3163,#3164,#3165,#3166));
#588=EDGE_LOOP('',(#3167,#3168,#3169,#3170,#3171));
#589=EDGE_LOOP('',(#3172,#3173,#3174,#3175));
#590=EDGE_LOOP('',(#3176,#3177,#3178,#3179,#3180,#3181,#3182));
#591=EDGE_LOOP('',(#3183,#3184,#3185,#3186));
#592=EDGE_LOOP('',(#3187,#3188,#3189,#3190));
#593=EDGE_LOOP('',(#3191,#3192,#3193,#3194));
#594=EDGE_LOOP('',(#3195,#3196,#3197,#3198));
#595=EDGE_LOOP('',(#3199,#3200,#3201,#3202));
#596=EDGE_LOOP('',(#3203,#3204,#3205,#3206));
#597=EDGE_LOOP('',(#3207,#3208,#3209,#3210));
#598=EDGE_LOOP('',(#3211,#3212,#3213,#3214));
#599=EDGE_LOOP('',(#3215,#3216,#3217,#3218));
#600=EDGE_LOOP('',(#3219,#3220,#3221,#3222));
#601=EDGE_LOOP('',(#3223,#3224,#3225,#3226,#3227,#3228,#3229));
#602=EDGE_LOOP('',(#3230,#3231,#3232,#3233));
#603=EDGE_LOOP('',(#3234,#3235,#3236,#3237,#3238,#3239,#3240,#3241,#3242,
#3243,#3244,#3245));
#604=EDGE_LOOP('',(#3246,#3247,#3248,#3249));
#605=EDGE_LOOP('',(#3250,#3251,#3252,#3253,#3254));
#606=EDGE_LOOP('',(#3255,#3256,#3257,#3258));
#607=EDGE_LOOP('',(#3259,#3260,#3261,#3262));
#608=EDGE_LOOP('',(#3263,#3264,#3265,#3266));
#609=EDGE_LOOP('',(#3267,#3268,#3269,#3270));
#610=EDGE_LOOP('',(#3271,#3272,#3273,#3274,#3275,#3276));
#611=EDGE_LOOP('',(#3277,#3278,#3279,#3280,#3281,#3282));
#612=EDGE_LOOP('',(#3283,#3284,#3285,#3286));
#613=EDGE_LOOP('',(#3287,#3288,#3289,#3290,#3291,#3292,#3293,#3294,#3295,
#3296,#3297,#3298));
#614=EDGE_LOOP('',(#3299,#3300,#3301,#3302));
#615=EDGE_LOOP('',(#3303,#3304,#3305,#3306,#3307));
#616=EDGE_LOOP('',(#3308,#3309,#3310,#3311));
#617=EDGE_LOOP('',(#3312,#3313,#3314,#3315));
#618=EDGE_LOOP('',(#3316,#3317,#3318,#3319));
#619=EDGE_LOOP('',(#3320,#3321,#3322,#3323));
#620=EDGE_LOOP('',(#3324,#3325,#3326,#3327));
#621=EDGE_LOOP('',(#3328,#3329,#3330,#3331));
#622=EDGE_LOOP('',(#3332,#3333,#3334,#3335,#3336,#3337));
#623=EDGE_LOOP('',(#3338));
#624=EDGE_LOOP('',(#3339,#3340,#3341,#3342,#3343,#3344));
#625=EDGE_LOOP('',(#3345));
#626=EDGE_LOOP('',(#3346,#3347,#3348,#3349));
#627=EDGE_LOOP('',(#3350,#3351,#3352,#3353));
#628=EDGE_LOOP('',(#3354,#3355,#3356,#3357));
#629=EDGE_LOOP('',(#3358,#3359,#3360,#3361));
#630=EDGE_LOOP('',(#3362,#3363,#3364,#3365));
#631=EDGE_LOOP('',(#3366,#3367,#3368,#3369));
#632=EDGE_LOOP('',(#3370,#3371,#3372,#3373));
#633=EDGE_LOOP('',(#3374,#3375,#3376,#3377));
#634=EDGE_LOOP('',(#3378,#3379,#3380,#3381));
#635=EDGE_LOOP('',(#3382,#3383,#3384,#3385));
#636=EDGE_LOOP('',(#3386,#3387,#3388,#3389));
#637=EDGE_LOOP('',(#3390,#3391,#3392,#3393));
#638=EDGE_LOOP('',(#3394,#3395,#3396,#3397,#3398,#3399,#3400,#3401,#3402,
#3403,#3404,#3405));
#639=EDGE_LOOP('',(#3406,#3407,#3408,#3409));
#640=EDGE_LOOP('',(#3410,#3411,#3412,#3413));
#641=EDGE_LOOP('',(#3414,#3415,#3416,#3417));
#642=EDGE_LOOP('',(#3418,#3419,#3420,#3421));
#643=EDGE_LOOP('',(#3422,#3423,#3424,#3425));
#644=EDGE_LOOP('',(#3426,#3427,#3428,#3429));
#645=EDGE_LOOP('',(#3430,#3431,#3432,#3433));
#646=EDGE_LOOP('',(#3434,#3435,#3436,#3437));
#647=EDGE_LOOP('',(#3438,#3439,#3440,#3441));
#648=EDGE_LOOP('',(#3442,#3443,#3444,#3445));
#649=EDGE_LOOP('',(#3446,#3447,#3448,#3449));
#650=EDGE_LOOP('',(#3450,#3451,#3452,#3453));
#651=EDGE_LOOP('',(#3454,#3455,#3456,#3457));
#652=EDGE_LOOP('',(#3458,#3459,#3460,#3461));
#653=EDGE_LOOP('',(#3462,#3463,#3464,#3465));
#654=EDGE_LOOP('',(#3466,#3467,#3468,#3469));
#655=EDGE_LOOP('',(#3470,#3471,#3472,#3473));
#656=EDGE_LOOP('',(#3474,#3475,#3476,#3477));
#657=EDGE_LOOP('',(#3478,#3479,#3480,#3481));
#658=EDGE_LOOP('',(#3482,#3483,#3484,#3485));
#659=EDGE_LOOP('',(#3486,#3487,#3488,#3489,#3490,#3491,#3492,#3493,#3494,
#3495,#3496));
#660=EDGE_LOOP('',(#3497,#3498,#3499,#3500,#3501,#3502,#3503,#3504,#3505));
#661=EDGE_LOOP('',(#3506,#3507,#3508,#3509));
#662=EDGE_LOOP('',(#3510,#3511,#3512,#3513));
#663=EDGE_LOOP('',(#3514,#3515,#3516,#3517));
#664=EDGE_LOOP('',(#3518,#3519,#3520,#3521));
#665=EDGE_LOOP('',(#3522,#3523,#3524,#3525));
#666=EDGE_LOOP('',(#3526,#3527,#3528,#3529));
#667=EDGE_LOOP('',(#3530,#3531,#3532,#3533));
#668=EDGE_LOOP('',(#3534,#3535,#3536,#3537));
#669=EDGE_LOOP('',(#3538,#3539,#3540,#3541));
#670=EDGE_LOOP('',(#3542,#3543,#3544,#3545));
#671=EDGE_LOOP('',(#3546,#3547,#3548,#3549));
#672=EDGE_LOOP('',(#3550,#3551,#3552,#3553));
#673=EDGE_LOOP('',(#3554,#3555,#3556,#3557));
#674=EDGE_LOOP('',(#3558,#3559,#3560,#3561));
#675=EDGE_LOOP('',(#3562,#3563,#3564,#3565));
#676=EDGE_LOOP('',(#3566,#3567,#3568,#3569));
#677=EDGE_LOOP('',(#3570,#3571,#3572,#3573));
#678=EDGE_LOOP('',(#3574,#3575,#3576,#3577));
#679=EDGE_LOOP('',(#3578,#3579,#3580,#3581));
#680=EDGE_LOOP('',(#3582,#3583,#3584,#3585,#3586,#3587,#3588,#3589,#3590,
#3591,#3592,#3593,#3594,#3595,#3596,#3597,#3598,#3599,#3600));
#681=EDGE_LOOP('',(#3601,#3602,#3603,#3604));
#682=EDGE_LOOP('',(#3605,#3606,#3607,#3608));
#683=EDGE_LOOP('',(#3609,#3610,#3611,#3612));
#684=EDGE_LOOP('',(#3613,#3614,#3615,#3616));
#685=EDGE_LOOP('',(#3617,#3618,#3619,#3620));
#686=EDGE_LOOP('',(#3621,#3622,#3623,#3624));
#687=EDGE_LOOP('',(#3625,#3626,#3627,#3628));
#688=EDGE_LOOP('',(#3629,#3630,#3631,#3632));
#689=EDGE_LOOP('',(#3633,#3634,#3635,#3636));
#690=EDGE_LOOP('',(#3637,#3638,#3639,#3640));
#691=EDGE_LOOP('',(#3641,#3642,#3643,#3644));
#692=EDGE_LOOP('',(#3645,#3646,#3647,#3648));
#693=EDGE_LOOP('',(#3649,#3650,#3651,#3652));
#694=EDGE_LOOP('',(#3653,#3654,#3655,#3656));
#695=EDGE_LOOP('',(#3657,#3658,#3659,#3660));
#696=EDGE_LOOP('',(#3661,#3662,#3663,#3664,#3665,#3666,#3667,#3668,#3669,
#3670,#3671,#3672,#3673,#3674,#3675));
#697=EDGE_LOOP('',(#3676,#3677,#3678,#3679,#3680,#3681,#3682,#3683,#3684));
#698=EDGE_LOOP('',(#3685,#3686,#3687,#3688));
#699=EDGE_LOOP('',(#3689,#3690,#3691,#3692));
#700=EDGE_LOOP('',(#3693,#3694,#3695,#3696));
#701=EDGE_LOOP('',(#3697,#3698,#3699,#3700));
#702=EDGE_LOOP('',(#3701,#3702,#3703,#3704));
#703=EDGE_LOOP('',(#3705,#3706,#3707,#3708));
#704=EDGE_LOOP('',(#3709,#3710,#3711,#3712,#3713,#3714,#3715,#3716,#3717,
#3718,#3719,#3720));
#705=EDGE_LOOP('',(#3721,#3722,#3723,#3724));
#706=EDGE_LOOP('',(#3725,#3726,#3727,#3728));
#707=EDGE_LOOP('',(#3729,#3730,#3731,#3732));
#708=EDGE_LOOP('',(#3733,#3734,#3735,#3736));
#709=EDGE_LOOP('',(#3737,#3738,#3739,#3740,#3741,#3742));
#710=EDGE_LOOP('',(#3743,#3744,#3745,#3746));
#711=EDGE_LOOP('',(#3747,#3748,#3749,#3750,#3751,#3752));
#712=EDGE_LOOP('',(#3753,#3754,#3755,#3756));
#713=EDGE_LOOP('',(#3757,#3758,#3759,#3760));
#714=EDGE_LOOP('',(#3761,#3762));
#715=EDGE_LOOP('',(#3763,#3764,#3765,#3766,#3767,#3768,#3769,#3770));
#716=EDGE_LOOP('',(#3771,#3772,#3773,#3774));
#717=EDGE_LOOP('',(#3775,#3776,#3777,#3778));
#718=EDGE_LOOP('',(#3779,#3780,#3781,#3782));
#719=EDGE_LOOP('',(#3783,#3784,#3785,#3786));
#720=EDGE_LOOP('',(#3787,#3788,#3789,#3790,#3791,#3792));
#721=EDGE_LOOP('',(#3793,#3794,#3795,#3796));
#722=EDGE_LOOP('',(#3797,#3798,#3799,#3800,#3801,#3802));
#723=EDGE_LOOP('',(#3803,#3804,#3805,#3806));
#724=EDGE_LOOP('',(#3807,#3808));
#725=EDGE_LOOP('',(#3809,#3810,#3811,#3812,#3813,#3814,#3815,#3816));
#726=EDGE_LOOP('',(#3817,#3818,#3819,#3820,#3821,#3822,#3823,#3824,#3825,
#3826,#3827,#3828,#3829,#3830,#3831,#3832));
#727=EDGE_LOOP('',(#3833,#3834,#3835,#3836));
#728=EDGE_LOOP('',(#3837,#3838,#3839,#3840,#3841,#3842,#3843,#3844,#3845,
#3846,#3847,#3848,#3849,#3850,#3851,#3852,#3853,#3854));
#729=EDGE_LOOP('',(#3855));
#730=EDGE_LOOP('',(#3856));
#731=EDGE_LOOP('',(#3857));
#732=EDGE_LOOP('',(#3858));
#733=EDGE_LOOP('',(#3859));
#734=EDGE_LOOP('',(#3860));
#735=EDGE_LOOP('',(#3861));
#736=EDGE_LOOP('',(#3862,#3863,#3864,#3865));
#737=EDGE_LOOP('',(#3866,#3867,#3868,#3869));
#738=EDGE_LOOP('',(#3870,#3871,#3872,#3873,#3874));
#739=EDGE_LOOP('',(#3875,#3876,#3877,#3878));
#740=EDGE_LOOP('',(#3879,#3880,#3881,#3882,#3883));
#741=EDGE_LOOP('',(#3884,#3885,#3886,#3887));
#742=EDGE_LOOP('',(#3888,#3889,#3890,#3891));
#743=EDGE_LOOP('',(#3892,#3893,#3894,#3895,#3896));
#744=EDGE_LOOP('',(#3897,#3898,#3899,#3900));
#745=EDGE_LOOP('',(#3901,#3902,#3903,#3904,#3905));
#746=EDGE_LOOP('',(#3906,#3907,#3908,#3909));
#747=EDGE_LOOP('',(#3910,#3911,#3912,#3913));
#748=EDGE_LOOP('',(#3914,#3915));
#749=EDGE_LOOP('',(#3916,#3917,#3918,#3919,#3920,#3921));
#750=EDGE_LOOP('',(#3922,#3923,#3924,#3925));
#751=EDGE_LOOP('',(#3926,#3927,#3928,#3929));
#752=EDGE_LOOP('',(#3930,#3931,#3932,#3933));
#753=EDGE_LOOP('',(#3934,#3935,#3936,#3937));
#754=EDGE_LOOP('',(#3938,#3939));
#755=EDGE_LOOP('',(#3940,#3941,#3942,#3943,#3944,#3945));
#756=EDGE_LOOP('',(#3946,#3947,#3948,#3949,#3950,#3951,#3952,#3953,#3954,
#3955,#3956,#3957,#3958,#3959,#3960,#3961,#3962,#3963));
#757=EDGE_LOOP('',(#3964));
#758=EDGE_LOOP('',(#3965));
#759=EDGE_LOOP('',(#3966));
#760=EDGE_LOOP('',(#3967));
#761=EDGE_LOOP('',(#3968));
#762=EDGE_LOOP('',(#3969));
#763=EDGE_LOOP('',(#3970));
#764=EDGE_LOOP('',(#3971,#3972,#3973,#3974,#3975,#3976,#3977,#3978,#3979,
#3980,#3981,#3982,#3983,#3984,#3985,#3986));
#765=EDGE_LOOP('',(#3987,#3988,#3989,#3990,#3991,#3992,#3993,#3994));
#766=EDGE_LOOP('',(#3995,#3996,#3997,#3998,#3999,#4000,#4001,#4002,#4003,
#4004,#4005,#4006,#4007,#4008,#4009));
#767=EDGE_LOOP('',(#4010,#4011,#4012,#4013,#4014,#4015,#4016,#4017,#4018,
#4019,#4020,#4021,#4022,#4023,#4024,#4025,#4026,#4027,#4028));
#768=EDGE_LOOP('',(#4029,#4030,#4031,#4032,#4033,#4034,#4035,#4036,#4037,
#4038,#4039));
#769=EDGE_LOOP('',(#4040,#4041,#4042,#4043,#4044,#4045,#4046,#4047,#4048,
#4049,#4050,#4051));
#770=EDGE_LOOP('',(#4052,#4053,#4054,#4055));
#771=EDGE_LOOP('',(#4056,#4057,#4058,#4059));
#772=EDGE_LOOP('',(#4060,#4061,#4062,#4063,#4064,#4065,#4066,#4067));
#773=EDGE_LOOP('',(#4068,#4069,#4070,#4071));
#774=EDGE_LOOP('',(#4072,#4073,#4074,#4075));
#775=EDGE_LOOP('',(#4076,#4077,#4078,#4079));
#776=EDGE_LOOP('',(#4080));
#777=EDGE_LOOP('',(#4081,#4082,#4083,#4084));
#778=EDGE_LOOP('',(#4085,#4086,#4087,#4088));
#779=EDGE_LOOP('',(#4089));
#780=EDGE_LOOP('',(#4090));
#781=EDGE_LOOP('',(#4091));
#782=EDGE_LOOP('',(#4092));
#783=EDGE_LOOP('',(#4093));
#784=EDGE_LOOP('',(#4094));
#785=EDGE_LOOP('',(#4095));
#786=EDGE_LOOP('',(#4096));
#787=EDGE_LOOP('',(#4097,#4098,#4099,#4100));
#788=EDGE_LOOP('',(#4101,#4102,#4103,#4104));
#789=EDGE_LOOP('',(#4105,#4106,#4107,#4108));
#790=EDGE_LOOP('',(#4109,#4110,#4111,#4112));
#791=EDGE_LOOP('',(#4113,#4114,#4115,#4116));
#792=EDGE_LOOP('',(#4117,#4118,#4119,#4120));
#793=EDGE_LOOP('',(#4121,#4122,#4123,#4124));
#794=EDGE_LOOP('',(#4125,#4126,#4127,#4128));
#795=EDGE_LOOP('',(#4129,#4130,#4131,#4132));
#796=EDGE_LOOP('',(#4133,#4134,#4135,#4136));
#797=EDGE_LOOP('',(#4137,#4138,#4139,#4140));
#798=EDGE_LOOP('',(#4141,#4142,#4143,#4144));
#799=EDGE_LOOP('',(#4145,#4146,#4147,#4148));
#800=EDGE_LOOP('',(#4149));
#801=EDGE_LOOP('',(#4150));
#802=EDGE_LOOP('',(#4151,#4152,#4153,#4154));
#803=EDGE_LOOP('',(#4155));
#804=EDGE_LOOP('',(#4156));
#805=EDGE_LOOP('',(#4157));
#806=EDGE_LOOP('',(#4158));
#807=EDGE_LOOP('',(#4159));
#808=EDGE_LOOP('',(#4160,#4161,#4162,#4163));
#809=EDGE_LOOP('',(#4164));
#810=EDGE_LOOP('',(#4165));
#811=EDGE_LOOP('',(#4166,#4167,#4168,#4169));
#812=LINE('',#5940,#1324);
#813=LINE('',#5942,#1325);
#814=LINE('',#5944,#1326);
#815=LINE('',#5945,#1327);
#816=LINE('',#5950,#1328);
#817=LINE('',#5954,#1329);
#818=LINE('',#5956,#1330);
#819=LINE('',#5957,#1331);
#820=LINE('',#5967,#1332);
#821=LINE('',#5971,#1333);
#822=LINE('',#5973,#1334);
#823=LINE('',#5975,#1335);
#824=LINE('',#5976,#1336);
#825=LINE('',#5982,#1337);
#826=LINE('',#5985,#1338);
#827=LINE('',#5987,#1339);
#828=LINE('',#5988,#1340);
#829=LINE('',#5994,#1341);
#830=LINE('',#5997,#1342);
#831=LINE('',#5999,#1343);
#832=LINE('',#6000,#1344);
#833=LINE('',#6006,#1345);
#834=LINE('',#6009,#1346);
#835=LINE('',#6011,#1347);
#836=LINE('',#6012,#1348);
#837=LINE('',#6023,#1349);
#838=LINE('',#6029,#1350);
#839=LINE('',#6034,#1351);
#840=LINE('',#6036,#1352);
#841=LINE('',#6038,#1353);
#842=LINE('',#6040,#1354);
#843=LINE('',#6042,#1355);
#844=LINE('',#6044,#1356);
#845=LINE('',#6046,#1357);
#846=LINE('',#6047,#1358);
#847=LINE('',#6050,#1359);
#848=LINE('',#6052,#1360);
#849=LINE('',#6053,#1361);
#850=LINE('',#6056,#1362);
#851=LINE('',#6058,#1363);
#852=LINE('',#6060,#1364);
#853=LINE('',#6062,#1365);
#854=LINE('',#6064,#1366);
#855=LINE('',#6065,#1367);
#856=LINE('',#6068,#1368);
#857=LINE('',#6070,#1369);
#858=LINE('',#6072,#1370);
#859=LINE('',#6074,#1371);
#860=LINE('',#6076,#1372);
#861=LINE('',#6077,#1373);
#862=LINE('',#6080,#1374);
#863=LINE('',#6082,#1375);
#864=LINE('',#6084,#1376);
#865=LINE('',#6086,#1377);
#866=LINE('',#6088,#1378);
#867=LINE('',#6089,#1379);
#868=LINE('',#6092,#1380);
#869=LINE('',#6094,#1381);
#870=LINE('',#6096,#1382);
#871=LINE('',#6098,#1383);
#872=LINE('',#6100,#1384);
#873=LINE('',#6102,#1385);
#874=LINE('',#6104,#1386);
#875=LINE('',#6106,#1387);
#876=LINE('',#6107,#1388);
#877=LINE('',#6109,#1389);
#878=LINE('',#6113,#1390);
#879=LINE('',#6115,#1391);
#880=LINE('',#6117,#1392);
#881=LINE('',#6118,#1393);
#882=LINE('',#6121,#1394);
#883=LINE('',#6123,#1395);
#884=LINE('',#6124,#1396);
#885=LINE('',#6127,#1397);
#886=LINE('',#6129,#1398);
#887=LINE('',#6130,#1399);
#888=LINE('',#6132,#1400);
#889=LINE('',#6133,#1401);
#890=LINE('',#6137,#1402);
#891=LINE('',#6139,#1403);
#892=LINE('',#6141,#1404);
#893=LINE('',#6142,#1405);
#894=LINE('',#6145,#1406);
#895=LINE('',#6147,#1407);
#896=LINE('',#6148,#1408);
#897=LINE('',#6151,#1409);
#898=LINE('',#6153,#1410);
#899=LINE('',#6154,#1411);
#900=LINE('',#6156,#1412);
#901=LINE('',#6157,#1413);
#902=LINE('',#6161,#1414);
#903=LINE('',#6163,#1415);
#904=LINE('',#6165,#1416);
#905=LINE('',#6166,#1417);
#906=LINE('',#6169,#1418);
#907=LINE('',#6171,#1419);
#908=LINE('',#6172,#1420);
#909=LINE('',#6175,#1421);
#910=LINE('',#6177,#1422);
#911=LINE('',#6178,#1423);
#912=LINE('',#6180,#1424);
#913=LINE('',#6181,#1425);
#914=LINE('',#6185,#1426);
#915=LINE('',#6187,#1427);
#916=LINE('',#6189,#1428);
#917=LINE('',#6190,#1429);
#918=LINE('',#6193,#1430);
#919=LINE('',#6195,#1431);
#920=LINE('',#6196,#1432);
#921=LINE('',#6199,#1433);
#922=LINE('',#6201,#1434);
#923=LINE('',#6202,#1435);
#924=LINE('',#6204,#1436);
#925=LINE('',#6205,#1437);
#926=LINE('',#6209,#1438);
#927=LINE('',#6211,#1439);
#928=LINE('',#6213,#1440);
#929=LINE('',#6214,#1441);
#930=LINE('',#6217,#1442);
#931=LINE('',#6219,#1443);
#932=LINE('',#6220,#1444);
#933=LINE('',#6223,#1445);
#934=LINE('',#6225,#1446);
#935=LINE('',#6226,#1447);
#936=LINE('',#6229,#1448);
#937=LINE('',#6231,#1449);
#938=LINE('',#6232,#1450);
#939=LINE('',#6234,#1451);
#940=LINE('',#6235,#1452);
#941=LINE('',#6239,#1453);
#942=LINE('',#6241,#1454);
#943=LINE('',#6243,#1455);
#944=LINE('',#6244,#1456);
#945=LINE('',#6247,#1457);
#946=LINE('',#6249,#1458);
#947=LINE('',#6250,#1459);
#948=LINE('',#6253,#1460);
#949=LINE('',#6255,#1461);
#950=LINE('',#6256,#1462);
#951=LINE('',#6258,#1463);
#952=LINE('',#6259,#1464);
#953=LINE('',#6261,#1465);
#954=LINE('',#6262,#1466);
#955=LINE('',#6265,#1467);
#956=LINE('',#6267,#1468);
#957=LINE('',#6269,#1469);
#958=LINE('',#6270,#1470);
#959=LINE('',#6273,#1471);
#960=LINE('',#6274,#1472);
#961=LINE('',#6276,#1473);
#962=LINE('',#6280,#1474);
#963=LINE('',#6281,#1475);
#964=LINE('',#6282,#1476);
#965=LINE('',#6284,#1477);
#966=LINE('',#6287,#1478);
#967=LINE('',#6289,#1479);
#968=LINE('',#6291,#1480);
#969=LINE('',#6293,#1481);
#970=LINE('',#6294,#1482);
#971=LINE('',#6297,#1483);
#972=LINE('',#6298,#1484);
#973=LINE('',#6301,#1485);
#974=LINE('',#6302,#1486);
#975=LINE('',#6305,#1487);
#976=LINE('',#6307,#1488);
#977=LINE('',#6309,#1489);
#978=LINE('',#6311,#1490);
#979=LINE('',#6312,#1491);
#980=LINE('',#6315,#1492);
#981=LINE('',#6316,#1493);
#982=LINE('',#6319,#1494);
#983=LINE('',#6320,#1495);
#984=LINE('',#6323,#1496);
#985=LINE('',#6325,#1497);
#986=LINE('',#6326,#1498);
#987=LINE('',#6328,#1499);
#988=LINE('',#6329,#1500);
#989=LINE('',#6333,#1501);
#990=LINE('',#6335,#1502);
#991=LINE('',#6336,#1503);
#992=LINE('',#6339,#1504);
#993=LINE('',#6340,#1505);
#994=LINE('',#6341,#1506);
#995=LINE('',#6344,#1507);
#996=LINE('',#6345,#1508);
#997=LINE('',#6348,#1509);
#998=LINE('',#6349,#1510);
#999=LINE('',#6353,#1511);
#1000=LINE('',#6355,#1512);
#1001=LINE('',#6356,#1513);
#1002=LINE('',#6358,#1514);
#1003=LINE('',#6359,#1515);
#1004=LINE('',#6362,#1516);
#1005=LINE('',#6364,#1517);
#1006=LINE('',#6366,#1518);
#1007=LINE('',#6368,#1519);
#1008=LINE('',#6370,#1520);
#1009=LINE('',#6372,#1521);
#1010=LINE('',#6373,#1522);
#1011=LINE('',#6375,#1523);
#1012=LINE('',#6377,#1524);
#1013=LINE('',#6378,#1525);
#1014=LINE('',#6381,#1526);
#1015=LINE('',#6382,#1527);
#1016=LINE('',#6383,#1528);
#1017=LINE('',#6385,#1529);
#1018=LINE('',#6388,#1530);
#1019=LINE('',#6390,#1531);
#1020=LINE('',#6397,#1532);
#1021=LINE('',#6399,#1533);
#1022=LINE('',#6401,#1534);
#1023=LINE('',#6402,#1535);
#1024=LINE('',#6405,#1536);
#1025=LINE('',#6407,#1537);
#1026=LINE('',#6408,#1538);
#1027=LINE('',#6411,#1539);
#1028=LINE('',#6413,#1540);
#1029=LINE('',#6414,#1541);
#1030=LINE('',#6417,#1542);
#1031=LINE('',#6419,#1543);
#1032=LINE('',#6420,#1544);
#1033=LINE('',#6423,#1545);
#1034=LINE('',#6425,#1546);
#1035=LINE('',#6426,#1547);
#1036=LINE('',#6429,#1548);
#1037=LINE('',#6431,#1549);
#1038=LINE('',#6432,#1550);
#1039=LINE('',#6435,#1551);
#1040=LINE('',#6437,#1552);
#1041=LINE('',#6438,#1553);
#1042=LINE('',#6441,#1554);
#1043=LINE('',#6443,#1555);
#1044=LINE('',#6444,#1556);
#1045=LINE('',#6447,#1557);
#1046=LINE('',#6449,#1558);
#1047=LINE('',#6450,#1559);
#1048=LINE('',#6453,#1560);
#1049=LINE('',#6455,#1561);
#1050=LINE('',#6456,#1562);
#1051=LINE('',#6459,#1563);
#1052=LINE('',#6461,#1564);
#1053=LINE('',#6462,#1565);
#1054=LINE('',#6464,#1566);
#1055=LINE('',#6465,#1567);
#1056=LINE('',#6485,#1568);
#1057=LINE('',#6492,#1569);
#1058=LINE('',#6510,#1570);
#1059=LINE('',#6533,#1571);
#1060=LINE('',#6556,#1572);
#1061=LINE('',#6579,#1573);
#1062=LINE('',#6602,#1574);
#1063=LINE('',#6625,#1575);
#1064=LINE('',#6648,#1576);
#1065=LINE('',#6692,#1577);
#1066=LINE('',#6699,#1578);
#1067=LINE('',#6717,#1579);
#1068=LINE('',#6740,#1580);
#1069=LINE('',#6763,#1581);
#1070=LINE('',#6786,#1582);
#1071=LINE('',#6809,#1583);
#1072=LINE('',#6832,#1584);
#1073=LINE('',#6855,#1585);
#1074=LINE('',#6878,#1586);
#1075=LINE('',#6901,#1587);
#1076=LINE('',#6931,#1588);
#1077=LINE('',#6933,#1589);
#1078=LINE('',#6935,#1590);
#1079=LINE('',#6936,#1591);
#1080=LINE('',#6954,#1592);
#1081=LINE('',#6977,#1593);
#1082=LINE('',#6985,#1594);
#1083=LINE('',#6987,#1595);
#1084=LINE('',#6988,#1596);
#1085=LINE('',#6991,#1597);
#1086=LINE('',#6993,#1598);
#1087=LINE('',#6994,#1599);
#1088=LINE('',#6997,#1600);
#1089=LINE('',#6999,#1601);
#1090=LINE('',#7000,#1602);
#1091=LINE('',#7003,#1603);
#1092=LINE('',#7005,#1604);
#1093=LINE('',#7006,#1605);
#1094=LINE('',#7009,#1606);
#1095=LINE('',#7011,#1607);
#1096=LINE('',#7012,#1608);
#1097=LINE('',#7030,#1609);
#1098=LINE('',#7053,#1610);
#1099=LINE('',#7061,#1611);
#1100=LINE('',#7063,#1612);
#1101=LINE('',#7064,#1613);
#1102=LINE('',#7067,#1614);
#1103=LINE('',#7069,#1615);
#1104=LINE('',#7070,#1616);
#1105=LINE('',#7073,#1617);
#1106=LINE('',#7075,#1618);
#1107=LINE('',#7076,#1619);
#1108=LINE('',#7094,#1620);
#1109=LINE('',#7117,#1621);
#1110=LINE('',#7125,#1622);
#1111=LINE('',#7127,#1623);
#1112=LINE('',#7128,#1624);
#1113=LINE('',#7131,#1625);
#1114=LINE('',#7133,#1626);
#1115=LINE('',#7134,#1627);
#1116=LINE('',#7137,#1628);
#1117=LINE('',#7139,#1629);
#1118=LINE('',#7140,#1630);
#1119=LINE('',#7142,#1631);
#1120=LINE('',#7143,#1632);
#1121=LINE('',#7148,#1633);
#1122=LINE('',#7150,#1634);
#1123=LINE('',#7152,#1635);
#1124=LINE('',#7153,#1636);
#1125=LINE('',#7156,#1637);
#1126=LINE('',#7158,#1638);
#1127=LINE('',#7159,#1639);
#1128=LINE('',#7162,#1640);
#1129=LINE('',#7164,#1641);
#1130=LINE('',#7165,#1642);
#1131=LINE('',#7168,#1643);
#1132=LINE('',#7170,#1644);
#1133=LINE('',#7171,#1645);
#1134=LINE('',#7174,#1646);
#1135=LINE('',#7176,#1647);
#1136=LINE('',#7177,#1648);
#1137=LINE('',#7180,#1649);
#1138=LINE('',#7182,#1650);
#1139=LINE('',#7183,#1651);
#1140=LINE('',#7186,#1652);
#1141=LINE('',#7188,#1653);
#1142=LINE('',#7189,#1654);
#1143=LINE('',#7192,#1655);
#1144=LINE('',#7194,#1656);
#1145=LINE('',#7195,#1657);
#1146=LINE('',#7198,#1658);
#1147=LINE('',#7200,#1659);
#1148=LINE('',#7201,#1660);
#1149=LINE('',#7219,#1661);
#1150=LINE('',#7242,#1662);
#1151=LINE('',#7250,#1663);
#1152=LINE('',#7252,#1664);
#1153=LINE('',#7253,#1665);
#1154=LINE('',#7256,#1666);
#1155=LINE('',#7258,#1667);
#1156=LINE('',#7259,#1668);
#1157=LINE('',#7262,#1669);
#1158=LINE('',#7264,#1670);
#1159=LINE('',#7265,#1671);
#1160=LINE('',#7267,#1672);
#1161=LINE('',#7268,#1673);
#1162=LINE('',#7275,#1674);
#1163=LINE('',#7281,#1675);
#1164=LINE('',#7286,#1676);
#1165=LINE('',#7288,#1677);
#1166=LINE('',#7290,#1678);
#1167=LINE('',#7291,#1679);
#1168=LINE('',#7294,#1680);
#1169=LINE('',#7296,#1681);
#1170=LINE('',#7297,#1682);
#1171=LINE('',#7300,#1683);
#1172=LINE('',#7302,#1684);
#1173=LINE('',#7303,#1685);
#1174=LINE('',#7305,#1686);
#1175=LINE('',#7308,#1687);
#1176=LINE('',#7312,#1688);
#1177=LINE('',#7316,#1689);
#1178=LINE('',#7320,#1690);
#1179=LINE('',#7323,#1691);
#1180=LINE('',#7326,#1692);
#1181=LINE('',#7328,#1693);
#1182=LINE('',#7330,#1694);
#1183=LINE('',#7331,#1695);
#1184=LINE('',#7336,#1696);
#1185=LINE('',#7342,#1697);
#1186=LINE('',#7347,#1698);
#1187=LINE('',#7349,#1699);
#1188=LINE('',#7351,#1700);
#1189=LINE('',#7352,#1701);
#1190=LINE('',#7355,#1702);
#1191=LINE('',#7357,#1703);
#1192=LINE('',#7359,#1704);
#1193=LINE('',#7361,#1705);
#1194=LINE('',#7362,#1706);
#1195=LINE('',#7365,#1707);
#1196=LINE('',#7367,#1708);
#1197=LINE('',#7368,#1709);
#1198=LINE('',#7371,#1710);
#1199=LINE('',#7373,#1711);
#1200=LINE('',#7374,#1712);
#1201=LINE('',#7375,#1713);
#1202=LINE('',#7377,#1714);
#1203=LINE('',#7382,#1715);
#1204=LINE('',#7387,#1716);
#1205=LINE('',#7393,#1717);
#1206=LINE('',#7396,#1718);
#1207=LINE('',#7398,#1719);
#1208=LINE('',#7404,#1720);
#1209=LINE('',#7410,#1721);
#1210=LINE('',#7416,#1722);
#1211=LINE('',#7421,#1723);
#1212=LINE('',#7423,#1724);
#1213=LINE('',#7425,#1725);
#1214=LINE('',#7426,#1726);
#1215=LINE('',#7429,#1727);
#1216=LINE('',#7431,#1728);
#1217=LINE('',#7433,#1729);
#1218=LINE('',#7435,#1730);
#1219=LINE('',#7436,#1731);
#1220=LINE('',#7439,#1732);
#1221=LINE('',#7441,#1733);
#1222=LINE('',#7442,#1734);
#1223=LINE('',#7445,#1735);
#1224=LINE('',#7447,#1736);
#1225=LINE('',#7448,#1737);
#1226=LINE('',#7449,#1738);
#1227=LINE('',#7451,#1739);
#1228=LINE('',#7455,#1740);
#1229=LINE('',#7461,#1741);
#1230=LINE('',#7464,#1742);
#1231=LINE('',#7466,#1743);
#1232=LINE('',#7469,#1744);
#1233=LINE('',#7471,#1745);
#1234=LINE('',#7473,#1746);
#1235=LINE('',#7475,#1747);
#1236=LINE('',#7477,#1748);
#1237=LINE('',#7479,#1749);
#1238=LINE('',#7481,#1750);
#1239=LINE('',#7482,#1751);
#1240=LINE('',#7483,#1752);
#1241=LINE('',#7486,#1753);
#1242=LINE('',#7488,#1754);
#1243=LINE('',#7490,#1755);
#1244=LINE('',#7491,#1756);
#1245=LINE('',#7493,#1757);
#1246=LINE('',#7495,#1758);
#1247=LINE('',#7496,#1759);
#1248=LINE('',#7497,#1760);
#1249=LINE('',#7502,#1761);
#1250=LINE('',#7507,#1762);
#1251=LINE('',#7509,#1763);
#1252=LINE('',#7511,#1764);
#1253=LINE('',#7512,#1765);
#1254=LINE('',#7516,#1766);
#1255=LINE('',#7518,#1767);
#1256=LINE('',#7519,#1768);
#1257=LINE('',#7520,#1769);
#1258=LINE('',#7523,#1770);
#1259=LINE('',#7525,#1771);
#1260=LINE('',#7526,#1772);
#1261=LINE('',#7529,#1773);
#1262=LINE('',#7530,#1774);
#1263=LINE('',#7531,#1775);
#1264=LINE('',#7533,#1776);
#1265=LINE('',#7537,#1777);
#1266=LINE('',#7539,#1778);
#1267=LINE('',#7541,#1779);
#1268=LINE('',#7542,#1780);
#1269=LINE('',#7546,#1781);
#1270=LINE('',#7548,#1782);
#1271=LINE('',#7549,#1783);
#1272=LINE('',#7550,#1784);
#1273=LINE('',#7553,#1785);
#1274=LINE('',#7555,#1786);
#1275=LINE('',#7556,#1787);
#1276=LINE('',#7559,#1788);
#1277=LINE('',#7560,#1789);
#1278=LINE('',#7561,#1790);
#1279=LINE('',#7563,#1791);
#1280=LINE('',#7568,#1792);
#1281=LINE('',#7576,#1793);
#1282=LINE('',#7583,#1794);
#1283=LINE('',#7589,#1795);
#1284=LINE('',#7595,#1796);
#1285=LINE('',#7601,#1797);
#1286=LINE('',#7609,#1798);
#1287=LINE('',#7614,#1799);
#1288=LINE('',#7615,#1800);
#1289=LINE('',#7616,#1801);
#1290=LINE('',#7617,#1802);
#1291=LINE('',#7619,#1803);
#1292=LINE('',#7625,#1804);
#1293=LINE('',#7629,#1805);
#1294=LINE('',#7633,#1806);
#1295=LINE('',#7636,#1807);
#1296=LINE('',#7640,#1808);
#1297=LINE('',#7642,#1809);
#1298=LINE('',#7644,#1810);
#1299=LINE('',#7645,#1811);
#1300=LINE('',#7647,#1812);
#1301=LINE('',#7648,#1813);
#1302=LINE('',#7651,#1814);
#1303=LINE('',#7653,#1815);
#1304=LINE('',#7655,#1816);
#1305=LINE('',#7656,#1817);
#1306=LINE('',#7658,#1818);
#1307=LINE('',#7660,#1819);
#1308=LINE('',#7662,#1820);
#1309=LINE('',#7666,#1821);
#1310=LINE('',#7667,#1822);
#1311=LINE('',#7668,#1823);
#1312=LINE('',#7671,#1824);
#1313=LINE('',#7672,#1825);
#1314=LINE('',#7675,#1826);
#1315=LINE('',#7676,#1827);
#1316=LINE('',#7678,#1828);
#1317=LINE('',#7680,#1829);
#1318=LINE('',#7681,#1830);
#1319=LINE('',#7683,#1831);
#1320=LINE('',#7685,#1832);
#1321=LINE('',#7688,#1833);
#1322=LINE('',#7690,#1834);
#1323=LINE('',#7692,#1835);
#1324=VECTOR('',#4877,10.);
#1325=VECTOR('',#4878,10.);
#1326=VECTOR('',#4879,10.);
#1327=VECTOR('',#4880,10.);
#1328=VECTOR('',#4885,10.);
#1329=VECTOR('',#4890,10.);
#1330=VECTOR('',#4891,10.);
#1331=VECTOR('',#4892,10.);
#1332=VECTOR('',#4907,1.25);
#1333=VECTOR('',#4910,10.);
#1334=VECTOR('',#4911,10.);
#1335=VECTOR('',#4912,10.);
#1336=VECTOR('',#4913,10.);
#1337=VECTOR('',#4920,10.);
#1338=VECTOR('',#4923,10.);
#1339=VECTOR('',#4924,10.);
#1340=VECTOR('',#4925,10.);
#1341=VECTOR('',#4932,10.);
#1342=VECTOR('',#4935,10.);
#1343=VECTOR('',#4936,10.);
#1344=VECTOR('',#4937,10.);
#1345=VECTOR('',#4944,10.);
#1346=VECTOR('',#4947,10.);
#1347=VECTOR('',#4948,10.);
#1348=VECTOR('',#4949,10.);
#1349=VECTOR('',#4966,1.5);
#1350=VECTOR('',#4973,1.5);
#1351=VECTOR('',#4978,10.);
#1352=VECTOR('',#4979,10.);
#1353=VECTOR('',#4980,10.);
#1354=VECTOR('',#4981,10.);
#1355=VECTOR('',#4982,10.);
#1356=VECTOR('',#4983,10.);
#1357=VECTOR('',#4984,10.);
#1358=VECTOR('',#4985,10.);
#1359=VECTOR('',#4988,10.);
#1360=VECTOR('',#4989,10.);
#1361=VECTOR('',#4990,10.);
#1362=VECTOR('',#4993,10.);
#1363=VECTOR('',#4994,10.);
#1364=VECTOR('',#4995,10.);
#1365=VECTOR('',#4996,10.);
#1366=VECTOR('',#4997,10.);
#1367=VECTOR('',#4998,10.);
#1368=VECTOR('',#5001,10.);
#1369=VECTOR('',#5002,10.);
#1370=VECTOR('',#5003,10.);
#1371=VECTOR('',#5004,10.);
#1372=VECTOR('',#5005,10.);
#1373=VECTOR('',#5006,10.);
#1374=VECTOR('',#5009,10.);
#1375=VECTOR('',#5010,10.);
#1376=VECTOR('',#5011,10.);
#1377=VECTOR('',#5012,10.);
#1378=VECTOR('',#5013,10.);
#1379=VECTOR('',#5014,10.);
#1380=VECTOR('',#5017,10.);
#1381=VECTOR('',#5018,10.);
#1382=VECTOR('',#5019,10.);
#1383=VECTOR('',#5020,10.);
#1384=VECTOR('',#5021,10.);
#1385=VECTOR('',#5022,10.);
#1386=VECTOR('',#5023,10.);
#1387=VECTOR('',#5024,10.);
#1388=VECTOR('',#5025,10.);
#1389=VECTOR('',#5028,10.);
#1390=VECTOR('',#5031,10.);
#1391=VECTOR('',#5032,10.);
#1392=VECTOR('',#5033,10.);
#1393=VECTOR('',#5034,10.);
#1394=VECTOR('',#5037,10.);
#1395=VECTOR('',#5038,10.);
#1396=VECTOR('',#5039,10.);
#1397=VECTOR('',#5042,10.);
#1398=VECTOR('',#5043,10.);
#1399=VECTOR('',#5044,10.);
#1400=VECTOR('',#5047,10.);
#1401=VECTOR('',#5048,10.);
#1402=VECTOR('',#5051,10.);
#1403=VECTOR('',#5052,10.);
#1404=VECTOR('',#5053,10.);
#1405=VECTOR('',#5054,10.);
#1406=VECTOR('',#5057,10.);
#1407=VECTOR('',#5058,10.);
#1408=VECTOR('',#5059,10.);
#1409=VECTOR('',#5062,10.);
#1410=VECTOR('',#5063,10.);
#1411=VECTOR('',#5064,10.);
#1412=VECTOR('',#5067,10.);
#1413=VECTOR('',#5068,10.);
#1414=VECTOR('',#5071,10.);
#1415=VECTOR('',#5072,10.);
#1416=VECTOR('',#5073,10.);
#1417=VECTOR('',#5074,10.);
#1418=VECTOR('',#5077,10.);
#1419=VECTOR('',#5078,10.);
#1420=VECTOR('',#5079,10.);
#1421=VECTOR('',#5082,10.);
#1422=VECTOR('',#5083,10.);
#1423=VECTOR('',#5084,10.);
#1424=VECTOR('',#5087,10.);
#1425=VECTOR('',#5088,10.);
#1426=VECTOR('',#5091,10.);
#1427=VECTOR('',#5092,10.);
#1428=VECTOR('',#5093,10.);
#1429=VECTOR('',#5094,10.);
#1430=VECTOR('',#5097,10.);
#1431=VECTOR('',#5098,10.);
#1432=VECTOR('',#5099,10.);
#1433=VECTOR('',#5102,10.);
#1434=VECTOR('',#5103,10.);
#1435=VECTOR('',#5104,10.);
#1436=VECTOR('',#5107,10.);
#1437=VECTOR('',#5108,10.);
#1438=VECTOR('',#5111,10.);
#1439=VECTOR('',#5112,10.);
#1440=VECTOR('',#5113,10.);
#1441=VECTOR('',#5114,10.);
#1442=VECTOR('',#5117,10.);
#1443=VECTOR('',#5118,10.);
#1444=VECTOR('',#5119,10.);
#1445=VECTOR('',#5122,10.);
#1446=VECTOR('',#5123,10.);
#1447=VECTOR('',#5124,10.);
#1448=VECTOR('',#5127,10.);
#1449=VECTOR('',#5128,10.);
#1450=VECTOR('',#5129,10.);
#1451=VECTOR('',#5132,10.);
#1452=VECTOR('',#5133,10.);
#1453=VECTOR('',#5136,10.);
#1454=VECTOR('',#5137,10.);
#1455=VECTOR('',#5138,10.);
#1456=VECTOR('',#5139,10.);
#1457=VECTOR('',#5142,10.);
#1458=VECTOR('',#5143,10.);
#1459=VECTOR('',#5144,10.);
#1460=VECTOR('',#5147,10.);
#1461=VECTOR('',#5148,10.);
#1462=VECTOR('',#5149,10.);
#1463=VECTOR('',#5152,10.);
#1464=VECTOR('',#5153,10.);
#1465=VECTOR('',#5156,10.);
#1466=VECTOR('',#5157,10.);
#1467=VECTOR('',#5160,10.);
#1468=VECTOR('',#5161,10.);
#1469=VECTOR('',#5162,10.);
#1470=VECTOR('',#5163,10.);
#1471=VECTOR('',#5166,10.);
#1472=VECTOR('',#5167,10.);
#1473=VECTOR('',#5170,10.);
#1474=VECTOR('',#5173,10.);
#1475=VECTOR('',#5174,10.);
#1476=VECTOR('',#5175,10.);
#1477=VECTOR('',#5178,10.);
#1478=VECTOR('',#5181,10.);
#1479=VECTOR('',#5182,10.);
#1480=VECTOR('',#5183,10.);
#1481=VECTOR('',#5184,10.);
#1482=VECTOR('',#5185,10.);
#1483=VECTOR('',#5188,10.);
#1484=VECTOR('',#5189,10.);
#1485=VECTOR('',#5192,10.);
#1486=VECTOR('',#5193,10.);
#1487=VECTOR('',#5196,10.);
#1488=VECTOR('',#5197,10.);
#1489=VECTOR('',#5198,10.);
#1490=VECTOR('',#5199,10.);
#1491=VECTOR('',#5200,10.);
#1492=VECTOR('',#5203,10.);
#1493=VECTOR('',#5204,10.);
#1494=VECTOR('',#5207,10.);
#1495=VECTOR('',#5208,10.);
#1496=VECTOR('',#5211,10.);
#1497=VECTOR('',#5212,10.);
#1498=VECTOR('',#5213,10.);
#1499=VECTOR('',#5216,10.);
#1500=VECTOR('',#5217,10.);
#1501=VECTOR('',#5222,10.);
#1502=VECTOR('',#5223,10.);
#1503=VECTOR('',#5224,10.);
#1504=VECTOR('',#5227,10.);
#1505=VECTOR('',#5228,10.);
#1506=VECTOR('',#5229,10.);
#1507=VECTOR('',#5232,10.);
#1508=VECTOR('',#5233,10.);
#1509=VECTOR('',#5236,10.);
#1510=VECTOR('',#5237,10.);
#1511=VECTOR('',#5242,10.);
#1512=VECTOR('',#5243,10.);
#1513=VECTOR('',#5244,10.);
#1514=VECTOR('',#5247,10.);
#1515=VECTOR('',#5248,10.);
#1516=VECTOR('',#5251,10.);
#1517=VECTOR('',#5252,10.);
#1518=VECTOR('',#5253,10.);
#1519=VECTOR('',#5254,10.);
#1520=VECTOR('',#5255,10.);
#1521=VECTOR('',#5256,10.);
#1522=VECTOR('',#5257,10.);
#1523=VECTOR('',#5260,10.);
#1524=VECTOR('',#5261,10.);
#1525=VECTOR('',#5262,10.);
#1526=VECTOR('',#5265,10.);
#1527=VECTOR('',#5266,10.);
#1528=VECTOR('',#5267,10.);
#1529=VECTOR('',#5270,10.);
#1530=VECTOR('',#5275,10.);
#1531=VECTOR('',#5278,10.);
#1532=VECTOR('',#5287,10.);
#1533=VECTOR('',#5288,10.);
#1534=VECTOR('',#5289,10.);
#1535=VECTOR('',#5290,10.);
#1536=VECTOR('',#5293,10.);
#1537=VECTOR('',#5294,10.);
#1538=VECTOR('',#5295,10.);
#1539=VECTOR('',#5298,10.);
#1540=VECTOR('',#5299,10.);
#1541=VECTOR('',#5300,10.);
#1542=VECTOR('',#5303,10.);
#1543=VECTOR('',#5304,10.);
#1544=VECTOR('',#5305,10.);
#1545=VECTOR('',#5308,10.);
#1546=VECTOR('',#5309,10.);
#1547=VECTOR('',#5310,10.);
#1548=VECTOR('',#5313,10.);
#1549=VECTOR('',#5314,10.);
#1550=VECTOR('',#5315,10.);
#1551=VECTOR('',#5318,10.);
#1552=VECTOR('',#5319,10.);
#1553=VECTOR('',#5320,10.);
#1554=VECTOR('',#5323,10.);
#1555=VECTOR('',#5324,10.);
#1556=VECTOR('',#5325,10.);
#1557=VECTOR('',#5328,10.);
#1558=VECTOR('',#5329,10.);
#1559=VECTOR('',#5330,10.);
#1560=VECTOR('',#5333,10.);
#1561=VECTOR('',#5334,10.);
#1562=VECTOR('',#5335,10.);
#1563=VECTOR('',#5338,10.);
#1564=VECTOR('',#5339,10.);
#1565=VECTOR('',#5340,10.);
#1566=VECTOR('',#5343,10.);
#1567=VECTOR('',#5344,10.);
#1568=VECTOR('',#5347,10.);
#1569=VECTOR('',#5348,10.);
#1570=VECTOR('',#5349,10.);
#1571=VECTOR('',#5350,10.);
#1572=VECTOR('',#5351,10.);
#1573=VECTOR('',#5352,10.);
#1574=VECTOR('',#5353,10.);
#1575=VECTOR('',#5354,10.);
#1576=VECTOR('',#5355,10.);
#1577=VECTOR('',#5356,10.);
#1578=VECTOR('',#5357,10.);
#1579=VECTOR('',#5358,10.);
#1580=VECTOR('',#5359,10.);
#1581=VECTOR('',#5360,10.);
#1582=VECTOR('',#5361,10.);
#1583=VECTOR('',#5362,10.);
#1584=VECTOR('',#5363,10.);
#1585=VECTOR('',#5364,10.);
#1586=VECTOR('',#5365,10.);
#1587=VECTOR('',#5366,10.);
#1588=VECTOR('',#5371,10.);
#1589=VECTOR('',#5372,10.);
#1590=VECTOR('',#5373,10.);
#1591=VECTOR('',#5374,10.);
#1592=VECTOR('',#5375,10.);
#1593=VECTOR('',#5376,10.);
#1594=VECTOR('',#5379,10.);
#1595=VECTOR('',#5380,10.);
#1596=VECTOR('',#5381,10.);
#1597=VECTOR('',#5384,10.);
#1598=VECTOR('',#5385,10.);
#1599=VECTOR('',#5386,10.);
#1600=VECTOR('',#5389,10.);
#1601=VECTOR('',#5390,10.);
#1602=VECTOR('',#5391,10.);
#1603=VECTOR('',#5394,10.);
#1604=VECTOR('',#5395,10.);
#1605=VECTOR('',#5396,10.);
#1606=VECTOR('',#5399,10.);
#1607=VECTOR('',#5400,10.);
#1608=VECTOR('',#5401,10.);
#1609=VECTOR('',#5402,10.);
#1610=VECTOR('',#5403,10.);
#1611=VECTOR('',#5406,10.);
#1612=VECTOR('',#5407,10.);
#1613=VECTOR('',#5408,10.);
#1614=VECTOR('',#5411,10.);
#1615=VECTOR('',#5412,10.);
#1616=VECTOR('',#5413,10.);
#1617=VECTOR('',#5416,10.);
#1618=VECTOR('',#5417,10.);
#1619=VECTOR('',#5418,10.);
#1620=VECTOR('',#5419,10.);
#1621=VECTOR('',#5420,10.);
#1622=VECTOR('',#5423,10.);
#1623=VECTOR('',#5424,10.);
#1624=VECTOR('',#5425,10.);
#1625=VECTOR('',#5428,10.);
#1626=VECTOR('',#5429,10.);
#1627=VECTOR('',#5430,10.);
#1628=VECTOR('',#5433,10.);
#1629=VECTOR('',#5434,10.);
#1630=VECTOR('',#5435,10.);
#1631=VECTOR('',#5438,10.);
#1632=VECTOR('',#5439,10.);
#1633=VECTOR('',#5444,10.);
#1634=VECTOR('',#5445,10.);
#1635=VECTOR('',#5446,10.);
#1636=VECTOR('',#5447,10.);
#1637=VECTOR('',#5450,10.);
#1638=VECTOR('',#5451,10.);
#1639=VECTOR('',#5452,10.);
#1640=VECTOR('',#5455,10.);
#1641=VECTOR('',#5456,10.);
#1642=VECTOR('',#5457,10.);
#1643=VECTOR('',#5460,10.);
#1644=VECTOR('',#5461,10.);
#1645=VECTOR('',#5462,10.);
#1646=VECTOR('',#5465,10.);
#1647=VECTOR('',#5466,10.);
#1648=VECTOR('',#5467,10.);
#1649=VECTOR('',#5470,10.);
#1650=VECTOR('',#5471,10.);
#1651=VECTOR('',#5472,10.);
#1652=VECTOR('',#5475,10.);
#1653=VECTOR('',#5476,10.);
#1654=VECTOR('',#5477,10.);
#1655=VECTOR('',#5480,10.);
#1656=VECTOR('',#5481,10.);
#1657=VECTOR('',#5482,10.);
#1658=VECTOR('',#5485,10.);
#1659=VECTOR('',#5486,10.);
#1660=VECTOR('',#5487,10.);
#1661=VECTOR('',#5488,10.);
#1662=VECTOR('',#5489,10.);
#1663=VECTOR('',#5492,10.);
#1664=VECTOR('',#5493,10.);
#1665=VECTOR('',#5494,10.);
#1666=VECTOR('',#5497,10.);
#1667=VECTOR('',#5498,10.);
#1668=VECTOR('',#5499,10.);
#1669=VECTOR('',#5502,10.);
#1670=VECTOR('',#5503,10.);
#1671=VECTOR('',#5504,10.);
#1672=VECTOR('',#5507,10.);
#1673=VECTOR('',#5508,10.);
#1674=VECTOR('',#5517,1.5);
#1675=VECTOR('',#5524,1.5);
#1676=VECTOR('',#5529,10.);
#1677=VECTOR('',#5530,10.);
#1678=VECTOR('',#5531,10.);
#1679=VECTOR('',#5532,10.);
#1680=VECTOR('',#5535,10.);
#1681=VECTOR('',#5536,10.);
#1682=VECTOR('',#5537,10.);
#1683=VECTOR('',#5540,10.);
#1684=VECTOR('',#5541,10.);
#1685=VECTOR('',#5542,10.);
#1686=VECTOR('',#5545,10.);
#1687=VECTOR('',#5548,10.);
#1688=VECTOR('',#5551,10.);
#1689=VECTOR('',#5554,10.);
#1690=VECTOR('',#5557,10.);
#1691=VECTOR('',#5560,10.);
#1692=VECTOR('',#5561,10.);
#1693=VECTOR('',#5562,10.);
#1694=VECTOR('',#5563,10.);
#1695=VECTOR('',#5564,10.);
#1696=VECTOR('',#5569,2.5);
#1697=VECTOR('',#5576,2.5);
#1698=VECTOR('',#5581,10.);
#1699=VECTOR('',#5582,10.);
#1700=VECTOR('',#5583,10.);
#1701=VECTOR('',#5584,10.);
#1702=VECTOR('',#5587,10.);
#1703=VECTOR('',#5588,10.);
#1704=VECTOR('',#5589,10.);
#1705=VECTOR('',#5590,10.);
#1706=VECTOR('',#5591,10.);
#1707=VECTOR('',#5594,10.);
#1708=VECTOR('',#5595,10.);
#1709=VECTOR('',#5596,10.);
#1710=VECTOR('',#5599,10.);
#1711=VECTOR('',#5600,10.);
#1712=VECTOR('',#5601,10.);
#1713=VECTOR('',#5602,10.);
#1714=VECTOR('',#5605,10.);
#1715=VECTOR('',#5610,2.5);
#1716=VECTOR('',#5615,10.);
#1717=VECTOR('',#5622,2.5);
#1718=VECTOR('',#5625,10.);
#1719=VECTOR('',#5626,10.);
#1720=VECTOR('',#5633,2.5);
#1721=VECTOR('',#5640,2.5);
#1722=VECTOR('',#5647,2.5);
#1723=VECTOR('',#5652,10.);
#1724=VECTOR('',#5653,10.);
#1725=VECTOR('',#5654,10.);
#1726=VECTOR('',#5655,10.);
#1727=VECTOR('',#5658,10.);
#1728=VECTOR('',#5659,10.);
#1729=VECTOR('',#5660,10.);
#1730=VECTOR('',#5661,10.);
#1731=VECTOR('',#5662,10.);
#1732=VECTOR('',#5665,10.);
#1733=VECTOR('',#5666,10.);
#1734=VECTOR('',#5667,10.);
#1735=VECTOR('',#5670,10.);
#1736=VECTOR('',#5671,10.);
#1737=VECTOR('',#5672,10.);
#1738=VECTOR('',#5673,10.);
#1739=VECTOR('',#5676,10.);
#1740=VECTOR('',#5679,10.);
#1741=VECTOR('',#5686,2.5);
#1742=VECTOR('',#5689,10.);
#1743=VECTOR('',#5690,10.);
#1744=VECTOR('',#5695,10.);
#1745=VECTOR('',#5696,10.);
#1746=VECTOR('',#5697,10.);
#1747=VECTOR('',#5698,10.);
#1748=VECTOR('',#5699,10.);
#1749=VECTOR('',#5700,10.);
#1750=VECTOR('',#5701,10.);
#1751=VECTOR('',#5702,10.);
#1752=VECTOR('',#5703,10.);
#1753=VECTOR('',#5704,10.);
#1754=VECTOR('',#5705,10.);
#1755=VECTOR('',#5706,10.);
#1756=VECTOR('',#5707,10.);
#1757=VECTOR('',#5710,10.);
#1758=VECTOR('',#5711,10.);
#1759=VECTOR('',#5712,10.);
#1760=VECTOR('',#5713,10.);
#1761=VECTOR('',#5718,2.5);
#1762=VECTOR('',#5723,10.);
#1763=VECTOR('',#5724,10.);
#1764=VECTOR('',#5725,10.);
#1765=VECTOR('',#5726,10.);
#1766=VECTOR('',#5729,10.);
#1767=VECTOR('',#5730,10.);
#1768=VECTOR('',#5731,10.);
#1769=VECTOR('',#5732,10.);
#1770=VECTOR('',#5735,10.);
#1771=VECTOR('',#5736,10.);
#1772=VECTOR('',#5737,10.);
#1773=VECTOR('',#5740,10.);
#1774=VECTOR('',#5741,10.);
#1775=VECTOR('',#5742,10.);
#1776=VECTOR('',#5745,10.);
#1777=VECTOR('',#5748,10.);
#1778=VECTOR('',#5749,10.);
#1779=VECTOR('',#5750,10.);
#1780=VECTOR('',#5751,10.);
#1781=VECTOR('',#5754,10.);
#1782=VECTOR('',#5755,10.);
#1783=VECTOR('',#5756,10.);
#1784=VECTOR('',#5757,10.);
#1785=VECTOR('',#5760,10.);
#1786=VECTOR('',#5761,10.);
#1787=VECTOR('',#5762,10.);
#1788=VECTOR('',#5765,10.);
#1789=VECTOR('',#5766,10.);
#1790=VECTOR('',#5767,10.);
#1791=VECTOR('',#5770,10.);
#1792=VECTOR('',#5775,2.5);
#1793=VECTOR('',#5786,2.5);
#1794=VECTOR('',#5795,2.5);
#1795=VECTOR('',#5802,2.5);
#1796=VECTOR('',#5809,2.5);
#1797=VECTOR('',#5816,2.5);
#1798=VECTOR('',#5827,2.5);
#1799=VECTOR('',#5834,10.);
#1800=VECTOR('',#5835,10.);
#1801=VECTOR('',#5836,10.);
#1802=VECTOR('',#5837,10.);
#1803=VECTOR('',#5840,10.);
#1804=VECTOR('',#5845,10.);
#1805=VECTOR('',#5848,10.);
#1806=VECTOR('',#5851,10.);
#1807=VECTOR('',#5854,10.);
#1808=VECTOR('',#5857,10.);
#1809=VECTOR('',#5858,10.);
#1810=VECTOR('',#5859,10.);
#1811=VECTOR('',#5860,10.);
#1812=VECTOR('',#5863,10.);
#1813=VECTOR('',#5864,10.);
#1814=VECTOR('',#5865,10.);
#1815=VECTOR('',#5866,10.);
#1816=VECTOR('',#5867,10.);
#1817=VECTOR('',#5868,10.);
#1818=VECTOR('',#5871,10.);
#1819=VECTOR('',#5874,10.);
#1820=VECTOR('',#5877,10.);
#1821=VECTOR('',#5880,10.);
#1822=VECTOR('',#5881,10.);
#1823=VECTOR('',#5882,10.);
#1824=VECTOR('',#5885,10.);
#1825=VECTOR('',#5886,10.);
#1826=VECTOR('',#5889,10.);
#1827=VECTOR('',#5890,10.);
#1828=VECTOR('',#5893,10.);
#1829=VECTOR('',#5896,10.);
#1830=VECTOR('',#5897,10.);
#1831=VECTOR('',#5900,10.);
#1832=VECTOR('',#5903,10.);
#1833=VECTOR('',#5908,10.);
#1834=VECTOR('',#5911,10.);
#1835=VECTOR('',#5914,10.);
#1836=VERTEX_POINT('',#5938);
#1837=VERTEX_POINT('',#5939);
#1838=VERTEX_POINT('',#5941);
#1839=VERTEX_POINT('',#5943);
#1840=VERTEX_POINT('',#5947);
#1841=VERTEX_POINT('',#5949);
#1842=VERTEX_POINT('',#5953);
#1843=VERTEX_POINT('',#5955);
#1844=VERTEX_POINT('',#5962);
#1845=VERTEX_POINT('',#5965);
#1846=VERTEX_POINT('',#5969);
#1847=VERTEX_POINT('',#5970);
#1848=VERTEX_POINT('',#5972);
#1849=VERTEX_POINT('',#5974);
#1850=VERTEX_POINT('',#5978);
#1851=VERTEX_POINT('',#5980);
#1852=VERTEX_POINT('',#5984);
#1853=VERTEX_POINT('',#5986);
#1854=VERTEX_POINT('',#5990);
#1855=VERTEX_POINT('',#5992);
#1856=VERTEX_POINT('',#5996);
#1857=VERTEX_POINT('',#5998);
#1858=VERTEX_POINT('',#6002);
#1859=VERTEX_POINT('',#6004);
#1860=VERTEX_POINT('',#6008);
#1861=VERTEX_POINT('',#6010);
#1862=VERTEX_POINT('',#6020);
#1863=VERTEX_POINT('',#6022);
#1864=VERTEX_POINT('',#6026);
#1865=VERTEX_POINT('',#6028);
#1866=VERTEX_POINT('',#6032);
#1867=VERTEX_POINT('',#6033);
#1868=VERTEX_POINT('',#6035);
#1869=VERTEX_POINT('',#6037);
#1870=VERTEX_POINT('',#6039);
#1871=VERTEX_POINT('',#6041);
#1872=VERTEX_POINT('',#6043);
#1873=VERTEX_POINT('',#6045);
#1874=VERTEX_POINT('',#6049);
#1875=VERTEX_POINT('',#6051);
#1876=VERTEX_POINT('',#6055);
#1877=VERTEX_POINT('',#6057);
#1878=VERTEX_POINT('',#6059);
#1879=VERTEX_POINT('',#6061);
#1880=VERTEX_POINT('',#6063);
#1881=VERTEX_POINT('',#6067);
#1882=VERTEX_POINT('',#6069);
#1883=VERTEX_POINT('',#6071);
#1884=VERTEX_POINT('',#6073);
#1885=VERTEX_POINT('',#6075);
#1886=VERTEX_POINT('',#6079);
#1887=VERTEX_POINT('',#6081);
#1888=VERTEX_POINT('',#6083);
#1889=VERTEX_POINT('',#6085);
#1890=VERTEX_POINT('',#6087);
#1891=VERTEX_POINT('',#6091);
#1892=VERTEX_POINT('',#6093);
#1893=VERTEX_POINT('',#6095);
#1894=VERTEX_POINT('',#6097);
#1895=VERTEX_POINT('',#6099);
#1896=VERTEX_POINT('',#6101);
#1897=VERTEX_POINT('',#6103);
#1898=VERTEX_POINT('',#6105);
#1899=VERTEX_POINT('',#6111);
#1900=VERTEX_POINT('',#6112);
#1901=VERTEX_POINT('',#6114);
#1902=VERTEX_POINT('',#6116);
#1903=VERTEX_POINT('',#6120);
#1904=VERTEX_POINT('',#6122);
#1905=VERTEX_POINT('',#6126);
#1906=VERTEX_POINT('',#6128);
#1907=VERTEX_POINT('',#6135);
#1908=VERTEX_POINT('',#6136);
#1909=VERTEX_POINT('',#6138);
#1910=VERTEX_POINT('',#6140);
#1911=VERTEX_POINT('',#6144);
#1912=VERTEX_POINT('',#6146);
#1913=VERTEX_POINT('',#6150);
#1914=VERTEX_POINT('',#6152);
#1915=VERTEX_POINT('',#6159);
#1916=VERTEX_POINT('',#6160);
#1917=VERTEX_POINT('',#6162);
#1918=VERTEX_POINT('',#6164);
#1919=VERTEX_POINT('',#6168);
#1920=VERTEX_POINT('',#6170);
#1921=VERTEX_POINT('',#6174);
#1922=VERTEX_POINT('',#6176);
#1923=VERTEX_POINT('',#6183);
#1924=VERTEX_POINT('',#6184);
#1925=VERTEX_POINT('',#6186);
#1926=VERTEX_POINT('',#6188);
#1927=VERTEX_POINT('',#6192);
#1928=VERTEX_POINT('',#6194);
#1929=VERTEX_POINT('',#6198);
#1930=VERTEX_POINT('',#6200);
#1931=VERTEX_POINT('',#6207);
#1932=VERTEX_POINT('',#6208);
#1933=VERTEX_POINT('',#6210);
#1934=VERTEX_POINT('',#6212);
#1935=VERTEX_POINT('',#6216);
#1936=VERTEX_POINT('',#6218);
#1937=VERTEX_POINT('',#6222);
#1938=VERTEX_POINT('',#6224);
#1939=VERTEX_POINT('',#6228);
#1940=VERTEX_POINT('',#6230);
#1941=VERTEX_POINT('',#6237);
#1942=VERTEX_POINT('',#6238);
#1943=VERTEX_POINT('',#6240);
#1944=VERTEX_POINT('',#6242);
#1945=VERTEX_POINT('',#6246);
#1946=VERTEX_POINT('',#6248);
#1947=VERTEX_POINT('',#6252);
#1948=VERTEX_POINT('',#6254);
#1949=VERTEX_POINT('',#6264);
#1950=VERTEX_POINT('',#6266);
#1951=VERTEX_POINT('',#6268);
#1952=VERTEX_POINT('',#6272);
#1953=VERTEX_POINT('',#6278);
#1954=VERTEX_POINT('',#6279);
#1955=VERTEX_POINT('',#6286);
#1956=VERTEX_POINT('',#6288);
#1957=VERTEX_POINT('',#6290);
#1958=VERTEX_POINT('',#6292);
#1959=VERTEX_POINT('',#6296);
#1960=VERTEX_POINT('',#6300);
#1961=VERTEX_POINT('',#6304);
#1962=VERTEX_POINT('',#6306);
#1963=VERTEX_POINT('',#6308);
#1964=VERTEX_POINT('',#6310);
#1965=VERTEX_POINT('',#6314);
#1966=VERTEX_POINT('',#6318);
#1967=VERTEX_POINT('',#6322);
#1968=VERTEX_POINT('',#6324);
#1969=VERTEX_POINT('',#6332);
#1970=VERTEX_POINT('',#6334);
#1971=VERTEX_POINT('',#6338);
#1972=VERTEX_POINT('',#6343);
#1973=VERTEX_POINT('',#6347);
#1974=VERTEX_POINT('',#6352);
#1975=VERTEX_POINT('',#6354);
#1976=VERTEX_POINT('',#6361);
#1977=VERTEX_POINT('',#6363);
#1978=VERTEX_POINT('',#6365);
#1979=VERTEX_POINT('',#6367);
#1980=VERTEX_POINT('',#6369);
#1981=VERTEX_POINT('',#6371);
#1982=VERTEX_POINT('',#6376);
#1983=VERTEX_POINT('',#6380);
#1984=VERTEX_POINT('',#6395);
#1985=VERTEX_POINT('',#6396);
#1986=VERTEX_POINT('',#6398);
#1987=VERTEX_POINT('',#6400);
#1988=VERTEX_POINT('',#6404);
#1989=VERTEX_POINT('',#6406);
#1990=VERTEX_POINT('',#6410);
#1991=VERTEX_POINT('',#6412);
#1992=VERTEX_POINT('',#6416);
#1993=VERTEX_POINT('',#6418);
#1994=VERTEX_POINT('',#6422);
#1995=VERTEX_POINT('',#6424);
#1996=VERTEX_POINT('',#6428);
#1997=VERTEX_POINT('',#6430);
#1998=VERTEX_POINT('',#6434);
#1999=VERTEX_POINT('',#6436);
#2000=VERTEX_POINT('',#6440);
#2001=VERTEX_POINT('',#6442);
#2002=VERTEX_POINT('',#6446);
#2003=VERTEX_POINT('',#6448);
#2004=VERTEX_POINT('',#6452);
#2005=VERTEX_POINT('',#6454);
#2006=VERTEX_POINT('',#6458);
#2007=VERTEX_POINT('',#6460);
#2008=VERTEX_POINT('',#6477);
#2009=VERTEX_POINT('',#6478);
#2010=VERTEX_POINT('',#6484);
#2011=VERTEX_POINT('',#6486);
#2012=VERTEX_POINT('',#6503);
#2013=VERTEX_POINT('',#6509);
#2014=VERTEX_POINT('',#6526);
#2015=VERTEX_POINT('',#6532);
#2016=VERTEX_POINT('',#6549);
#2017=VERTEX_POINT('',#6555);
#2018=VERTEX_POINT('',#6572);
#2019=VERTEX_POINT('',#6578);
#2020=VERTEX_POINT('',#6595);
#2021=VERTEX_POINT('',#6601);
#2022=VERTEX_POINT('',#6618);
#2023=VERTEX_POINT('',#6624);
#2024=VERTEX_POINT('',#6641);
#2025=VERTEX_POINT('',#6647);
#2026=VERTEX_POINT('',#6684);
#2027=VERTEX_POINT('',#6685);
#2028=VERTEX_POINT('',#6691);
#2029=VERTEX_POINT('',#6693);
#2030=VERTEX_POINT('',#6710);
#2031=VERTEX_POINT('',#6716);
#2032=VERTEX_POINT('',#6733);
#2033=VERTEX_POINT('',#6739);
#2034=VERTEX_POINT('',#6756);
#2035=VERTEX_POINT('',#6762);
#2036=VERTEX_POINT('',#6779);
#2037=VERTEX_POINT('',#6785);
#2038=VERTEX_POINT('',#6802);
#2039=VERTEX_POINT('',#6808);
#2040=VERTEX_POINT('',#6825);
#2041=VERTEX_POINT('',#6831);
#2042=VERTEX_POINT('',#6848);
#2043=VERTEX_POINT('',#6854);
#2044=VERTEX_POINT('',#6871);
#2045=VERTEX_POINT('',#6877);
#2046=VERTEX_POINT('',#6894);
#2047=VERTEX_POINT('',#6900);
#2048=VERTEX_POINT('',#6929);
#2049=VERTEX_POINT('',#6930);
#2050=VERTEX_POINT('',#6932);
#2051=VERTEX_POINT('',#6934);
#2052=VERTEX_POINT('',#6947);
#2053=VERTEX_POINT('',#6953);
#2054=VERTEX_POINT('',#6970);
#2055=VERTEX_POINT('',#6976);
#2056=VERTEX_POINT('',#6984);
#2057=VERTEX_POINT('',#6986);
#2058=VERTEX_POINT('',#6990);
#2059=VERTEX_POINT('',#6992);
#2060=VERTEX_POINT('',#6996);
#2061=VERTEX_POINT('',#6998);
#2062=VERTEX_POINT('',#7002);
#2063=VERTEX_POINT('',#7004);
#2064=VERTEX_POINT('',#7008);
#2065=VERTEX_POINT('',#7010);
#2066=VERTEX_POINT('',#7023);
#2067=VERTEX_POINT('',#7029);
#2068=VERTEX_POINT('',#7046);
#2069=VERTEX_POINT('',#7052);
#2070=VERTEX_POINT('',#7060);
#2071=VERTEX_POINT('',#7062);
#2072=VERTEX_POINT('',#7066);
#2073=VERTEX_POINT('',#7068);
#2074=VERTEX_POINT('',#7072);
#2075=VERTEX_POINT('',#7074);
#2076=VERTEX_POINT('',#7087);
#2077=VERTEX_POINT('',#7093);
#2078=VERTEX_POINT('',#7110);
#2079=VERTEX_POINT('',#7116);
#2080=VERTEX_POINT('',#7124);
#2081=VERTEX_POINT('',#7126);
#2082=VERTEX_POINT('',#7130);
#2083=VERTEX_POINT('',#7132);
#2084=VERTEX_POINT('',#7136);
#2085=VERTEX_POINT('',#7138);
#2086=VERTEX_POINT('',#7146);
#2087=VERTEX_POINT('',#7147);
#2088=VERTEX_POINT('',#7149);
#2089=VERTEX_POINT('',#7151);
#2090=VERTEX_POINT('',#7155);
#2091=VERTEX_POINT('',#7157);
#2092=VERTEX_POINT('',#7161);
#2093=VERTEX_POINT('',#7163);
#2094=VERTEX_POINT('',#7167);
#2095=VERTEX_POINT('',#7169);
#2096=VERTEX_POINT('',#7173);
#2097=VERTEX_POINT('',#7175);
#2098=VERTEX_POINT('',#7179);
#2099=VERTEX_POINT('',#7181);
#2100=VERTEX_POINT('',#7185);
#2101=VERTEX_POINT('',#7187);
#2102=VERTEX_POINT('',#7191);
#2103=VERTEX_POINT('',#7193);
#2104=VERTEX_POINT('',#7197);
#2105=VERTEX_POINT('',#7199);
#2106=VERTEX_POINT('',#7212);
#2107=VERTEX_POINT('',#7218);
#2108=VERTEX_POINT('',#7235);
#2109=VERTEX_POINT('',#7241);
#2110=VERTEX_POINT('',#7249);
#2111=VERTEX_POINT('',#7251);
#2112=VERTEX_POINT('',#7255);
#2113=VERTEX_POINT('',#7257);
#2114=VERTEX_POINT('',#7261);
#2115=VERTEX_POINT('',#7263);
#2116=VERTEX_POINT('',#7272);
#2117=VERTEX_POINT('',#7274);
#2118=VERTEX_POINT('',#7278);
#2119=VERTEX_POINT('',#7280);
#2120=VERTEX_POINT('',#7284);
#2121=VERTEX_POINT('',#7285);
#2122=VERTEX_POINT('',#7287);
#2123=VERTEX_POINT('',#7289);
#2124=VERTEX_POINT('',#7293);
#2125=VERTEX_POINT('',#7295);
#2126=VERTEX_POINT('',#7299);
#2127=VERTEX_POINT('',#7301);
#2128=VERTEX_POINT('',#7307);
#2129=VERTEX_POINT('',#7309);
#2130=VERTEX_POINT('',#7311);
#2131=VERTEX_POINT('',#7313);
#2132=VERTEX_POINT('',#7315);
#2133=VERTEX_POINT('',#7317);
#2134=VERTEX_POINT('',#7319);
#2135=VERTEX_POINT('',#7321);
#2136=VERTEX_POINT('',#7324);
#2137=VERTEX_POINT('',#7325);
#2138=VERTEX_POINT('',#7327);
#2139=VERTEX_POINT('',#7329);
#2140=VERTEX_POINT('',#7333);
#2141=VERTEX_POINT('',#7335);
#2142=VERTEX_POINT('',#7339);
#2143=VERTEX_POINT('',#7341);
#2144=VERTEX_POINT('',#7345);
#2145=VERTEX_POINT('',#7346);
#2146=VERTEX_POINT('',#7348);
#2147=VERTEX_POINT('',#7350);
#2148=VERTEX_POINT('',#7354);
#2149=VERTEX_POINT('',#7356);
#2150=VERTEX_POINT('',#7358);
#2151=VERTEX_POINT('',#7360);
#2152=VERTEX_POINT('',#7364);
#2153=VERTEX_POINT('',#7366);
#2154=VERTEX_POINT('',#7370);
#2155=VERTEX_POINT('',#7372);
#2156=VERTEX_POINT('',#7379);
#2157=VERTEX_POINT('',#7381);
#2158=VERTEX_POINT('',#7385);
#2159=VERTEX_POINT('',#7386);
#2160=VERTEX_POINT('',#7390);
#2161=VERTEX_POINT('',#7392);
#2162=VERTEX_POINT('',#7394);
#2163=VERTEX_POINT('',#7397);
#2164=VERTEX_POINT('',#7401);
#2165=VERTEX_POINT('',#7403);
#2166=VERTEX_POINT('',#7407);
#2167=VERTEX_POINT('',#7409);
#2168=VERTEX_POINT('',#7413);
#2169=VERTEX_POINT('',#7415);
#2170=VERTEX_POINT('',#7419);
#2171=VERTEX_POINT('',#7420);
#2172=VERTEX_POINT('',#7422);
#2173=VERTEX_POINT('',#7424);
#2174=VERTEX_POINT('',#7428);
#2175=VERTEX_POINT('',#7430);
#2176=VERTEX_POINT('',#7432);
#2177=VERTEX_POINT('',#7434);
#2178=VERTEX_POINT('',#7438);
#2179=VERTEX_POINT('',#7440);
#2180=VERTEX_POINT('',#7444);
#2181=VERTEX_POINT('',#7446);
#2182=VERTEX_POINT('',#7453);
#2183=VERTEX_POINT('',#7454);
#2184=VERTEX_POINT('',#7458);
#2185=VERTEX_POINT('',#7460);
#2186=VERTEX_POINT('',#7462);
#2187=VERTEX_POINT('',#7465);
#2188=VERTEX_POINT('',#7470);
#2189=VERTEX_POINT('',#7472);
#2190=VERTEX_POINT('',#7474);
#2191=VERTEX_POINT('',#7476);
#2192=VERTEX_POINT('',#7478);
#2193=VERTEX_POINT('',#7480);
#2194=VERTEX_POINT('',#7484);
#2195=VERTEX_POINT('',#7485);
#2196=VERTEX_POINT('',#7487);
#2197=VERTEX_POINT('',#7489);
#2198=VERTEX_POINT('',#7494);
#2199=VERTEX_POINT('',#7499);
#2200=VERTEX_POINT('',#7501);
#2201=VERTEX_POINT('',#7505);
#2202=VERTEX_POINT('',#7506);
#2203=VERTEX_POINT('',#7508);
#2204=VERTEX_POINT('',#7510);
#2205=VERTEX_POINT('',#7514);
#2206=VERTEX_POINT('',#7515);
#2207=VERTEX_POINT('',#7517);
#2208=VERTEX_POINT('',#7522);
#2209=VERTEX_POINT('',#7524);
#2210=VERTEX_POINT('',#7528);
#2211=VERTEX_POINT('',#7535);
#2212=VERTEX_POINT('',#7536);
#2213=VERTEX_POINT('',#7538);
#2214=VERTEX_POINT('',#7540);
#2215=VERTEX_POINT('',#7544);
#2216=VERTEX_POINT('',#7545);
#2217=VERTEX_POINT('',#7547);
#2218=VERTEX_POINT('',#7552);
#2219=VERTEX_POINT('',#7554);
#2220=VERTEX_POINT('',#7558);
#2221=VERTEX_POINT('',#7565);
#2222=VERTEX_POINT('',#7567);
#2223=VERTEX_POINT('',#7573);
#2224=VERTEX_POINT('',#7575);
#2225=VERTEX_POINT('',#7580);
#2226=VERTEX_POINT('',#7582);
#2227=VERTEX_POINT('',#7586);
#2228=VERTEX_POINT('',#7588);
#2229=VERTEX_POINT('',#7592);
#2230=VERTEX_POINT('',#7594);
#2231=VERTEX_POINT('',#7598);
#2232=VERTEX_POINT('',#7600);
#2233=VERTEX_POINT('',#7606);
#2234=VERTEX_POINT('',#7608);
#2235=VERTEX_POINT('',#7613);
#2236=VERTEX_POINT('',#7621);
#2237=VERTEX_POINT('',#7622);
#2238=VERTEX_POINT('',#7624);
#2239=VERTEX_POINT('',#7626);
#2240=VERTEX_POINT('',#7628);
#2241=VERTEX_POINT('',#7630);
#2242=VERTEX_POINT('',#7632);
#2243=VERTEX_POINT('',#7634);
#2244=VERTEX_POINT('',#7638);
#2245=VERTEX_POINT('',#7639);
#2246=VERTEX_POINT('',#7641);
#2247=VERTEX_POINT('',#7643);
#2248=VERTEX_POINT('',#7649);
#2249=VERTEX_POINT('',#7650);
#2250=VERTEX_POINT('',#7652);
#2251=VERTEX_POINT('',#7654);
#2252=VERTEX_POINT('',#7664);
#2253=VERTEX_POINT('',#7665);
#2254=VERTEX_POINT('',#7670);
#2255=VERTEX_POINT('',#7674);
#2256=EDGE_CURVE('',#1836,#1837,#812,.T.);
#2257=EDGE_CURVE('',#1836,#1838,#813,.T.);
#2258=EDGE_CURVE('',#1838,#1839,#814,.T.);
#2259=EDGE_CURVE('',#1837,#1839,#815,.T.);
#2260=EDGE_CURVE('',#1840,#1836,#204,.T.);
#2261=EDGE_CURVE('',#1840,#1841,#816,.T.);
#2262=EDGE_CURVE('',#1841,#1838,#205,.T.);
#2263=EDGE_CURVE('',#1842,#1840,#817,.T.);
#2264=EDGE_CURVE('',#1842,#1843,#818,.T.);
#2265=EDGE_CURVE('',#1843,#1841,#819,.T.);
#2266=EDGE_CURVE('',#1837,#1842,#206,.T.);
#2267=EDGE_CURVE('',#1839,#1843,#207,.T.);
#2268=EDGE_CURVE('',#1844,#1844,#208,.T.);
#2269=EDGE_CURVE('',#1845,#1845,#209,.T.);
#2270=EDGE_CURVE('',#1845,#1844,#820,.T.);
#2271=EDGE_CURVE('',#1846,#1847,#821,.T.);
#2272=EDGE_CURVE('',#1847,#1848,#822,.T.);
#2273=EDGE_CURVE('',#1849,#1848,#823,.T.);
#2274=EDGE_CURVE('',#1846,#1849,#824,.T.);
#2275=EDGE_CURVE('',#1850,#1846,#210,.T.);
#2276=EDGE_CURVE('',#1851,#1849,#211,.T.);
#2277=EDGE_CURVE('',#1850,#1851,#825,.T.);
#2278=EDGE_CURVE('',#1852,#1850,#826,.T.);
#2279=EDGE_CURVE('',#1853,#1851,#827,.T.);
#2280=EDGE_CURVE('',#1852,#1853,#828,.T.);
#2281=EDGE_CURVE('',#1854,#1852,#212,.T.);
#2282=EDGE_CURVE('',#1855,#1853,#213,.T.);
#2283=EDGE_CURVE('',#1854,#1855,#829,.T.);
#2284=EDGE_CURVE('',#1856,#1854,#830,.T.);
#2285=EDGE_CURVE('',#1857,#1855,#831,.T.);
#2286=EDGE_CURVE('',#1856,#1857,#832,.T.);
#2287=EDGE_CURVE('',#1858,#1856,#214,.T.);
#2288=EDGE_CURVE('',#1859,#1857,#215,.T.);
#2289=EDGE_CURVE('',#1858,#1859,#833,.T.);
#2290=EDGE_CURVE('',#1860,#1858,#834,.T.);
#2291=EDGE_CURVE('',#1861,#1859,#835,.T.);
#2292=EDGE_CURVE('',#1860,#1861,#836,.T.);
#2293=EDGE_CURVE('',#1847,#1860,#216,.T.);
#2294=EDGE_CURVE('',#1848,#1861,#217,.T.);
#2295=EDGE_CURVE('',#1862,#1862,#218,.T.);
#2296=EDGE_CURVE('',#1862,#1863,#837,.T.);
#2297=EDGE_CURVE('',#1863,#1863,#219,.T.);
#2298=EDGE_CURVE('',#1864,#1864,#220,.T.);
#2299=EDGE_CURVE('',#1864,#1865,#838,.T.);
#2300=EDGE_CURVE('',#1865,#1865,#221,.T.);
#2301=EDGE_CURVE('',#1866,#1867,#839,.T.);
#2302=EDGE_CURVE('',#1868,#1866,#840,.T.);
#2303=EDGE_CURVE('',#1869,#1868,#841,.T.);
#2304=EDGE_CURVE('',#1870,#1869,#842,.T.);
#2305=EDGE_CURVE('',#1871,#1870,#843,.T.);
#2306=EDGE_CURVE('',#1872,#1871,#844,.T.);
#2307=EDGE_CURVE('',#1873,#1872,#845,.T.);
#2308=EDGE_CURVE('',#1867,#1873,#846,.T.);
#2309=EDGE_CURVE('',#1874,#1871,#847,.T.);
#2310=EDGE_CURVE('',#1874,#1875,#848,.T.);
#2311=EDGE_CURVE('',#1875,#1872,#849,.T.);
#2312=EDGE_CURVE('',#1870,#1876,#850,.T.);
#2313=EDGE_CURVE('',#1877,#1876,#851,.T.);
#2314=EDGE_CURVE('',#1877,#1878,#852,.T.);
#2315=EDGE_CURVE('',#1879,#1878,#853,.T.);
#2316=EDGE_CURVE('',#1879,#1880,#854,.T.);
#2317=EDGE_CURVE('',#1880,#1874,#855,.F.);
#2318=EDGE_CURVE('',#1869,#1881,#856,.T.);
#2319=EDGE_CURVE('',#1882,#1881,#857,.T.);
#2320=EDGE_CURVE('',#1882,#1883,#858,.T.);
#2321=EDGE_CURVE('',#1883,#1884,#859,.T.);
#2322=EDGE_CURVE('',#1884,#1885,#860,.T.);
#2323=EDGE_CURVE('',#1876,#1885,#861,.T.);
#2324=EDGE_CURVE('',#1886,#1868,#862,.T.);
#2325=EDGE_CURVE('',#1886,#1887,#863,.T.);
#2326=EDGE_CURVE('',#1887,#1888,#864,.T.);
#2327=EDGE_CURVE('',#1889,#1888,#865,.T.);
#2328=EDGE_CURVE('',#1889,#1890,#866,.T.);
#2329=EDGE_CURVE('',#1881,#1890,#867,.T.);
#2330=EDGE_CURVE('',#1891,#1873,#868,.T.);
#2331=EDGE_CURVE('',#1892,#1891,#869,.T.);
#2332=EDGE_CURVE('',#1893,#1892,#870,.T.);
#2333=EDGE_CURVE('',#1893,#1894,#871,.T.);
#2334=EDGE_CURVE('',#1895,#1894,#872,.T.);
#2335=EDGE_CURVE('',#1895,#1896,#873,.T.);
#2336=EDGE_CURVE('',#1897,#1896,#874,.T.);
#2337=EDGE_CURVE('',#1897,#1898,#875,.T.);
#2338=EDGE_CURVE('',#1898,#1867,#876,.T.);
#2339=EDGE_CURVE('',#1891,#1875,#877,.F.);
#2340=EDGE_CURVE('',#1899,#1900,#878,.T.);
#2341=EDGE_CURVE('',#1899,#1901,#879,.T.);
#2342=EDGE_CURVE('',#1902,#1901,#880,.T.);
#2343=EDGE_CURVE('',#1900,#1902,#881,.T.);
#2344=EDGE_CURVE('',#1900,#1903,#882,.T.);
#2345=EDGE_CURVE('',#1904,#1902,#883,.T.);
#2346=EDGE_CURVE('',#1903,#1904,#884,.T.);
#2347=EDGE_CURVE('',#1903,#1905,#885,.T.);
#2348=EDGE_CURVE('',#1906,#1904,#886,.T.);
#2349=EDGE_CURVE('',#1905,#1906,#887,.T.);
#2350=EDGE_CURVE('',#1905,#1899,#888,.T.);
#2351=EDGE_CURVE('',#1901,#1906,#889,.T.);
#2352=EDGE_CURVE('',#1907,#1908,#890,.T.);
#2353=EDGE_CURVE('',#1907,#1909,#891,.T.);
#2354=EDGE_CURVE('',#1910,#1909,#892,.T.);
#2355=EDGE_CURVE('',#1908,#1910,#893,.T.);
#2356=EDGE_CURVE('',#1908,#1911,#894,.T.);
#2357=EDGE_CURVE('',#1912,#1910,#895,.T.);
#2358=EDGE_CURVE('',#1911,#1912,#896,.T.);
#2359=EDGE_CURVE('',#1911,#1913,#897,.T.);
#2360=EDGE_CURVE('',#1914,#1912,#898,.T.);
#2361=EDGE_CURVE('',#1913,#1914,#899,.T.);
#2362=EDGE_CURVE('',#1913,#1907,#900,.T.);
#2363=EDGE_CURVE('',#1909,#1914,#901,.T.);
#2364=EDGE_CURVE('',#1915,#1916,#902,.T.);
#2365=EDGE_CURVE('',#1915,#1917,#903,.T.);
#2366=EDGE_CURVE('',#1918,#1917,#904,.T.);
#2367=EDGE_CURVE('',#1916,#1918,#905,.T.);
#2368=EDGE_CURVE('',#1916,#1919,#906,.T.);
#2369=EDGE_CURVE('',#1920,#1918,#907,.T.);
#2370=EDGE_CURVE('',#1919,#1920,#908,.T.);
#2371=EDGE_CURVE('',#1919,#1921,#909,.T.);
#2372=EDGE_CURVE('',#1922,#1920,#910,.T.);
#2373=EDGE_CURVE('',#1921,#1922,#911,.T.);
#2374=EDGE_CURVE('',#1921,#1915,#912,.T.);
#2375=EDGE_CURVE('',#1917,#1922,#913,.T.);
#2376=EDGE_CURVE('',#1923,#1924,#914,.T.);
#2377=EDGE_CURVE('',#1923,#1925,#915,.T.);
#2378=EDGE_CURVE('',#1926,#1925,#916,.T.);
#2379=EDGE_CURVE('',#1924,#1926,#917,.T.);
#2380=EDGE_CURVE('',#1924,#1927,#918,.T.);
#2381=EDGE_CURVE('',#1928,#1926,#919,.T.);
#2382=EDGE_CURVE('',#1927,#1928,#920,.T.);
#2383=EDGE_CURVE('',#1927,#1929,#921,.T.);
#2384=EDGE_CURVE('',#1930,#1928,#922,.T.);
#2385=EDGE_CURVE('',#1929,#1930,#923,.T.);
#2386=EDGE_CURVE('',#1929,#1923,#924,.T.);
#2387=EDGE_CURVE('',#1925,#1930,#925,.T.);
#2388=EDGE_CURVE('',#1931,#1932,#926,.T.);
#2389=EDGE_CURVE('',#1931,#1933,#927,.T.);
#2390=EDGE_CURVE('',#1934,#1933,#928,.T.);
#2391=EDGE_CURVE('',#1932,#1934,#929,.T.);
#2392=EDGE_CURVE('',#1932,#1935,#930,.T.);
#2393=EDGE_CURVE('',#1936,#1934,#931,.T.);
#2394=EDGE_CURVE('',#1935,#1936,#932,.T.);
#2395=EDGE_CURVE('',#1935,#1937,#933,.T.);
#2396=EDGE_CURVE('',#1938,#1936,#934,.T.);
#2397=EDGE_CURVE('',#1937,#1938,#935,.T.);
#2398=EDGE_CURVE('',#1939,#1931,#936,.T.);
#2399=EDGE_CURVE('',#1939,#1940,#937,.T.);
#2400=EDGE_CURVE('',#1933,#1940,#938,.T.);
#2401=EDGE_CURVE('',#1937,#1939,#939,.T.);
#2402=EDGE_CURVE('',#1940,#1938,#940,.T.);
#2403=EDGE_CURVE('',#1941,#1942,#941,.T.);
#2404=EDGE_CURVE('',#1941,#1943,#942,.T.);
#2405=EDGE_CURVE('',#1944,#1943,#943,.T.);
#2406=EDGE_CURVE('',#1942,#1944,#944,.T.);
#2407=EDGE_CURVE('',#1942,#1945,#945,.T.);
#2408=EDGE_CURVE('',#1946,#1944,#946,.T.);
#2409=EDGE_CURVE('',#1945,#1946,#947,.T.);
#2410=EDGE_CURVE('',#1945,#1947,#948,.T.);
#2411=EDGE_CURVE('',#1948,#1946,#949,.T.);
#2412=EDGE_CURVE('',#1947,#1948,#950,.T.);
#2413=EDGE_CURVE('',#1947,#1941,#951,.T.);
#2414=EDGE_CURVE('',#1943,#1948,#952,.T.);
#2415=EDGE_CURVE('',#1884,#1894,#953,.T.);
#2416=EDGE_CURVE('',#1895,#1883,#954,.T.);
#2417=EDGE_CURVE('',#1949,#1893,#955,.T.);
#2418=EDGE_CURVE('',#1950,#1949,#956,.T.);
#2419=EDGE_CURVE('',#1951,#1950,#957,.T.);
#2420=EDGE_CURVE('',#1885,#1951,#958,.T.);
#2421=EDGE_CURVE('',#1952,#1898,#959,.T.);
#2422=EDGE_CURVE('',#1952,#1866,#960,.T.);
#2423=EDGE_CURVE('',#1952,#1886,#961,.T.);
#2424=EDGE_CURVE('',#1953,#1954,#962,.T.);
#2425=EDGE_CURVE('',#1888,#1954,#963,.T.);
#2426=EDGE_CURVE('',#1953,#1887,#964,.T.);
#2427=EDGE_CURVE('',#1898,#1953,#965,.T.);
#2428=EDGE_CURVE('',#1954,#1955,#966,.T.);
#2429=EDGE_CURVE('',#1955,#1956,#967,.T.);
#2430=EDGE_CURVE('',#1956,#1957,#968,.T.);
#2431=EDGE_CURVE('',#1958,#1957,#969,.T.);
#2432=EDGE_CURVE('',#1958,#1889,#970,.T.);
#2433=EDGE_CURVE('',#1880,#1959,#971,.T.);
#2434=EDGE_CURVE('',#1959,#1891,#972,.T.);
#2435=EDGE_CURVE('',#1960,#1879,#973,.T.);
#2436=EDGE_CURVE('',#1959,#1960,#974,.T.);
#2437=EDGE_CURVE('',#1878,#1961,#975,.T.);
#2438=EDGE_CURVE('',#1962,#1961,#976,.T.);
#2439=EDGE_CURVE('',#1962,#1963,#977,.T.);
#2440=EDGE_CURVE('',#1963,#1964,#978,.T.);
#2441=EDGE_CURVE('',#1964,#1960,#979,.T.);
#2442=EDGE_CURVE('',#1951,#1965,#980,.T.);
#2443=EDGE_CURVE('',#1965,#1876,#981,.T.);
#2444=EDGE_CURVE('',#1965,#1966,#982,.T.);
#2445=EDGE_CURVE('',#1966,#1877,#983,.T.);
#2446=EDGE_CURVE('',#1967,#1877,#984,.T.);
#2447=EDGE_CURVE('',#1966,#1968,#985,.T.);
#2448=EDGE_CURVE('',#1968,#1967,#986,.T.);
#2449=EDGE_CURVE('',#1968,#1962,#987,.T.);
#2450=EDGE_CURVE('',#1961,#1967,#988,.T.);
#2451=EDGE_CURVE('',#1969,#1958,#989,.T.);
#2452=EDGE_CURVE('',#1957,#1970,#990,.T.);
#2453=EDGE_CURVE('',#1970,#1969,#991,.T.);
#2454=EDGE_CURVE('',#1970,#1971,#992,.T.);
#2455=EDGE_CURVE('',#1971,#1890,#993,.T.);
#2456=EDGE_CURVE('',#1890,#1969,#994,.T.);
#2457=EDGE_CURVE('',#1971,#1972,#995,.T.);
#2458=EDGE_CURVE('',#1972,#1881,#996,.T.);
#2459=EDGE_CURVE('',#1972,#1973,#997,.T.);
#2460=EDGE_CURVE('',#1973,#1882,#998,.T.);
#2461=EDGE_CURVE('',#1974,#1973,#999,.T.);
#2462=EDGE_CURVE('',#1975,#1974,#1000,.T.);
#2463=EDGE_CURVE('',#1896,#1975,#1001,.T.);
#2464=EDGE_CURVE('',#1950,#1974,#1002,.T.);
#2465=EDGE_CURVE('',#1975,#1949,#1003,.T.);
#2466=EDGE_CURVE('',#1892,#1976,#1004,.T.);
#2467=EDGE_CURVE('',#1976,#1977,#1005,.T.);
#2468=EDGE_CURVE('',#1977,#1978,#1006,.T.);
#2469=EDGE_CURVE('',#1978,#1979,#1007,.T.);
#2470=EDGE_CURVE('',#1979,#1980,#1008,.T.);
#2471=EDGE_CURVE('',#1980,#1981,#1009,.T.);
#2472=EDGE_CURVE('',#1981,#1897,#1010,.T.);
#2473=EDGE_CURVE('',#1980,#1956,#1011,.T.);
#2474=EDGE_CURVE('',#1979,#1982,#1012,.T.);
#2475=EDGE_CURVE('',#1970,#1982,#1013,.T.);
#2476=EDGE_CURVE('',#1983,#1968,#1014,.T.);
#2477=EDGE_CURVE('',#1983,#1978,#1015,.T.);
#2478=EDGE_CURVE('',#1963,#1977,#1016,.T.);
#2479=EDGE_CURVE('',#1982,#1983,#1017,.T.);
#2480=EDGE_CURVE('',#1976,#1964,#1018,.T.);
#2481=EDGE_CURVE('',#1981,#1955,#1019,.T.);
#2482=EDGE_CURVE('',#1984,#1985,#1020,.T.);
#2483=EDGE_CURVE('',#1984,#1986,#1021,.T.);
#2484=EDGE_CURVE('',#1986,#1987,#1022,.T.);
#2485=EDGE_CURVE('',#1985,#1987,#1023,.T.);
#2486=EDGE_CURVE('',#1988,#1984,#1024,.T.);
#2487=EDGE_CURVE('',#1988,#1989,#1025,.T.);
#2488=EDGE_CURVE('',#1989,#1986,#1026,.T.);
#2489=EDGE_CURVE('',#1990,#1988,#1027,.T.);
#2490=EDGE_CURVE('',#1990,#1991,#1028,.T.);
#2491=EDGE_CURVE('',#1991,#1989,#1029,.T.);
#2492=EDGE_CURVE('',#1992,#1990,#1030,.T.);
#2493=EDGE_CURVE('',#1992,#1993,#1031,.T.);
#2494=EDGE_CURVE('',#1993,#1991,#1032,.T.);
#2495=EDGE_CURVE('',#1994,#1992,#1033,.T.);
#2496=EDGE_CURVE('',#1994,#1995,#1034,.T.);
#2497=EDGE_CURVE('',#1995,#1993,#1035,.T.);
#2498=EDGE_CURVE('',#1996,#1994,#1036,.T.);
#2499=EDGE_CURVE('',#1996,#1997,#1037,.T.);
#2500=EDGE_CURVE('',#1997,#1995,#1038,.T.);
#2501=EDGE_CURVE('',#1998,#1996,#1039,.T.);
#2502=EDGE_CURVE('',#1998,#1999,#1040,.T.);
#2503=EDGE_CURVE('',#1999,#1997,#1041,.T.);
#2504=EDGE_CURVE('',#2000,#1998,#1042,.T.);
#2505=EDGE_CURVE('',#2000,#2001,#1043,.T.);
#2506=EDGE_CURVE('',#2001,#1999,#1044,.T.);
#2507=EDGE_CURVE('',#2002,#2000,#1045,.T.);
#2508=EDGE_CURVE('',#2002,#2003,#1046,.T.);
#2509=EDGE_CURVE('',#2003,#2001,#1047,.T.);
#2510=EDGE_CURVE('',#2004,#2002,#1048,.T.);
#2511=EDGE_CURVE('',#2004,#2005,#1049,.T.);
#2512=EDGE_CURVE('',#2005,#2003,#1050,.T.);
#2513=EDGE_CURVE('',#2006,#2004,#1051,.T.);
#2514=EDGE_CURVE('',#2006,#2007,#1052,.T.);
#2515=EDGE_CURVE('',#2007,#2005,#1053,.T.);
#2516=EDGE_CURVE('',#1985,#2006,#1054,.T.);
#2517=EDGE_CURVE('',#1987,#2007,#1055,.T.);
#2518=EDGE_CURVE('',#2008,#2009,#43,.T.);
#2519=EDGE_CURVE('',#2008,#2010,#1056,.T.);
#2520=EDGE_CURVE('',#2010,#2011,#44,.T.);
#2521=EDGE_CURVE('',#2009,#2011,#1057,.T.);
#2522=EDGE_CURVE('',#2012,#2008,#45,.T.);
#2523=EDGE_CURVE('',#2012,#2013,#1058,.T.);
#2524=EDGE_CURVE('',#2013,#2010,#46,.T.);
#2525=EDGE_CURVE('',#2014,#2012,#47,.T.);
#2526=EDGE_CURVE('',#2014,#2015,#1059,.T.);
#2527=EDGE_CURVE('',#2015,#2013,#48,.T.);
#2528=EDGE_CURVE('',#2016,#2014,#49,.T.);
#2529=EDGE_CURVE('',#2016,#2017,#1060,.T.);
#2530=EDGE_CURVE('',#2017,#2015,#50,.T.);
#2531=EDGE_CURVE('',#2018,#2016,#51,.T.);
#2532=EDGE_CURVE('',#2018,#2019,#1061,.T.);
#2533=EDGE_CURVE('',#2019,#2017,#52,.T.);
#2534=EDGE_CURVE('',#2020,#2018,#53,.T.);
#2535=EDGE_CURVE('',#2020,#2021,#1062,.T.);
#2536=EDGE_CURVE('',#2021,#2019,#54,.T.);
#2537=EDGE_CURVE('',#2022,#2020,#55,.T.);
#2538=EDGE_CURVE('',#2022,#2023,#1063,.T.);
#2539=EDGE_CURVE('',#2023,#2021,#56,.T.);
#2540=EDGE_CURVE('',#2024,#2022,#57,.T.);
#2541=EDGE_CURVE('',#2024,#2025,#1064,.T.);
#2542=EDGE_CURVE('',#2025,#2023,#58,.T.);
#2543=EDGE_CURVE('',#2009,#2024,#59,.T.);
#2544=EDGE_CURVE('',#2011,#2025,#60,.T.);
#2545=EDGE_CURVE('',#2026,#2027,#61,.T.);
#2546=EDGE_CURVE('',#2026,#2028,#1065,.T.);
#2547=EDGE_CURVE('',#2028,#2029,#62,.T.);
#2548=EDGE_CURVE('',#2027,#2029,#1066,.T.);
#2549=EDGE_CURVE('',#2030,#2026,#63,.T.);
#2550=EDGE_CURVE('',#2030,#2031,#1067,.T.);
#2551=EDGE_CURVE('',#2031,#2028,#64,.T.);
#2552=EDGE_CURVE('',#2032,#2030,#65,.T.);
#2553=EDGE_CURVE('',#2032,#2033,#1068,.T.);
#2554=EDGE_CURVE('',#2033,#2031,#66,.T.);
#2555=EDGE_CURVE('',#2034,#2032,#67,.T.);
#2556=EDGE_CURVE('',#2034,#2035,#1069,.T.);
#2557=EDGE_CURVE('',#2035,#2033,#68,.T.);
#2558=EDGE_CURVE('',#2036,#2034,#69,.T.);
#2559=EDGE_CURVE('',#2036,#2037,#1070,.T.);
#2560=EDGE_CURVE('',#2037,#2035,#70,.T.);
#2561=EDGE_CURVE('',#2038,#2036,#71,.T.);
#2562=EDGE_CURVE('',#2038,#2039,#1071,.T.);
#2563=EDGE_CURVE('',#2039,#2037,#72,.T.);
#2564=EDGE_CURVE('',#2040,#2038,#73,.T.);
#2565=EDGE_CURVE('',#2040,#2041,#1072,.T.);
#2566=EDGE_CURVE('',#2041,#2039,#74,.T.);
#2567=EDGE_CURVE('',#2042,#2040,#75,.T.);
#2568=EDGE_CURVE('',#2042,#2043,#1073,.T.);
#2569=EDGE_CURVE('',#2043,#2041,#76,.T.);
#2570=EDGE_CURVE('',#2044,#2042,#77,.T.);
#2571=EDGE_CURVE('',#2044,#2045,#1074,.T.);
#2572=EDGE_CURVE('',#2045,#2043,#78,.T.);
#2573=EDGE_CURVE('',#2046,#2044,#79,.T.);
#2574=EDGE_CURVE('',#2046,#2047,#1075,.T.);
#2575=EDGE_CURVE('',#2047,#2045,#80,.T.);
#2576=EDGE_CURVE('',#2027,#2046,#81,.T.);
#2577=EDGE_CURVE('',#2029,#2047,#82,.T.);
#2578=EDGE_CURVE('',#2048,#2049,#1076,.T.);
#2579=EDGE_CURVE('',#2048,#2050,#1077,.T.);
#2580=EDGE_CURVE('',#2050,#2051,#1078,.T.);
#2581=EDGE_CURVE('',#2049,#2051,#1079,.T.);
#2582=EDGE_CURVE('',#2052,#2048,#83,.T.);
#2583=EDGE_CURVE('',#2052,#2053,#1080,.T.);
#2584=EDGE_CURVE('',#2053,#2050,#84,.T.);
#2585=EDGE_CURVE('',#2054,#2052,#85,.T.);
#2586=EDGE_CURVE('',#2054,#2055,#1081,.T.);
#2587=EDGE_CURVE('',#2055,#2053,#86,.T.);
#2588=EDGE_CURVE('',#2056,#2054,#1082,.T.);
#2589=EDGE_CURVE('',#2056,#2057,#1083,.T.);
#2590=EDGE_CURVE('',#2057,#2055,#1084,.T.);
#2591=EDGE_CURVE('',#2058,#2056,#1085,.T.);
#2592=EDGE_CURVE('',#2058,#2059,#1086,.T.);
#2593=EDGE_CURVE('',#2059,#2057,#1087,.T.);
#2594=EDGE_CURVE('',#2060,#2058,#1088,.T.);
#2595=EDGE_CURVE('',#2060,#2061,#1089,.T.);
#2596=EDGE_CURVE('',#2061,#2059,#1090,.T.);
#2597=EDGE_CURVE('',#2062,#2060,#1091,.T.);
#2598=EDGE_CURVE('',#2062,#2063,#1092,.T.);
#2599=EDGE_CURVE('',#2063,#2061,#1093,.T.);
#2600=EDGE_CURVE('',#2064,#2062,#1094,.T.);
#2601=EDGE_CURVE('',#2064,#2065,#1095,.T.);
#2602=EDGE_CURVE('',#2065,#2063,#1096,.T.);
#2603=EDGE_CURVE('',#2066,#2064,#87,.T.);
#2604=EDGE_CURVE('',#2066,#2067,#1097,.T.);
#2605=EDGE_CURVE('',#2067,#2065,#88,.T.);
#2606=EDGE_CURVE('',#2068,#2066,#89,.T.);
#2607=EDGE_CURVE('',#2068,#2069,#1098,.T.);
#2608=EDGE_CURVE('',#2069,#2067,#90,.T.);
#2609=EDGE_CURVE('',#2070,#2068,#1099,.T.);
#2610=EDGE_CURVE('',#2070,#2071,#1100,.T.);
#2611=EDGE_CURVE('',#2071,#2069,#1101,.T.);
#2612=EDGE_CURVE('',#2072,#2070,#1102,.T.);
#2613=EDGE_CURVE('',#2072,#2073,#1103,.T.);
#2614=EDGE_CURVE('',#2073,#2071,#1104,.T.);
#2615=EDGE_CURVE('',#2074,#2072,#1105,.T.);
#2616=EDGE_CURVE('',#2074,#2075,#1106,.T.);
#2617=EDGE_CURVE('',#2075,#2073,#1107,.T.);
#2618=EDGE_CURVE('',#2076,#2074,#91,.T.);
#2619=EDGE_CURVE('',#2076,#2077,#1108,.T.);
#2620=EDGE_CURVE('',#2077,#2075,#92,.T.);
#2621=EDGE_CURVE('',#2078,#2076,#93,.T.);
#2622=EDGE_CURVE('',#2078,#2079,#1109,.T.);
#2623=EDGE_CURVE('',#2079,#2077,#94,.T.);
#2624=EDGE_CURVE('',#2080,#2078,#1110,.T.);
#2625=EDGE_CURVE('',#2080,#2081,#1111,.T.);
#2626=EDGE_CURVE('',#2081,#2079,#1112,.T.);
#2627=EDGE_CURVE('',#2082,#2080,#1113,.T.);
#2628=EDGE_CURVE('',#2082,#2083,#1114,.T.);
#2629=EDGE_CURVE('',#2083,#2081,#1115,.T.);
#2630=EDGE_CURVE('',#2084,#2082,#1116,.T.);
#2631=EDGE_CURVE('',#2084,#2085,#1117,.T.);
#2632=EDGE_CURVE('',#2085,#2083,#1118,.T.);
#2633=EDGE_CURVE('',#2049,#2084,#1119,.T.);
#2634=EDGE_CURVE('',#2051,#2085,#1120,.T.);
#2635=EDGE_CURVE('',#2086,#2087,#1121,.T.);
#2636=EDGE_CURVE('',#2086,#2088,#1122,.T.);
#2637=EDGE_CURVE('',#2088,#2089,#1123,.T.);
#2638=EDGE_CURVE('',#2087,#2089,#1124,.T.);
#2639=EDGE_CURVE('',#2090,#2086,#1125,.T.);
#2640=EDGE_CURVE('',#2090,#2091,#1126,.T.);
#2641=EDGE_CURVE('',#2091,#2088,#1127,.T.);
#2642=EDGE_CURVE('',#2092,#2090,#1128,.T.);
#2643=EDGE_CURVE('',#2092,#2093,#1129,.T.);
#2644=EDGE_CURVE('',#2093,#2091,#1130,.T.);
#2645=EDGE_CURVE('',#2094,#2092,#1131,.T.);
#2646=EDGE_CURVE('',#2094,#2095,#1132,.T.);
#2647=EDGE_CURVE('',#2095,#2093,#1133,.T.);
#2648=EDGE_CURVE('',#2096,#2094,#1134,.T.);
#2649=EDGE_CURVE('',#2096,#2097,#1135,.T.);
#2650=EDGE_CURVE('',#2097,#2095,#1136,.T.);
#2651=EDGE_CURVE('',#2098,#2096,#1137,.T.);
#2652=EDGE_CURVE('',#2098,#2099,#1138,.T.);
#2653=EDGE_CURVE('',#2099,#2097,#1139,.T.);
#2654=EDGE_CURVE('',#2100,#2098,#1140,.T.);
#2655=EDGE_CURVE('',#2100,#2101,#1141,.T.);
#2656=EDGE_CURVE('',#2101,#2099,#1142,.T.);
#2657=EDGE_CURVE('',#2102,#2100,#1143,.T.);
#2658=EDGE_CURVE('',#2102,#2103,#1144,.T.);
#2659=EDGE_CURVE('',#2103,#2101,#1145,.T.);
#2660=EDGE_CURVE('',#2104,#2102,#1146,.T.);
#2661=EDGE_CURVE('',#2104,#2105,#1147,.T.);
#2662=EDGE_CURVE('',#2105,#2103,#1148,.T.);
#2663=EDGE_CURVE('',#2106,#2104,#95,.T.);
#2664=EDGE_CURVE('',#2106,#2107,#1149,.T.);
#2665=EDGE_CURVE('',#2107,#2105,#96,.T.);
#2666=EDGE_CURVE('',#2108,#2106,#97,.T.);
#2667=EDGE_CURVE('',#2108,#2109,#1150,.T.);
#2668=EDGE_CURVE('',#2109,#2107,#98,.T.);
#2669=EDGE_CURVE('',#2110,#2108,#1151,.T.);
#2670=EDGE_CURVE('',#2110,#2111,#1152,.T.);
#2671=EDGE_CURVE('',#2111,#2109,#1153,.T.);
#2672=EDGE_CURVE('',#2112,#2110,#1154,.T.);
#2673=EDGE_CURVE('',#2112,#2113,#1155,.T.);
#2674=EDGE_CURVE('',#2113,#2111,#1156,.T.);
#2675=EDGE_CURVE('',#2114,#2112,#1157,.T.);
#2676=EDGE_CURVE('',#2114,#2115,#1158,.T.);
#2677=EDGE_CURVE('',#2115,#2113,#1159,.T.);
#2678=EDGE_CURVE('',#2087,#2114,#1160,.T.);
#2679=EDGE_CURVE('',#2089,#2115,#1161,.T.);
#2680=EDGE_CURVE('',#2116,#2116,#222,.T.);
#2681=EDGE_CURVE('',#2116,#2117,#1162,.T.);
#2682=EDGE_CURVE('',#2117,#2117,#223,.T.);
#2683=EDGE_CURVE('',#2118,#2118,#224,.T.);
#2684=EDGE_CURVE('',#2118,#2119,#1163,.T.);
#2685=EDGE_CURVE('',#2119,#2119,#225,.T.);
#2686=EDGE_CURVE('',#2120,#2121,#1164,.T.);
#2687=EDGE_CURVE('',#2122,#2120,#1165,.T.);
#2688=EDGE_CURVE('',#2123,#2122,#1166,.T.);
#2689=EDGE_CURVE('',#2121,#2123,#1167,.T.);
#2690=EDGE_CURVE('',#2121,#2124,#1168,.T.);
#2691=EDGE_CURVE('',#2123,#2125,#1169,.T.);
#2692=EDGE_CURVE('',#2124,#2125,#1170,.T.);
#2693=EDGE_CURVE('',#2126,#2120,#1171,.T.);
#2694=EDGE_CURVE('',#2127,#2126,#1172,.T.);
#2695=EDGE_CURVE('',#2127,#2122,#1173,.T.);
#2696=EDGE_CURVE('',#2125,#2127,#1174,.T.);
#2697=EDGE_CURVE('',#2126,#2128,#1175,.T.);
#2698=EDGE_CURVE('',#2128,#2129,#226,.T.);
#2699=EDGE_CURVE('',#2129,#2130,#1176,.T.);
#2700=EDGE_CURVE('',#2130,#2131,#227,.T.);
#2701=EDGE_CURVE('',#2131,#2132,#1177,.T.);
#2702=EDGE_CURVE('',#2132,#2133,#228,.T.);
#2703=EDGE_CURVE('',#2133,#2134,#1178,.T.);
#2704=EDGE_CURVE('',#2134,#2135,#229,.T.);
#2705=EDGE_CURVE('',#2135,#2124,#1179,.T.);
#2706=EDGE_CURVE('',#2136,#2137,#1180,.T.);
#2707=EDGE_CURVE('',#2137,#2138,#1181,.T.);
#2708=EDGE_CURVE('',#2138,#2139,#1182,.T.);
#2709=EDGE_CURVE('',#2139,#2136,#1183,.T.);
#2710=EDGE_CURVE('',#2140,#2140,#230,.T.);
#2711=EDGE_CURVE('',#2140,#2141,#1184,.T.);
#2712=EDGE_CURVE('',#2141,#2141,#231,.T.);
#2713=EDGE_CURVE('',#2142,#2142,#232,.T.);
#2714=EDGE_CURVE('',#2142,#2143,#1185,.T.);
#2715=EDGE_CURVE('',#2143,#2143,#233,.T.);
#2716=EDGE_CURVE('',#2144,#2145,#1186,.T.);
#2717=EDGE_CURVE('',#2146,#2144,#1187,.T.);
#2718=EDGE_CURVE('',#2147,#2146,#1188,.T.);
#2719=EDGE_CURVE('',#2147,#2145,#1189,.T.);
#2720=EDGE_CURVE('',#2145,#2148,#1190,.T.);
#2721=EDGE_CURVE('',#2149,#2147,#1191,.T.);
#2722=EDGE_CURVE('',#2149,#2150,#1192,.T.);
#2723=EDGE_CURVE('',#2150,#2151,#1193,.T.);
#2724=EDGE_CURVE('',#2148,#2151,#1194,.T.);
#2725=EDGE_CURVE('',#2152,#2149,#1195,.T.);
#2726=EDGE_CURVE('',#2152,#2153,#1196,.T.);
#2727=EDGE_CURVE('',#2153,#2150,#1197,.T.);
#2728=EDGE_CURVE('',#2154,#2144,#1198,.T.);
#2729=EDGE_CURVE('',#2155,#2154,#1199,.T.);
#2730=EDGE_CURVE('',#2155,#2153,#1200,.T.);
#2731=EDGE_CURVE('',#2146,#2152,#1201,.T.);
#2732=EDGE_CURVE('',#2151,#2155,#1202,.T.);
#2733=EDGE_CURVE('',#2156,#2156,#234,.T.);
#2734=EDGE_CURVE('',#2156,#2157,#1203,.T.);
#2735=EDGE_CURVE('',#2157,#2157,#235,.T.);
#2736=EDGE_CURVE('',#2158,#2159,#1204,.T.);
#2737=EDGE_CURVE('',#2159,#2158,#236,.T.);
#2738=EDGE_CURVE('',#2160,#2160,#237,.T.);
#2739=EDGE_CURVE('',#2160,#2161,#1205,.T.);
#2740=EDGE_CURVE('',#2162,#2161,#238,.T.);
#2741=EDGE_CURVE('',#2159,#2162,#1206,.T.);
#2742=EDGE_CURVE('',#2163,#2158,#1207,.T.);
#2743=EDGE_CURVE('',#2161,#2163,#239,.T.);
#2744=EDGE_CURVE('',#2164,#2164,#240,.T.);
#2745=EDGE_CURVE('',#2164,#2165,#1208,.T.);
#2746=EDGE_CURVE('',#2165,#2165,#241,.T.);
#2747=EDGE_CURVE('',#2166,#2166,#242,.T.);
#2748=EDGE_CURVE('',#2166,#2167,#1209,.T.);
#2749=EDGE_CURVE('',#2167,#2167,#243,.T.);
#2750=EDGE_CURVE('',#2168,#2168,#244,.T.);
#2751=EDGE_CURVE('',#2168,#2169,#1210,.T.);
#2752=EDGE_CURVE('',#2169,#2169,#245,.T.);
#2753=EDGE_CURVE('',#2170,#2171,#1211,.T.);
#2754=EDGE_CURVE('',#2172,#2170,#1212,.T.);
#2755=EDGE_CURVE('',#2173,#2172,#1213,.T.);
#2756=EDGE_CURVE('',#2173,#2171,#1214,.T.);
#2757=EDGE_CURVE('',#2171,#2174,#1215,.T.);
#2758=EDGE_CURVE('',#2175,#2173,#1216,.T.);
#2759=EDGE_CURVE('',#2175,#2176,#1217,.T.);
#2760=EDGE_CURVE('',#2176,#2177,#1218,.T.);
#2761=EDGE_CURVE('',#2174,#2177,#1219,.T.);
#2762=EDGE_CURVE('',#2178,#2175,#1220,.T.);
#2763=EDGE_CURVE('',#2178,#2179,#1221,.T.);
#2764=EDGE_CURVE('',#2179,#2176,#1222,.T.);
#2765=EDGE_CURVE('',#2180,#2170,#1223,.T.);
#2766=EDGE_CURVE('',#2181,#2180,#1224,.T.);
#2767=EDGE_CURVE('',#2181,#2179,#1225,.T.);
#2768=EDGE_CURVE('',#2172,#2178,#1226,.T.);
#2769=EDGE_CURVE('',#2177,#2181,#1227,.T.);
#2770=EDGE_CURVE('',#2182,#2183,#1228,.T.);
#2771=EDGE_CURVE('',#2183,#2182,#246,.T.);
#2772=EDGE_CURVE('',#2184,#2184,#247,.T.);
#2773=EDGE_CURVE('',#2184,#2185,#1229,.T.);
#2774=EDGE_CURVE('',#2186,#2185,#248,.T.);
#2775=EDGE_CURVE('',#2183,#2186,#1230,.T.);
#2776=EDGE_CURVE('',#2187,#2182,#1231,.T.);
#2777=EDGE_CURVE('',#2185,#2187,#249,.T.);
#2778=EDGE_CURVE('',#2187,#2162,#1232,.T.);
#2779=EDGE_CURVE('',#2188,#2186,#1233,.T.);
#2780=EDGE_CURVE('',#2188,#2189,#1234,.T.);
#2781=EDGE_CURVE('',#2189,#2190,#1235,.T.);
#2782=EDGE_CURVE('',#2190,#2191,#1236,.T.);
#2783=EDGE_CURVE('',#2191,#2192,#1237,.T.);
#2784=EDGE_CURVE('',#2192,#2193,#1238,.T.);
#2785=EDGE_CURVE('',#2193,#2139,#1239,.T.);
#2786=EDGE_CURVE('',#2163,#2138,#1240,.T.);
#2787=EDGE_CURVE('',#2194,#2195,#1241,.T.);
#2788=EDGE_CURVE('',#2195,#2196,#1242,.T.);
#2789=EDGE_CURVE('',#2196,#2197,#1243,.T.);
#2790=EDGE_CURVE('',#2197,#2194,#1244,.T.);
#2791=EDGE_CURVE('',#2148,#2188,#1245,.T.);
#2792=EDGE_CURVE('',#2198,#2137,#1246,.T.);
#2793=EDGE_CURVE('',#2198,#2180,#1247,.T.);
#2794=EDGE_CURVE('',#2174,#2154,#1248,.T.);
#2795=EDGE_CURVE('',#2199,#2199,#250,.T.);
#2796=EDGE_CURVE('',#2199,#2200,#1249,.T.);
#2797=EDGE_CURVE('',#2200,#2200,#251,.T.);
#2798=EDGE_CURVE('',#2201,#2202,#1250,.T.);
#2799=EDGE_CURVE('',#2203,#2202,#1251,.T.);
#2800=EDGE_CURVE('',#2204,#2203,#1252,.T.);
#2801=EDGE_CURVE('',#2201,#2204,#1253,.T.);
#2802=EDGE_CURVE('',#2205,#2206,#1254,.T.);
#2803=EDGE_CURVE('',#2205,#2207,#1255,.T.);
#2804=EDGE_CURVE('',#2201,#2207,#1256,.T.);
#2805=EDGE_CURVE('',#2206,#2204,#1257,.T.);
#2806=EDGE_CURVE('',#2208,#2205,#1258,.T.);
#2807=EDGE_CURVE('',#2208,#2209,#1259,.T.);
#2808=EDGE_CURVE('',#2207,#2209,#1260,.T.);
#2809=EDGE_CURVE('',#2210,#2208,#1261,.T.);
#2810=EDGE_CURVE('',#2210,#2203,#1262,.T.);
#2811=EDGE_CURVE('',#2209,#2202,#1263,.T.);
#2812=EDGE_CURVE('',#2206,#2210,#1264,.T.);
#2813=EDGE_CURVE('',#2211,#2212,#1265,.T.);
#2814=EDGE_CURVE('',#2213,#2212,#1266,.T.);
#2815=EDGE_CURVE('',#2214,#2213,#1267,.T.);
#2816=EDGE_CURVE('',#2211,#2214,#1268,.T.);
#2817=EDGE_CURVE('',#2215,#2216,#1269,.T.);
#2818=EDGE_CURVE('',#2215,#2217,#1270,.T.);
#2819=EDGE_CURVE('',#2211,#2217,#1271,.T.);
#2820=EDGE_CURVE('',#2216,#2214,#1272,.T.);
#2821=EDGE_CURVE('',#2218,#2215,#1273,.T.);
#2822=EDGE_CURVE('',#2218,#2219,#1274,.T.);
#2823=EDGE_CURVE('',#2217,#2219,#1275,.T.);
#2824=EDGE_CURVE('',#2220,#2218,#1276,.T.);
#2825=EDGE_CURVE('',#2220,#2213,#1277,.T.);
#2826=EDGE_CURVE('',#2219,#2212,#1278,.T.);
#2827=EDGE_CURVE('',#2216,#2220,#1279,.T.);
#2828=EDGE_CURVE('',#2221,#2221,#252,.T.);
#2829=EDGE_CURVE('',#2221,#2222,#1280,.T.);
#2830=EDGE_CURVE('',#2222,#2222,#253,.T.);
#2831=EDGE_CURVE('',#2191,#2190,#254,.T.);
#2832=EDGE_CURVE('',#2223,#2223,#255,.T.);
#2833=EDGE_CURVE('',#2223,#2224,#1281,.T.);
#2834=EDGE_CURVE('',#2191,#2224,#256,.T.);
#2835=EDGE_CURVE('',#2224,#2190,#257,.T.);
#2836=EDGE_CURVE('',#2225,#2225,#258,.T.);
#2837=EDGE_CURVE('',#2225,#2226,#1282,.T.);
#2838=EDGE_CURVE('',#2226,#2226,#259,.T.);
#2839=EDGE_CURVE('',#2227,#2227,#260,.T.);
#2840=EDGE_CURVE('',#2227,#2228,#1283,.T.);
#2841=EDGE_CURVE('',#2228,#2228,#261,.T.);
#2842=EDGE_CURVE('',#2229,#2229,#262,.T.);
#2843=EDGE_CURVE('',#2229,#2230,#1284,.T.);
#2844=EDGE_CURVE('',#2230,#2230,#263,.T.);
#2845=EDGE_CURVE('',#2231,#2231,#264,.T.);
#2846=EDGE_CURVE('',#2231,#2232,#1285,.T.);
#2847=EDGE_CURVE('',#2232,#2232,#265,.T.);
#2848=EDGE_CURVE('',#2193,#2192,#266,.T.);
#2849=EDGE_CURVE('',#2233,#2233,#267,.T.);
#2850=EDGE_CURVE('',#2233,#2234,#1286,.T.);
#2851=EDGE_CURVE('',#2193,#2234,#268,.T.);
#2852=EDGE_CURVE('',#2234,#2192,#269,.T.);
#2853=EDGE_CURVE('',#2202,#2235,#1287,.T.);
#2854=EDGE_CURVE('',#2235,#2136,#1288,.T.);
#2855=EDGE_CURVE('',#2189,#2211,#1289,.T.);
#2856=EDGE_CURVE('',#2212,#2201,#1290,.T.);
#2857=EDGE_CURVE('',#2235,#2198,#1291,.T.);
#2858=EDGE_CURVE('',#2236,#2237,#270,.T.);
#2859=EDGE_CURVE('',#2237,#2238,#1292,.T.);
#2860=EDGE_CURVE('',#2238,#2239,#271,.T.);
#2861=EDGE_CURVE('',#2239,#2240,#1293,.T.);
#2862=EDGE_CURVE('',#2240,#2241,#272,.T.);
#2863=EDGE_CURVE('',#2241,#2242,#1294,.T.);
#2864=EDGE_CURVE('',#2242,#2243,#273,.T.);
#2865=EDGE_CURVE('',#2243,#2236,#1295,.T.);
#2866=EDGE_CURVE('',#2244,#2245,#1296,.T.);
#2867=EDGE_CURVE('',#2245,#2246,#1297,.T.);
#2868=EDGE_CURVE('',#2246,#2247,#1298,.T.);
#2869=EDGE_CURVE('',#2247,#2244,#1299,.T.);
#2870=EDGE_CURVE('',#2242,#2135,#1300,.T.);
#2871=EDGE_CURVE('',#2241,#2128,#1301,.T.);
#2872=EDGE_CURVE('',#2248,#2249,#1302,.T.);
#2873=EDGE_CURVE('',#2249,#2250,#1303,.T.);
#2874=EDGE_CURVE('',#2250,#2251,#1304,.T.);
#2875=EDGE_CURVE('',#2251,#2248,#1305,.T.);
#2876=EDGE_CURVE('',#2243,#2134,#1306,.T.);
#2877=EDGE_CURVE('',#2236,#2133,#1307,.T.);
#2878=EDGE_CURVE('',#2132,#2237,#1308,.T.);
#2879=EDGE_CURVE('',#2252,#2253,#1309,.T.);
#2880=EDGE_CURVE('',#2247,#2252,#1310,.T.);
#2881=EDGE_CURVE('',#2246,#2253,#1311,.T.);
#2882=EDGE_CURVE('',#2253,#2254,#1312,.T.);
#2883=EDGE_CURVE('',#2245,#2254,#1313,.T.);
#2884=EDGE_CURVE('',#2254,#2255,#1314,.T.);
#2885=EDGE_CURVE('',#2244,#2255,#1315,.T.);
#2886=EDGE_CURVE('',#2255,#2252,#1316,.T.);
#2887=EDGE_CURVE('',#2197,#2250,#1317,.T.);
#2888=EDGE_CURVE('',#2196,#2251,#1318,.T.);
#2889=EDGE_CURVE('',#2195,#2248,#1319,.T.);
#2890=EDGE_CURVE('',#2194,#2249,#1320,.T.);
#2891=EDGE_CURVE('',#2238,#2131,#1321,.T.);
#2892=EDGE_CURVE('',#2239,#2130,#1322,.T.);
#2893=EDGE_CURVE('',#2240,#2129,#1323,.T.);
#2894=ORIENTED_EDGE('',*,*,#2256,.F.);
#2895=ORIENTED_EDGE('',*,*,#2257,.T.);
#2896=ORIENTED_EDGE('',*,*,#2258,.T.);
#2897=ORIENTED_EDGE('',*,*,#2259,.F.);
#2898=ORIENTED_EDGE('',*,*,#2260,.F.);
#2899=ORIENTED_EDGE('',*,*,#2261,.T.);
#2900=ORIENTED_EDGE('',*,*,#2262,.T.);
#2901=ORIENTED_EDGE('',*,*,#2257,.F.);
#2902=ORIENTED_EDGE('',*,*,#2263,.F.);
#2903=ORIENTED_EDGE('',*,*,#2264,.T.);
#2904=ORIENTED_EDGE('',*,*,#2265,.T.);
#2905=ORIENTED_EDGE('',*,*,#2261,.F.);
#2906=ORIENTED_EDGE('',*,*,#2266,.F.);
#2907=ORIENTED_EDGE('',*,*,#2259,.T.);
#2908=ORIENTED_EDGE('',*,*,#2267,.T.);
#2909=ORIENTED_EDGE('',*,*,#2264,.F.);
#2910=ORIENTED_EDGE('',*,*,#2267,.F.);
#2911=ORIENTED_EDGE('',*,*,#2258,.F.);
#2912=ORIENTED_EDGE('',*,*,#2262,.F.);
#2913=ORIENTED_EDGE('',*,*,#2265,.F.);
#2914=ORIENTED_EDGE('',*,*,#2268,.F.);
#2915=ORIENTED_EDGE('',*,*,#2269,.F.);
#2916=ORIENTED_EDGE('',*,*,#2270,.T.);
#2917=ORIENTED_EDGE('',*,*,#2268,.T.);
#2918=ORIENTED_EDGE('',*,*,#2270,.F.);
#2919=ORIENTED_EDGE('',*,*,#2271,.T.);
#2920=ORIENTED_EDGE('',*,*,#2272,.T.);
#2921=ORIENTED_EDGE('',*,*,#2273,.F.);
#2922=ORIENTED_EDGE('',*,*,#2274,.F.);
#2923=ORIENTED_EDGE('',*,*,#2275,.T.);
#2924=ORIENTED_EDGE('',*,*,#2274,.T.);
#2925=ORIENTED_EDGE('',*,*,#2276,.F.);
#2926=ORIENTED_EDGE('',*,*,#2277,.F.);
#2927=ORIENTED_EDGE('',*,*,#2278,.T.);
#2928=ORIENTED_EDGE('',*,*,#2277,.T.);
#2929=ORIENTED_EDGE('',*,*,#2279,.F.);
#2930=ORIENTED_EDGE('',*,*,#2280,.F.);
#2931=ORIENTED_EDGE('',*,*,#2281,.T.);
#2932=ORIENTED_EDGE('',*,*,#2280,.T.);
#2933=ORIENTED_EDGE('',*,*,#2282,.F.);
#2934=ORIENTED_EDGE('',*,*,#2283,.F.);
#2935=ORIENTED_EDGE('',*,*,#2284,.T.);
#2936=ORIENTED_EDGE('',*,*,#2283,.T.);
#2937=ORIENTED_EDGE('',*,*,#2285,.F.);
#2938=ORIENTED_EDGE('',*,*,#2286,.F.);
#2939=ORIENTED_EDGE('',*,*,#2287,.T.);
#2940=ORIENTED_EDGE('',*,*,#2286,.T.);
#2941=ORIENTED_EDGE('',*,*,#2288,.F.);
#2942=ORIENTED_EDGE('',*,*,#2289,.F.);
#2943=ORIENTED_EDGE('',*,*,#2290,.T.);
#2944=ORIENTED_EDGE('',*,*,#2289,.T.);
#2945=ORIENTED_EDGE('',*,*,#2291,.F.);
#2946=ORIENTED_EDGE('',*,*,#2292,.F.);
#2947=ORIENTED_EDGE('',*,*,#2293,.T.);
#2948=ORIENTED_EDGE('',*,*,#2292,.T.);
#2949=ORIENTED_EDGE('',*,*,#2294,.F.);
#2950=ORIENTED_EDGE('',*,*,#2272,.F.);
#2951=ORIENTED_EDGE('',*,*,#2294,.T.);
#2952=ORIENTED_EDGE('',*,*,#2291,.T.);
#2953=ORIENTED_EDGE('',*,*,#2288,.T.);
#2954=ORIENTED_EDGE('',*,*,#2285,.T.);
#2955=ORIENTED_EDGE('',*,*,#2282,.T.);
#2956=ORIENTED_EDGE('',*,*,#2279,.T.);
#2957=ORIENTED_EDGE('',*,*,#2276,.T.);
#2958=ORIENTED_EDGE('',*,*,#2273,.T.);
#2959=ORIENTED_EDGE('',*,*,#2269,.T.);
#2960=ORIENTED_EDGE('',*,*,#2293,.F.);
#2961=ORIENTED_EDGE('',*,*,#2271,.F.);
#2962=ORIENTED_EDGE('',*,*,#2275,.F.);
#2963=ORIENTED_EDGE('',*,*,#2278,.F.);
#2964=ORIENTED_EDGE('',*,*,#2281,.F.);
#2965=ORIENTED_EDGE('',*,*,#2284,.F.);
#2966=ORIENTED_EDGE('',*,*,#2287,.F.);
#2967=ORIENTED_EDGE('',*,*,#2290,.F.);
#2968=ORIENTED_EDGE('',*,*,#2256,.T.);
#2969=ORIENTED_EDGE('',*,*,#2266,.T.);
#2970=ORIENTED_EDGE('',*,*,#2263,.T.);
#2971=ORIENTED_EDGE('',*,*,#2260,.T.);
#2972=ORIENTED_EDGE('',*,*,#2295,.F.);
#2973=ORIENTED_EDGE('',*,*,#2296,.T.);
#2974=ORIENTED_EDGE('',*,*,#2297,.F.);
#2975=ORIENTED_EDGE('',*,*,#2296,.F.);
#2976=ORIENTED_EDGE('',*,*,#2298,.F.);
#2977=ORIENTED_EDGE('',*,*,#2299,.T.);
#2978=ORIENTED_EDGE('',*,*,#2300,.F.);
#2979=ORIENTED_EDGE('',*,*,#2299,.F.);
#2980=ORIENTED_EDGE('',*,*,#2301,.F.);
#2981=ORIENTED_EDGE('',*,*,#2302,.F.);
#2982=ORIENTED_EDGE('',*,*,#2303,.F.);
#2983=ORIENTED_EDGE('',*,*,#2304,.F.);
#2984=ORIENTED_EDGE('',*,*,#2305,.F.);
#2985=ORIENTED_EDGE('',*,*,#2306,.F.);
#2986=ORIENTED_EDGE('',*,*,#2307,.F.);
#2987=ORIENTED_EDGE('',*,*,#2308,.F.);
#2988=ORIENTED_EDGE('',*,*,#2306,.T.);
#2989=ORIENTED_EDGE('',*,*,#2309,.F.);
#2990=ORIENTED_EDGE('',*,*,#2310,.T.);
#2991=ORIENTED_EDGE('',*,*,#2311,.T.);
#2992=ORIENTED_EDGE('',*,*,#2305,.T.);
#2993=ORIENTED_EDGE('',*,*,#2312,.T.);
#2994=ORIENTED_EDGE('',*,*,#2313,.F.);
#2995=ORIENTED_EDGE('',*,*,#2314,.T.);
#2996=ORIENTED_EDGE('',*,*,#2315,.F.);
#2997=ORIENTED_EDGE('',*,*,#2316,.T.);
#2998=ORIENTED_EDGE('',*,*,#2317,.T.);
#2999=ORIENTED_EDGE('',*,*,#2309,.T.);
#3000=ORIENTED_EDGE('',*,*,#2300,.T.);
#3001=ORIENTED_EDGE('',*,*,#2304,.T.);
#3002=ORIENTED_EDGE('',*,*,#2318,.T.);
#3003=ORIENTED_EDGE('',*,*,#2319,.F.);
#3004=ORIENTED_EDGE('',*,*,#2320,.T.);
#3005=ORIENTED_EDGE('',*,*,#2321,.T.);
#3006=ORIENTED_EDGE('',*,*,#2322,.T.);
#3007=ORIENTED_EDGE('',*,*,#2323,.F.);
#3008=ORIENTED_EDGE('',*,*,#2312,.F.);
#3009=ORIENTED_EDGE('',*,*,#2303,.T.);
#3010=ORIENTED_EDGE('',*,*,#2324,.F.);
#3011=ORIENTED_EDGE('',*,*,#2325,.T.);
#3012=ORIENTED_EDGE('',*,*,#2326,.T.);
#3013=ORIENTED_EDGE('',*,*,#2327,.F.);
#3014=ORIENTED_EDGE('',*,*,#2328,.T.);
#3015=ORIENTED_EDGE('',*,*,#2329,.F.);
#3016=ORIENTED_EDGE('',*,*,#2318,.F.);
#3017=ORIENTED_EDGE('',*,*,#2295,.T.);
#3018=ORIENTED_EDGE('',*,*,#2308,.T.);
#3019=ORIENTED_EDGE('',*,*,#2330,.F.);
#3020=ORIENTED_EDGE('',*,*,#2331,.F.);
#3021=ORIENTED_EDGE('',*,*,#2332,.F.);
#3022=ORIENTED_EDGE('',*,*,#2333,.T.);
#3023=ORIENTED_EDGE('',*,*,#2334,.F.);
#3024=ORIENTED_EDGE('',*,*,#2335,.T.);
#3025=ORIENTED_EDGE('',*,*,#2336,.F.);
#3026=ORIENTED_EDGE('',*,*,#2337,.T.);
#3027=ORIENTED_EDGE('',*,*,#2338,.T.);
#3028=ORIENTED_EDGE('',*,*,#2307,.T.);
#3029=ORIENTED_EDGE('',*,*,#2311,.F.);
#3030=ORIENTED_EDGE('',*,*,#2339,.F.);
#3031=ORIENTED_EDGE('',*,*,#2330,.T.);
#3032=ORIENTED_EDGE('',*,*,#2340,.F.);
#3033=ORIENTED_EDGE('',*,*,#2341,.T.);
#3034=ORIENTED_EDGE('',*,*,#2342,.F.);
#3035=ORIENTED_EDGE('',*,*,#2343,.F.);
#3036=ORIENTED_EDGE('',*,*,#2344,.F.);
#3037=ORIENTED_EDGE('',*,*,#2343,.T.);
#3038=ORIENTED_EDGE('',*,*,#2345,.F.);
#3039=ORIENTED_EDGE('',*,*,#2346,.F.);
#3040=ORIENTED_EDGE('',*,*,#2347,.F.);
#3041=ORIENTED_EDGE('',*,*,#2346,.T.);
#3042=ORIENTED_EDGE('',*,*,#2348,.F.);
#3043=ORIENTED_EDGE('',*,*,#2349,.F.);
#3044=ORIENTED_EDGE('',*,*,#2350,.F.);
#3045=ORIENTED_EDGE('',*,*,#2349,.T.);
#3046=ORIENTED_EDGE('',*,*,#2351,.F.);
#3047=ORIENTED_EDGE('',*,*,#2341,.F.);
#3048=ORIENTED_EDGE('',*,*,#2352,.F.);
#3049=ORIENTED_EDGE('',*,*,#2353,.T.);
#3050=ORIENTED_EDGE('',*,*,#2354,.F.);
#3051=ORIENTED_EDGE('',*,*,#2355,.F.);
#3052=ORIENTED_EDGE('',*,*,#2356,.F.);
#3053=ORIENTED_EDGE('',*,*,#2355,.T.);
#3054=ORIENTED_EDGE('',*,*,#2357,.F.);
#3055=ORIENTED_EDGE('',*,*,#2358,.F.);
#3056=ORIENTED_EDGE('',*,*,#2359,.F.);
#3057=ORIENTED_EDGE('',*,*,#2358,.T.);
#3058=ORIENTED_EDGE('',*,*,#2360,.F.);
#3059=ORIENTED_EDGE('',*,*,#2361,.F.);
#3060=ORIENTED_EDGE('',*,*,#2362,.F.);
#3061=ORIENTED_EDGE('',*,*,#2361,.T.);
#3062=ORIENTED_EDGE('',*,*,#2363,.F.);
#3063=ORIENTED_EDGE('',*,*,#2353,.F.);
#3064=ORIENTED_EDGE('',*,*,#2364,.F.);
#3065=ORIENTED_EDGE('',*,*,#2365,.T.);
#3066=ORIENTED_EDGE('',*,*,#2366,.F.);
#3067=ORIENTED_EDGE('',*,*,#2367,.F.);
#3068=ORIENTED_EDGE('',*,*,#2368,.F.);
#3069=ORIENTED_EDGE('',*,*,#2367,.T.);
#3070=ORIENTED_EDGE('',*,*,#2369,.F.);
#3071=ORIENTED_EDGE('',*,*,#2370,.F.);
#3072=ORIENTED_EDGE('',*,*,#2371,.F.);
#3073=ORIENTED_EDGE('',*,*,#2370,.T.);
#3074=ORIENTED_EDGE('',*,*,#2372,.F.);
#3075=ORIENTED_EDGE('',*,*,#2373,.F.);
#3076=ORIENTED_EDGE('',*,*,#2374,.F.);
#3077=ORIENTED_EDGE('',*,*,#2373,.T.);
#3078=ORIENTED_EDGE('',*,*,#2375,.F.);
#3079=ORIENTED_EDGE('',*,*,#2365,.F.);
#3080=ORIENTED_EDGE('',*,*,#2376,.F.);
#3081=ORIENTED_EDGE('',*,*,#2377,.T.);
#3082=ORIENTED_EDGE('',*,*,#2378,.F.);
#3083=ORIENTED_EDGE('',*,*,#2379,.F.);
#3084=ORIENTED_EDGE('',*,*,#2380,.F.);
#3085=ORIENTED_EDGE('',*,*,#2379,.T.);
#3086=ORIENTED_EDGE('',*,*,#2381,.F.);
#3087=ORIENTED_EDGE('',*,*,#2382,.F.);
#3088=ORIENTED_EDGE('',*,*,#2383,.F.);
#3089=ORIENTED_EDGE('',*,*,#2382,.T.);
#3090=ORIENTED_EDGE('',*,*,#2384,.F.);
#3091=ORIENTED_EDGE('',*,*,#2385,.F.);
#3092=ORIENTED_EDGE('',*,*,#2386,.F.);
#3093=ORIENTED_EDGE('',*,*,#2385,.T.);
#3094=ORIENTED_EDGE('',*,*,#2387,.F.);
#3095=ORIENTED_EDGE('',*,*,#2377,.F.);
#3096=ORIENTED_EDGE('',*,*,#2388,.F.);
#3097=ORIENTED_EDGE('',*,*,#2389,.T.);
#3098=ORIENTED_EDGE('',*,*,#2390,.F.);
#3099=ORIENTED_EDGE('',*,*,#2391,.F.);
#3100=ORIENTED_EDGE('',*,*,#2392,.F.);
#3101=ORIENTED_EDGE('',*,*,#2391,.T.);
#3102=ORIENTED_EDGE('',*,*,#2393,.F.);
#3103=ORIENTED_EDGE('',*,*,#2394,.F.);
#3104=ORIENTED_EDGE('',*,*,#2395,.F.);
#3105=ORIENTED_EDGE('',*,*,#2394,.T.);
#3106=ORIENTED_EDGE('',*,*,#2396,.F.);
#3107=ORIENTED_EDGE('',*,*,#2397,.F.);
#3108=ORIENTED_EDGE('',*,*,#2398,.F.);
#3109=ORIENTED_EDGE('',*,*,#2399,.T.);
#3110=ORIENTED_EDGE('',*,*,#2400,.F.);
#3111=ORIENTED_EDGE('',*,*,#2389,.F.);
#3112=ORIENTED_EDGE('',*,*,#2401,.F.);
#3113=ORIENTED_EDGE('',*,*,#2397,.T.);
#3114=ORIENTED_EDGE('',*,*,#2402,.F.);
#3115=ORIENTED_EDGE('',*,*,#2399,.F.);
#3116=ORIENTED_EDGE('',*,*,#2403,.F.);
#3117=ORIENTED_EDGE('',*,*,#2404,.T.);
#3118=ORIENTED_EDGE('',*,*,#2405,.F.);
#3119=ORIENTED_EDGE('',*,*,#2406,.F.);
#3120=ORIENTED_EDGE('',*,*,#2407,.F.);
#3121=ORIENTED_EDGE('',*,*,#2406,.T.);
#3122=ORIENTED_EDGE('',*,*,#2408,.F.);
#3123=ORIENTED_EDGE('',*,*,#2409,.F.);
#3124=ORIENTED_EDGE('',*,*,#2410,.F.);
#3125=ORIENTED_EDGE('',*,*,#2409,.T.);
#3126=ORIENTED_EDGE('',*,*,#2411,.F.);
#3127=ORIENTED_EDGE('',*,*,#2412,.F.);
#3128=ORIENTED_EDGE('',*,*,#2413,.F.);
#3129=ORIENTED_EDGE('',*,*,#2412,.T.);
#3130=ORIENTED_EDGE('',*,*,#2414,.F.);
#3131=ORIENTED_EDGE('',*,*,#2404,.F.);
#3132=ORIENTED_EDGE('',*,*,#2415,.F.);
#3133=ORIENTED_EDGE('',*,*,#2321,.F.);
#3134=ORIENTED_EDGE('',*,*,#2416,.F.);
#3135=ORIENTED_EDGE('',*,*,#2334,.T.);
#3136=ORIENTED_EDGE('',*,*,#2415,.T.);
#3137=ORIENTED_EDGE('',*,*,#2333,.F.);
#3138=ORIENTED_EDGE('',*,*,#2417,.F.);
#3139=ORIENTED_EDGE('',*,*,#2418,.F.);
#3140=ORIENTED_EDGE('',*,*,#2419,.F.);
#3141=ORIENTED_EDGE('',*,*,#2420,.F.);
#3142=ORIENTED_EDGE('',*,*,#2322,.F.);
#3143=ORIENTED_EDGE('',*,*,#2301,.T.);
#3144=ORIENTED_EDGE('',*,*,#2338,.F.);
#3145=ORIENTED_EDGE('',*,*,#2421,.F.);
#3146=ORIENTED_EDGE('',*,*,#2422,.T.);
#3147=ORIENTED_EDGE('',*,*,#2302,.T.);
#3148=ORIENTED_EDGE('',*,*,#2422,.F.);
#3149=ORIENTED_EDGE('',*,*,#2423,.T.);
#3150=ORIENTED_EDGE('',*,*,#2324,.T.);
#3151=ORIENTED_EDGE('',*,*,#2424,.T.);
#3152=ORIENTED_EDGE('',*,*,#2425,.F.);
#3153=ORIENTED_EDGE('',*,*,#2326,.F.);
#3154=ORIENTED_EDGE('',*,*,#2426,.F.);
#3155=ORIENTED_EDGE('',*,*,#2421,.T.);
#3156=ORIENTED_EDGE('',*,*,#2427,.T.);
#3157=ORIENTED_EDGE('',*,*,#2426,.T.);
#3158=ORIENTED_EDGE('',*,*,#2325,.F.);
#3159=ORIENTED_EDGE('',*,*,#2423,.F.);
#3160=ORIENTED_EDGE('',*,*,#2425,.T.);
#3161=ORIENTED_EDGE('',*,*,#2428,.T.);
#3162=ORIENTED_EDGE('',*,*,#2429,.T.);
#3163=ORIENTED_EDGE('',*,*,#2430,.T.);
#3164=ORIENTED_EDGE('',*,*,#2431,.F.);
#3165=ORIENTED_EDGE('',*,*,#2432,.T.);
#3166=ORIENTED_EDGE('',*,*,#2327,.T.);
#3167=ORIENTED_EDGE('',*,*,#2317,.F.);
#3168=ORIENTED_EDGE('',*,*,#2433,.T.);
#3169=ORIENTED_EDGE('',*,*,#2434,.T.);
#3170=ORIENTED_EDGE('',*,*,#2339,.T.);
#3171=ORIENTED_EDGE('',*,*,#2310,.F.);
#3172=ORIENTED_EDGE('',*,*,#2316,.F.);
#3173=ORIENTED_EDGE('',*,*,#2435,.F.);
#3174=ORIENTED_EDGE('',*,*,#2436,.F.);
#3175=ORIENTED_EDGE('',*,*,#2433,.F.);
#3176=ORIENTED_EDGE('',*,*,#2435,.T.);
#3177=ORIENTED_EDGE('',*,*,#2315,.T.);
#3178=ORIENTED_EDGE('',*,*,#2437,.T.);
#3179=ORIENTED_EDGE('',*,*,#2438,.F.);
#3180=ORIENTED_EDGE('',*,*,#2439,.T.);
#3181=ORIENTED_EDGE('',*,*,#2440,.T.);
#3182=ORIENTED_EDGE('',*,*,#2441,.T.);
#3183=ORIENTED_EDGE('',*,*,#2323,.T.);
#3184=ORIENTED_EDGE('',*,*,#2420,.T.);
#3185=ORIENTED_EDGE('',*,*,#2442,.T.);
#3186=ORIENTED_EDGE('',*,*,#2443,.T.);
#3187=ORIENTED_EDGE('',*,*,#2444,.T.);
#3188=ORIENTED_EDGE('',*,*,#2445,.T.);
#3189=ORIENTED_EDGE('',*,*,#2313,.T.);
#3190=ORIENTED_EDGE('',*,*,#2443,.F.);
#3191=ORIENTED_EDGE('',*,*,#2446,.T.);
#3192=ORIENTED_EDGE('',*,*,#2445,.F.);
#3193=ORIENTED_EDGE('',*,*,#2447,.T.);
#3194=ORIENTED_EDGE('',*,*,#2448,.T.);
#3195=ORIENTED_EDGE('',*,*,#2449,.T.);
#3196=ORIENTED_EDGE('',*,*,#2438,.T.);
#3197=ORIENTED_EDGE('',*,*,#2450,.T.);
#3198=ORIENTED_EDGE('',*,*,#2448,.F.);
#3199=ORIENTED_EDGE('',*,*,#2446,.F.);
#3200=ORIENTED_EDGE('',*,*,#2450,.F.);
#3201=ORIENTED_EDGE('',*,*,#2437,.F.);
#3202=ORIENTED_EDGE('',*,*,#2314,.F.);
#3203=ORIENTED_EDGE('',*,*,#2451,.T.);
#3204=ORIENTED_EDGE('',*,*,#2431,.T.);
#3205=ORIENTED_EDGE('',*,*,#2452,.T.);
#3206=ORIENTED_EDGE('',*,*,#2453,.T.);
#3207=ORIENTED_EDGE('',*,*,#2454,.T.);
#3208=ORIENTED_EDGE('',*,*,#2455,.T.);
#3209=ORIENTED_EDGE('',*,*,#2456,.T.);
#3210=ORIENTED_EDGE('',*,*,#2453,.F.);
#3211=ORIENTED_EDGE('',*,*,#2329,.T.);
#3212=ORIENTED_EDGE('',*,*,#2455,.F.);
#3213=ORIENTED_EDGE('',*,*,#2457,.T.);
#3214=ORIENTED_EDGE('',*,*,#2458,.T.);
#3215=ORIENTED_EDGE('',*,*,#2459,.T.);
#3216=ORIENTED_EDGE('',*,*,#2460,.T.);
#3217=ORIENTED_EDGE('',*,*,#2319,.T.);
#3218=ORIENTED_EDGE('',*,*,#2458,.F.);
#3219=ORIENTED_EDGE('',*,*,#2451,.F.);
#3220=ORIENTED_EDGE('',*,*,#2456,.F.);
#3221=ORIENTED_EDGE('',*,*,#2328,.F.);
#3222=ORIENTED_EDGE('',*,*,#2432,.F.);
#3223=ORIENTED_EDGE('',*,*,#2416,.T.);
#3224=ORIENTED_EDGE('',*,*,#2320,.F.);
#3225=ORIENTED_EDGE('',*,*,#2460,.F.);
#3226=ORIENTED_EDGE('',*,*,#2461,.F.);
#3227=ORIENTED_EDGE('',*,*,#2462,.F.);
#3228=ORIENTED_EDGE('',*,*,#2463,.F.);
#3229=ORIENTED_EDGE('',*,*,#2335,.F.);
#3230=ORIENTED_EDGE('',*,*,#2464,.F.);
#3231=ORIENTED_EDGE('',*,*,#2418,.T.);
#3232=ORIENTED_EDGE('',*,*,#2465,.F.);
#3233=ORIENTED_EDGE('',*,*,#2462,.T.);
#3234=ORIENTED_EDGE('',*,*,#2463,.T.);
#3235=ORIENTED_EDGE('',*,*,#2465,.T.);
#3236=ORIENTED_EDGE('',*,*,#2417,.T.);
#3237=ORIENTED_EDGE('',*,*,#2332,.T.);
#3238=ORIENTED_EDGE('',*,*,#2466,.T.);
#3239=ORIENTED_EDGE('',*,*,#2467,.T.);
#3240=ORIENTED_EDGE('',*,*,#2468,.T.);
#3241=ORIENTED_EDGE('',*,*,#2469,.T.);
#3242=ORIENTED_EDGE('',*,*,#2470,.T.);
#3243=ORIENTED_EDGE('',*,*,#2471,.T.);
#3244=ORIENTED_EDGE('',*,*,#2472,.T.);
#3245=ORIENTED_EDGE('',*,*,#2336,.T.);
#3246=ORIENTED_EDGE('',*,*,#2410,.T.);
#3247=ORIENTED_EDGE('',*,*,#2413,.T.);
#3248=ORIENTED_EDGE('',*,*,#2403,.T.);
#3249=ORIENTED_EDGE('',*,*,#2407,.T.);
#3250=ORIENTED_EDGE('',*,*,#2395,.T.);
#3251=ORIENTED_EDGE('',*,*,#2401,.T.);
#3252=ORIENTED_EDGE('',*,*,#2398,.T.);
#3253=ORIENTED_EDGE('',*,*,#2388,.T.);
#3254=ORIENTED_EDGE('',*,*,#2392,.T.);
#3255=ORIENTED_EDGE('',*,*,#2383,.T.);
#3256=ORIENTED_EDGE('',*,*,#2386,.T.);
#3257=ORIENTED_EDGE('',*,*,#2376,.T.);
#3258=ORIENTED_EDGE('',*,*,#2380,.T.);
#3259=ORIENTED_EDGE('',*,*,#2371,.T.);
#3260=ORIENTED_EDGE('',*,*,#2374,.T.);
#3261=ORIENTED_EDGE('',*,*,#2364,.T.);
#3262=ORIENTED_EDGE('',*,*,#2368,.T.);
#3263=ORIENTED_EDGE('',*,*,#2359,.T.);
#3264=ORIENTED_EDGE('',*,*,#2362,.T.);
#3265=ORIENTED_EDGE('',*,*,#2352,.T.);
#3266=ORIENTED_EDGE('',*,*,#2356,.T.);
#3267=ORIENTED_EDGE('',*,*,#2347,.T.);
#3268=ORIENTED_EDGE('',*,*,#2350,.T.);
#3269=ORIENTED_EDGE('',*,*,#2340,.T.);
#3270=ORIENTED_EDGE('',*,*,#2344,.T.);
#3271=ORIENTED_EDGE('',*,*,#2452,.F.);
#3272=ORIENTED_EDGE('',*,*,#2430,.F.);
#3273=ORIENTED_EDGE('',*,*,#2473,.F.);
#3274=ORIENTED_EDGE('',*,*,#2470,.F.);
#3275=ORIENTED_EDGE('',*,*,#2474,.T.);
#3276=ORIENTED_EDGE('',*,*,#2475,.F.);
#3277=ORIENTED_EDGE('',*,*,#2449,.F.);
#3278=ORIENTED_EDGE('',*,*,#2476,.F.);
#3279=ORIENTED_EDGE('',*,*,#2477,.T.);
#3280=ORIENTED_EDGE('',*,*,#2468,.F.);
#3281=ORIENTED_EDGE('',*,*,#2478,.F.);
#3282=ORIENTED_EDGE('',*,*,#2439,.F.);
#3283=ORIENTED_EDGE('',*,*,#2469,.F.);
#3284=ORIENTED_EDGE('',*,*,#2477,.F.);
#3285=ORIENTED_EDGE('',*,*,#2479,.F.);
#3286=ORIENTED_EDGE('',*,*,#2474,.F.);
#3287=ORIENTED_EDGE('',*,*,#2442,.F.);
#3288=ORIENTED_EDGE('',*,*,#2419,.T.);
#3289=ORIENTED_EDGE('',*,*,#2464,.T.);
#3290=ORIENTED_EDGE('',*,*,#2461,.T.);
#3291=ORIENTED_EDGE('',*,*,#2459,.F.);
#3292=ORIENTED_EDGE('',*,*,#2457,.F.);
#3293=ORIENTED_EDGE('',*,*,#2454,.F.);
#3294=ORIENTED_EDGE('',*,*,#2475,.T.);
#3295=ORIENTED_EDGE('',*,*,#2479,.T.);
#3296=ORIENTED_EDGE('',*,*,#2476,.T.);
#3297=ORIENTED_EDGE('',*,*,#2447,.F.);
#3298=ORIENTED_EDGE('',*,*,#2444,.F.);
#3299=ORIENTED_EDGE('',*,*,#2411,.T.);
#3300=ORIENTED_EDGE('',*,*,#2408,.T.);
#3301=ORIENTED_EDGE('',*,*,#2405,.T.);
#3302=ORIENTED_EDGE('',*,*,#2414,.T.);
#3303=ORIENTED_EDGE('',*,*,#2396,.T.);
#3304=ORIENTED_EDGE('',*,*,#2393,.T.);
#3305=ORIENTED_EDGE('',*,*,#2390,.T.);
#3306=ORIENTED_EDGE('',*,*,#2400,.T.);
#3307=ORIENTED_EDGE('',*,*,#2402,.T.);
#3308=ORIENTED_EDGE('',*,*,#2384,.T.);
#3309=ORIENTED_EDGE('',*,*,#2381,.T.);
#3310=ORIENTED_EDGE('',*,*,#2378,.T.);
#3311=ORIENTED_EDGE('',*,*,#2387,.T.);
#3312=ORIENTED_EDGE('',*,*,#2372,.T.);
#3313=ORIENTED_EDGE('',*,*,#2369,.T.);
#3314=ORIENTED_EDGE('',*,*,#2366,.T.);
#3315=ORIENTED_EDGE('',*,*,#2375,.T.);
#3316=ORIENTED_EDGE('',*,*,#2360,.T.);
#3317=ORIENTED_EDGE('',*,*,#2357,.T.);
#3318=ORIENTED_EDGE('',*,*,#2354,.T.);
#3319=ORIENTED_EDGE('',*,*,#2363,.T.);
#3320=ORIENTED_EDGE('',*,*,#2348,.T.);
#3321=ORIENTED_EDGE('',*,*,#2345,.T.);
#3322=ORIENTED_EDGE('',*,*,#2342,.T.);
#3323=ORIENTED_EDGE('',*,*,#2351,.T.);
#3324=ORIENTED_EDGE('',*,*,#2478,.T.);
#3325=ORIENTED_EDGE('',*,*,#2467,.F.);
#3326=ORIENTED_EDGE('',*,*,#2480,.T.);
#3327=ORIENTED_EDGE('',*,*,#2440,.F.);
#3328=ORIENTED_EDGE('',*,*,#2473,.T.);
#3329=ORIENTED_EDGE('',*,*,#2429,.F.);
#3330=ORIENTED_EDGE('',*,*,#2481,.F.);
#3331=ORIENTED_EDGE('',*,*,#2471,.F.);
#3332=ORIENTED_EDGE('',*,*,#2331,.T.);
#3333=ORIENTED_EDGE('',*,*,#2434,.F.);
#3334=ORIENTED_EDGE('',*,*,#2436,.T.);
#3335=ORIENTED_EDGE('',*,*,#2441,.F.);
#3336=ORIENTED_EDGE('',*,*,#2480,.F.);
#3337=ORIENTED_EDGE('',*,*,#2466,.F.);
#3338=ORIENTED_EDGE('',*,*,#2298,.T.);
#3339=ORIENTED_EDGE('',*,*,#2337,.F.);
#3340=ORIENTED_EDGE('',*,*,#2472,.F.);
#3341=ORIENTED_EDGE('',*,*,#2481,.T.);
#3342=ORIENTED_EDGE('',*,*,#2428,.F.);
#3343=ORIENTED_EDGE('',*,*,#2424,.F.);
#3344=ORIENTED_EDGE('',*,*,#2427,.F.);
#3345=ORIENTED_EDGE('',*,*,#2297,.T.);
#3346=ORIENTED_EDGE('',*,*,#2482,.F.);
#3347=ORIENTED_EDGE('',*,*,#2483,.T.);
#3348=ORIENTED_EDGE('',*,*,#2484,.T.);
#3349=ORIENTED_EDGE('',*,*,#2485,.F.);
#3350=ORIENTED_EDGE('',*,*,#2486,.F.);
#3351=ORIENTED_EDGE('',*,*,#2487,.T.);
#3352=ORIENTED_EDGE('',*,*,#2488,.T.);
#3353=ORIENTED_EDGE('',*,*,#2483,.F.);
#3354=ORIENTED_EDGE('',*,*,#2489,.F.);
#3355=ORIENTED_EDGE('',*,*,#2490,.T.);
#3356=ORIENTED_EDGE('',*,*,#2491,.T.);
#3357=ORIENTED_EDGE('',*,*,#2487,.F.);
#3358=ORIENTED_EDGE('',*,*,#2492,.F.);
#3359=ORIENTED_EDGE('',*,*,#2493,.T.);
#3360=ORIENTED_EDGE('',*,*,#2494,.T.);
#3361=ORIENTED_EDGE('',*,*,#2490,.F.);
#3362=ORIENTED_EDGE('',*,*,#2495,.F.);
#3363=ORIENTED_EDGE('',*,*,#2496,.T.);
#3364=ORIENTED_EDGE('',*,*,#2497,.T.);
#3365=ORIENTED_EDGE('',*,*,#2493,.F.);
#3366=ORIENTED_EDGE('',*,*,#2498,.F.);
#3367=ORIENTED_EDGE('',*,*,#2499,.T.);
#3368=ORIENTED_EDGE('',*,*,#2500,.T.);
#3369=ORIENTED_EDGE('',*,*,#2496,.F.);
#3370=ORIENTED_EDGE('',*,*,#2501,.F.);
#3371=ORIENTED_EDGE('',*,*,#2502,.T.);
#3372=ORIENTED_EDGE('',*,*,#2503,.T.);
#3373=ORIENTED_EDGE('',*,*,#2499,.F.);
#3374=ORIENTED_EDGE('',*,*,#2504,.F.);
#3375=ORIENTED_EDGE('',*,*,#2505,.T.);
#3376=ORIENTED_EDGE('',*,*,#2506,.T.);
#3377=ORIENTED_EDGE('',*,*,#2502,.F.);
#3378=ORIENTED_EDGE('',*,*,#2507,.F.);
#3379=ORIENTED_EDGE('',*,*,#2508,.T.);
#3380=ORIENTED_EDGE('',*,*,#2509,.T.);
#3381=ORIENTED_EDGE('',*,*,#2505,.F.);
#3382=ORIENTED_EDGE('',*,*,#2510,.F.);
#3383=ORIENTED_EDGE('',*,*,#2511,.T.);
#3384=ORIENTED_EDGE('',*,*,#2512,.T.);
#3385=ORIENTED_EDGE('',*,*,#2508,.F.);
#3386=ORIENTED_EDGE('',*,*,#2513,.F.);
#3387=ORIENTED_EDGE('',*,*,#2514,.T.);
#3388=ORIENTED_EDGE('',*,*,#2515,.T.);
#3389=ORIENTED_EDGE('',*,*,#2511,.F.);
#3390=ORIENTED_EDGE('',*,*,#2516,.F.);
#3391=ORIENTED_EDGE('',*,*,#2485,.T.);
#3392=ORIENTED_EDGE('',*,*,#2517,.T.);
#3393=ORIENTED_EDGE('',*,*,#2514,.F.);
#3394=ORIENTED_EDGE('',*,*,#2517,.F.);
#3395=ORIENTED_EDGE('',*,*,#2484,.F.);
#3396=ORIENTED_EDGE('',*,*,#2488,.F.);
#3397=ORIENTED_EDGE('',*,*,#2491,.F.);
#3398=ORIENTED_EDGE('',*,*,#2494,.F.);
#3399=ORIENTED_EDGE('',*,*,#2497,.F.);
#3400=ORIENTED_EDGE('',*,*,#2500,.F.);
#3401=ORIENTED_EDGE('',*,*,#2503,.F.);
#3402=ORIENTED_EDGE('',*,*,#2506,.F.);
#3403=ORIENTED_EDGE('',*,*,#2509,.F.);
#3404=ORIENTED_EDGE('',*,*,#2512,.F.);
#3405=ORIENTED_EDGE('',*,*,#2515,.F.);
#3406=ORIENTED_EDGE('',*,*,#2518,.F.);
#3407=ORIENTED_EDGE('',*,*,#2519,.T.);
#3408=ORIENTED_EDGE('',*,*,#2520,.T.);
#3409=ORIENTED_EDGE('',*,*,#2521,.F.);
#3410=ORIENTED_EDGE('',*,*,#2522,.F.);
#3411=ORIENTED_EDGE('',*,*,#2523,.T.);
#3412=ORIENTED_EDGE('',*,*,#2524,.T.);
#3413=ORIENTED_EDGE('',*,*,#2519,.F.);
#3414=ORIENTED_EDGE('',*,*,#2525,.F.);
#3415=ORIENTED_EDGE('',*,*,#2526,.T.);
#3416=ORIENTED_EDGE('',*,*,#2527,.T.);
#3417=ORIENTED_EDGE('',*,*,#2523,.F.);
#3418=ORIENTED_EDGE('',*,*,#2528,.F.);
#3419=ORIENTED_EDGE('',*,*,#2529,.T.);
#3420=ORIENTED_EDGE('',*,*,#2530,.T.);
#3421=ORIENTED_EDGE('',*,*,#2526,.F.);
#3422=ORIENTED_EDGE('',*,*,#2531,.F.);
#3423=ORIENTED_EDGE('',*,*,#2532,.T.);
#3424=ORIENTED_EDGE('',*,*,#2533,.T.);
#3425=ORIENTED_EDGE('',*,*,#2529,.F.);
#3426=ORIENTED_EDGE('',*,*,#2534,.F.);
#3427=ORIENTED_EDGE('',*,*,#2535,.T.);
#3428=ORIENTED_EDGE('',*,*,#2536,.T.);
#3429=ORIENTED_EDGE('',*,*,#2532,.F.);
#3430=ORIENTED_EDGE('',*,*,#2537,.F.);
#3431=ORIENTED_EDGE('',*,*,#2538,.T.);
#3432=ORIENTED_EDGE('',*,*,#2539,.T.);
#3433=ORIENTED_EDGE('',*,*,#2535,.F.);
#3434=ORIENTED_EDGE('',*,*,#2540,.F.);
#3435=ORIENTED_EDGE('',*,*,#2541,.T.);
#3436=ORIENTED_EDGE('',*,*,#2542,.T.);
#3437=ORIENTED_EDGE('',*,*,#2538,.F.);
#3438=ORIENTED_EDGE('',*,*,#2543,.F.);
#3439=ORIENTED_EDGE('',*,*,#2521,.T.);
#3440=ORIENTED_EDGE('',*,*,#2544,.T.);
#3441=ORIENTED_EDGE('',*,*,#2541,.F.);
#3442=ORIENTED_EDGE('',*,*,#2545,.F.);
#3443=ORIENTED_EDGE('',*,*,#2546,.T.);
#3444=ORIENTED_EDGE('',*,*,#2547,.T.);
#3445=ORIENTED_EDGE('',*,*,#2548,.F.);
#3446=ORIENTED_EDGE('',*,*,#2549,.F.);
#3447=ORIENTED_EDGE('',*,*,#2550,.T.);
#3448=ORIENTED_EDGE('',*,*,#2551,.T.);
#3449=ORIENTED_EDGE('',*,*,#2546,.F.);
#3450=ORIENTED_EDGE('',*,*,#2552,.F.);
#3451=ORIENTED_EDGE('',*,*,#2553,.T.);
#3452=ORIENTED_EDGE('',*,*,#2554,.T.);
#3453=ORIENTED_EDGE('',*,*,#2550,.F.);
#3454=ORIENTED_EDGE('',*,*,#2555,.F.);
#3455=ORIENTED_EDGE('',*,*,#2556,.T.);
#3456=ORIENTED_EDGE('',*,*,#2557,.T.);
#3457=ORIENTED_EDGE('',*,*,#2553,.F.);
#3458=ORIENTED_EDGE('',*,*,#2558,.F.);
#3459=ORIENTED_EDGE('',*,*,#2559,.T.);
#3460=ORIENTED_EDGE('',*,*,#2560,.T.);
#3461=ORIENTED_EDGE('',*,*,#2556,.F.);
#3462=ORIENTED_EDGE('',*,*,#2561,.F.);
#3463=ORIENTED_EDGE('',*,*,#2562,.T.);
#3464=ORIENTED_EDGE('',*,*,#2563,.T.);
#3465=ORIENTED_EDGE('',*,*,#2559,.F.);
#3466=ORIENTED_EDGE('',*,*,#2564,.F.);
#3467=ORIENTED_EDGE('',*,*,#2565,.T.);
#3468=ORIENTED_EDGE('',*,*,#2566,.T.);
#3469=ORIENTED_EDGE('',*,*,#2562,.F.);
#3470=ORIENTED_EDGE('',*,*,#2567,.F.);
#3471=ORIENTED_EDGE('',*,*,#2568,.T.);
#3472=ORIENTED_EDGE('',*,*,#2569,.T.);
#3473=ORIENTED_EDGE('',*,*,#2565,.F.);
#3474=ORIENTED_EDGE('',*,*,#2570,.F.);
#3475=ORIENTED_EDGE('',*,*,#2571,.T.);
#3476=ORIENTED_EDGE('',*,*,#2572,.T.);
#3477=ORIENTED_EDGE('',*,*,#2568,.F.);
#3478=ORIENTED_EDGE('',*,*,#2573,.F.);
#3479=ORIENTED_EDGE('',*,*,#2574,.T.);
#3480=ORIENTED_EDGE('',*,*,#2575,.T.);
#3481=ORIENTED_EDGE('',*,*,#2571,.F.);
#3482=ORIENTED_EDGE('',*,*,#2576,.F.);
#3483=ORIENTED_EDGE('',*,*,#2548,.T.);
#3484=ORIENTED_EDGE('',*,*,#2577,.T.);
#3485=ORIENTED_EDGE('',*,*,#2574,.F.);
#3486=ORIENTED_EDGE('',*,*,#2577,.F.);
#3487=ORIENTED_EDGE('',*,*,#2547,.F.);
#3488=ORIENTED_EDGE('',*,*,#2551,.F.);
#3489=ORIENTED_EDGE('',*,*,#2554,.F.);
#3490=ORIENTED_EDGE('',*,*,#2557,.F.);
#3491=ORIENTED_EDGE('',*,*,#2560,.F.);
#3492=ORIENTED_EDGE('',*,*,#2563,.F.);
#3493=ORIENTED_EDGE('',*,*,#2566,.F.);
#3494=ORIENTED_EDGE('',*,*,#2569,.F.);
#3495=ORIENTED_EDGE('',*,*,#2572,.F.);
#3496=ORIENTED_EDGE('',*,*,#2575,.F.);
#3497=ORIENTED_EDGE('',*,*,#2544,.F.);
#3498=ORIENTED_EDGE('',*,*,#2520,.F.);
#3499=ORIENTED_EDGE('',*,*,#2524,.F.);
#3500=ORIENTED_EDGE('',*,*,#2527,.F.);
#3501=ORIENTED_EDGE('',*,*,#2530,.F.);
#3502=ORIENTED_EDGE('',*,*,#2533,.F.);
#3503=ORIENTED_EDGE('',*,*,#2536,.F.);
#3504=ORIENTED_EDGE('',*,*,#2539,.F.);
#3505=ORIENTED_EDGE('',*,*,#2542,.F.);
#3506=ORIENTED_EDGE('',*,*,#2578,.F.);
#3507=ORIENTED_EDGE('',*,*,#2579,.T.);
#3508=ORIENTED_EDGE('',*,*,#2580,.T.);
#3509=ORIENTED_EDGE('',*,*,#2581,.F.);
#3510=ORIENTED_EDGE('',*,*,#2582,.F.);
#3511=ORIENTED_EDGE('',*,*,#2583,.T.);
#3512=ORIENTED_EDGE('',*,*,#2584,.T.);
#3513=ORIENTED_EDGE('',*,*,#2579,.F.);
#3514=ORIENTED_EDGE('',*,*,#2585,.F.);
#3515=ORIENTED_EDGE('',*,*,#2586,.T.);
#3516=ORIENTED_EDGE('',*,*,#2587,.T.);
#3517=ORIENTED_EDGE('',*,*,#2583,.F.);
#3518=ORIENTED_EDGE('',*,*,#2588,.F.);
#3519=ORIENTED_EDGE('',*,*,#2589,.T.);
#3520=ORIENTED_EDGE('',*,*,#2590,.T.);
#3521=ORIENTED_EDGE('',*,*,#2586,.F.);
#3522=ORIENTED_EDGE('',*,*,#2591,.F.);
#3523=ORIENTED_EDGE('',*,*,#2592,.T.);
#3524=ORIENTED_EDGE('',*,*,#2593,.T.);
#3525=ORIENTED_EDGE('',*,*,#2589,.F.);
#3526=ORIENTED_EDGE('',*,*,#2594,.F.);
#3527=ORIENTED_EDGE('',*,*,#2595,.T.);
#3528=ORIENTED_EDGE('',*,*,#2596,.T.);
#3529=ORIENTED_EDGE('',*,*,#2592,.F.);
#3530=ORIENTED_EDGE('',*,*,#2597,.F.);
#3531=ORIENTED_EDGE('',*,*,#2598,.T.);
#3532=ORIENTED_EDGE('',*,*,#2599,.T.);
#3533=ORIENTED_EDGE('',*,*,#2595,.F.);
#3534=ORIENTED_EDGE('',*,*,#2600,.F.);
#3535=ORIENTED_EDGE('',*,*,#2601,.T.);
#3536=ORIENTED_EDGE('',*,*,#2602,.T.);
#3537=ORIENTED_EDGE('',*,*,#2598,.F.);
#3538=ORIENTED_EDGE('',*,*,#2603,.F.);
#3539=ORIENTED_EDGE('',*,*,#2604,.T.);
#3540=ORIENTED_EDGE('',*,*,#2605,.T.);
#3541=ORIENTED_EDGE('',*,*,#2601,.F.);
#3542=ORIENTED_EDGE('',*,*,#2606,.F.);
#3543=ORIENTED_EDGE('',*,*,#2607,.T.);
#3544=ORIENTED_EDGE('',*,*,#2608,.T.);
#3545=ORIENTED_EDGE('',*,*,#2604,.F.);
#3546=ORIENTED_EDGE('',*,*,#2609,.F.);
#3547=ORIENTED_EDGE('',*,*,#2610,.T.);
#3548=ORIENTED_EDGE('',*,*,#2611,.T.);
#3549=ORIENTED_EDGE('',*,*,#2607,.F.);
#3550=ORIENTED_EDGE('',*,*,#2612,.F.);
#3551=ORIENTED_EDGE('',*,*,#2613,.T.);
#3552=ORIENTED_EDGE('',*,*,#2614,.T.);
#3553=ORIENTED_EDGE('',*,*,#2610,.F.);
#3554=ORIENTED_EDGE('',*,*,#2615,.F.);
#3555=ORIENTED_EDGE('',*,*,#2616,.T.);
#3556=ORIENTED_EDGE('',*,*,#2617,.T.);
#3557=ORIENTED_EDGE('',*,*,#2613,.F.);
#3558=ORIENTED_EDGE('',*,*,#2618,.F.);
#3559=ORIENTED_EDGE('',*,*,#2619,.T.);
#3560=ORIENTED_EDGE('',*,*,#2620,.T.);
#3561=ORIENTED_EDGE('',*,*,#2616,.F.);
#3562=ORIENTED_EDGE('',*,*,#2621,.F.);
#3563=ORIENTED_EDGE('',*,*,#2622,.T.);
#3564=ORIENTED_EDGE('',*,*,#2623,.T.);
#3565=ORIENTED_EDGE('',*,*,#2619,.F.);
#3566=ORIENTED_EDGE('',*,*,#2624,.F.);
#3567=ORIENTED_EDGE('',*,*,#2625,.T.);
#3568=ORIENTED_EDGE('',*,*,#2626,.T.);
#3569=ORIENTED_EDGE('',*,*,#2622,.F.);
#3570=ORIENTED_EDGE('',*,*,#2627,.F.);
#3571=ORIENTED_EDGE('',*,*,#2628,.T.);
#3572=ORIENTED_EDGE('',*,*,#2629,.T.);
#3573=ORIENTED_EDGE('',*,*,#2625,.F.);
#3574=ORIENTED_EDGE('',*,*,#2630,.F.);
#3575=ORIENTED_EDGE('',*,*,#2631,.T.);
#3576=ORIENTED_EDGE('',*,*,#2632,.T.);
#3577=ORIENTED_EDGE('',*,*,#2628,.F.);
#3578=ORIENTED_EDGE('',*,*,#2633,.F.);
#3579=ORIENTED_EDGE('',*,*,#2581,.T.);
#3580=ORIENTED_EDGE('',*,*,#2634,.T.);
#3581=ORIENTED_EDGE('',*,*,#2631,.F.);
#3582=ORIENTED_EDGE('',*,*,#2634,.F.);
#3583=ORIENTED_EDGE('',*,*,#2580,.F.);
#3584=ORIENTED_EDGE('',*,*,#2584,.F.);
#3585=ORIENTED_EDGE('',*,*,#2587,.F.);
#3586=ORIENTED_EDGE('',*,*,#2590,.F.);
#3587=ORIENTED_EDGE('',*,*,#2593,.F.);
#3588=ORIENTED_EDGE('',*,*,#2596,.F.);
#3589=ORIENTED_EDGE('',*,*,#2599,.F.);
#3590=ORIENTED_EDGE('',*,*,#2602,.F.);
#3591=ORIENTED_EDGE('',*,*,#2605,.F.);
#3592=ORIENTED_EDGE('',*,*,#2608,.F.);
#3593=ORIENTED_EDGE('',*,*,#2611,.F.);
#3594=ORIENTED_EDGE('',*,*,#2614,.F.);
#3595=ORIENTED_EDGE('',*,*,#2617,.F.);
#3596=ORIENTED_EDGE('',*,*,#2620,.F.);
#3597=ORIENTED_EDGE('',*,*,#2623,.F.);
#3598=ORIENTED_EDGE('',*,*,#2626,.F.);
#3599=ORIENTED_EDGE('',*,*,#2629,.F.);
#3600=ORIENTED_EDGE('',*,*,#2632,.F.);
#3601=ORIENTED_EDGE('',*,*,#2635,.F.);
#3602=ORIENTED_EDGE('',*,*,#2636,.T.);
#3603=ORIENTED_EDGE('',*,*,#2637,.T.);
#3604=ORIENTED_EDGE('',*,*,#2638,.F.);
#3605=ORIENTED_EDGE('',*,*,#2639,.F.);
#3606=ORIENTED_EDGE('',*,*,#2640,.T.);
#3607=ORIENTED_EDGE('',*,*,#2641,.T.);
#3608=ORIENTED_EDGE('',*,*,#2636,.F.);
#3609=ORIENTED_EDGE('',*,*,#2642,.F.);
#3610=ORIENTED_EDGE('',*,*,#2643,.T.);
#3611=ORIENTED_EDGE('',*,*,#2644,.T.);
#3612=ORIENTED_EDGE('',*,*,#2640,.F.);
#3613=ORIENTED_EDGE('',*,*,#2645,.F.);
#3614=ORIENTED_EDGE('',*,*,#2646,.T.);
#3615=ORIENTED_EDGE('',*,*,#2647,.T.);
#3616=ORIENTED_EDGE('',*,*,#2643,.F.);
#3617=ORIENTED_EDGE('',*,*,#2648,.F.);
#3618=ORIENTED_EDGE('',*,*,#2649,.T.);
#3619=ORIENTED_EDGE('',*,*,#2650,.T.);
#3620=ORIENTED_EDGE('',*,*,#2646,.F.);
#3621=ORIENTED_EDGE('',*,*,#2651,.F.);
#3622=ORIENTED_EDGE('',*,*,#2652,.T.);
#3623=ORIENTED_EDGE('',*,*,#2653,.T.);
#3624=ORIENTED_EDGE('',*,*,#2649,.F.);
#3625=ORIENTED_EDGE('',*,*,#2654,.F.);
#3626=ORIENTED_EDGE('',*,*,#2655,.T.);
#3627=ORIENTED_EDGE('',*,*,#2656,.T.);
#3628=ORIENTED_EDGE('',*,*,#2652,.F.);
#3629=ORIENTED_EDGE('',*,*,#2657,.F.);
#3630=ORIENTED_EDGE('',*,*,#2658,.T.);
#3631=ORIENTED_EDGE('',*,*,#2659,.T.);
#3632=ORIENTED_EDGE('',*,*,#2655,.F.);
#3633=ORIENTED_EDGE('',*,*,#2660,.F.);
#3634=ORIENTED_EDGE('',*,*,#2661,.T.);
#3635=ORIENTED_EDGE('',*,*,#2662,.T.);
#3636=ORIENTED_EDGE('',*,*,#2658,.F.);
#3637=ORIENTED_EDGE('',*,*,#2663,.F.);
#3638=ORIENTED_EDGE('',*,*,#2664,.T.);
#3639=ORIENTED_EDGE('',*,*,#2665,.T.);
#3640=ORIENTED_EDGE('',*,*,#2661,.F.);
#3641=ORIENTED_EDGE('',*,*,#2666,.F.);
#3642=ORIENTED_EDGE('',*,*,#2667,.T.);
#3643=ORIENTED_EDGE('',*,*,#2668,.T.);
#3644=ORIENTED_EDGE('',*,*,#2664,.F.);
#3645=ORIENTED_EDGE('',*,*,#2669,.F.);
#3646=ORIENTED_EDGE('',*,*,#2670,.T.);
#3647=ORIENTED_EDGE('',*,*,#2671,.T.);
#3648=ORIENTED_EDGE('',*,*,#2667,.F.);
#3649=ORIENTED_EDGE('',*,*,#2672,.F.);
#3650=ORIENTED_EDGE('',*,*,#2673,.T.);
#3651=ORIENTED_EDGE('',*,*,#2674,.T.);
#3652=ORIENTED_EDGE('',*,*,#2670,.F.);
#3653=ORIENTED_EDGE('',*,*,#2675,.F.);
#3654=ORIENTED_EDGE('',*,*,#2676,.T.);
#3655=ORIENTED_EDGE('',*,*,#2677,.T.);
#3656=ORIENTED_EDGE('',*,*,#2673,.F.);
#3657=ORIENTED_EDGE('',*,*,#2678,.F.);
#3658=ORIENTED_EDGE('',*,*,#2638,.T.);
#3659=ORIENTED_EDGE('',*,*,#2679,.T.);
#3660=ORIENTED_EDGE('',*,*,#2676,.F.);
#3661=ORIENTED_EDGE('',*,*,#2679,.F.);
#3662=ORIENTED_EDGE('',*,*,#2637,.F.);
#3663=ORIENTED_EDGE('',*,*,#2641,.F.);
#3664=ORIENTED_EDGE('',*,*,#2644,.F.);
#3665=ORIENTED_EDGE('',*,*,#2647,.F.);
#3666=ORIENTED_EDGE('',*,*,#2650,.F.);
#3667=ORIENTED_EDGE('',*,*,#2653,.F.);
#3668=ORIENTED_EDGE('',*,*,#2656,.F.);
#3669=ORIENTED_EDGE('',*,*,#2659,.F.);
#3670=ORIENTED_EDGE('',*,*,#2662,.F.);
#3671=ORIENTED_EDGE('',*,*,#2665,.F.);
#3672=ORIENTED_EDGE('',*,*,#2668,.F.);
#3673=ORIENTED_EDGE('',*,*,#2671,.F.);
#3674=ORIENTED_EDGE('',*,*,#2674,.F.);
#3675=ORIENTED_EDGE('',*,*,#2677,.F.);
#3676=ORIENTED_EDGE('',*,*,#2518,.T.);
#3677=ORIENTED_EDGE('',*,*,#2543,.T.);
#3678=ORIENTED_EDGE('',*,*,#2540,.T.);
#3679=ORIENTED_EDGE('',*,*,#2537,.T.);
#3680=ORIENTED_EDGE('',*,*,#2534,.T.);
#3681=ORIENTED_EDGE('',*,*,#2531,.T.);
#3682=ORIENTED_EDGE('',*,*,#2528,.T.);
#3683=ORIENTED_EDGE('',*,*,#2525,.T.);
#3684=ORIENTED_EDGE('',*,*,#2522,.T.);
#3685=ORIENTED_EDGE('',*,*,#2680,.F.);
#3686=ORIENTED_EDGE('',*,*,#2681,.T.);
#3687=ORIENTED_EDGE('',*,*,#2682,.F.);
#3688=ORIENTED_EDGE('',*,*,#2681,.F.);
#3689=ORIENTED_EDGE('',*,*,#2683,.F.);
#3690=ORIENTED_EDGE('',*,*,#2684,.T.);
#3691=ORIENTED_EDGE('',*,*,#2685,.F.);
#3692=ORIENTED_EDGE('',*,*,#2684,.F.);
#3693=ORIENTED_EDGE('',*,*,#2686,.F.);
#3694=ORIENTED_EDGE('',*,*,#2687,.F.);
#3695=ORIENTED_EDGE('',*,*,#2688,.F.);
#3696=ORIENTED_EDGE('',*,*,#2689,.F.);
#3697=ORIENTED_EDGE('',*,*,#2690,.F.);
#3698=ORIENTED_EDGE('',*,*,#2689,.T.);
#3699=ORIENTED_EDGE('',*,*,#2691,.T.);
#3700=ORIENTED_EDGE('',*,*,#2692,.F.);
#3701=ORIENTED_EDGE('',*,*,#2693,.F.);
#3702=ORIENTED_EDGE('',*,*,#2694,.F.);
#3703=ORIENTED_EDGE('',*,*,#2695,.T.);
#3704=ORIENTED_EDGE('',*,*,#2687,.T.);
#3705=ORIENTED_EDGE('',*,*,#2696,.F.);
#3706=ORIENTED_EDGE('',*,*,#2691,.F.);
#3707=ORIENTED_EDGE('',*,*,#2688,.T.);
#3708=ORIENTED_EDGE('',*,*,#2695,.F.);
#3709=ORIENTED_EDGE('',*,*,#2692,.T.);
#3710=ORIENTED_EDGE('',*,*,#2696,.T.);
#3711=ORIENTED_EDGE('',*,*,#2694,.T.);
#3712=ORIENTED_EDGE('',*,*,#2697,.T.);
#3713=ORIENTED_EDGE('',*,*,#2698,.T.);
#3714=ORIENTED_EDGE('',*,*,#2699,.T.);
#3715=ORIENTED_EDGE('',*,*,#2700,.T.);
#3716=ORIENTED_EDGE('',*,*,#2701,.T.);
#3717=ORIENTED_EDGE('',*,*,#2702,.T.);
#3718=ORIENTED_EDGE('',*,*,#2703,.T.);
#3719=ORIENTED_EDGE('',*,*,#2704,.T.);
#3720=ORIENTED_EDGE('',*,*,#2705,.T.);
#3721=ORIENTED_EDGE('',*,*,#2706,.T.);
#3722=ORIENTED_EDGE('',*,*,#2707,.T.);
#3723=ORIENTED_EDGE('',*,*,#2708,.T.);
#3724=ORIENTED_EDGE('',*,*,#2709,.T.);
#3725=ORIENTED_EDGE('',*,*,#2710,.F.);
#3726=ORIENTED_EDGE('',*,*,#2711,.T.);
#3727=ORIENTED_EDGE('',*,*,#2712,.F.);
#3728=ORIENTED_EDGE('',*,*,#2711,.F.);
#3729=ORIENTED_EDGE('',*,*,#2713,.F.);
#3730=ORIENTED_EDGE('',*,*,#2714,.T.);
#3731=ORIENTED_EDGE('',*,*,#2715,.F.);
#3732=ORIENTED_EDGE('',*,*,#2714,.F.);
#3733=ORIENTED_EDGE('',*,*,#2716,.F.);
#3734=ORIENTED_EDGE('',*,*,#2717,.F.);
#3735=ORIENTED_EDGE('',*,*,#2718,.F.);
#3736=ORIENTED_EDGE('',*,*,#2719,.T.);
#3737=ORIENTED_EDGE('',*,*,#2720,.F.);
#3738=ORIENTED_EDGE('',*,*,#2719,.F.);
#3739=ORIENTED_EDGE('',*,*,#2721,.F.);
#3740=ORIENTED_EDGE('',*,*,#2722,.T.);
#3741=ORIENTED_EDGE('',*,*,#2723,.T.);
#3742=ORIENTED_EDGE('',*,*,#2724,.F.);
#3743=ORIENTED_EDGE('',*,*,#2725,.F.);
#3744=ORIENTED_EDGE('',*,*,#2726,.T.);
#3745=ORIENTED_EDGE('',*,*,#2727,.T.);
#3746=ORIENTED_EDGE('',*,*,#2722,.F.);
#3747=ORIENTED_EDGE('',*,*,#2728,.F.);
#3748=ORIENTED_EDGE('',*,*,#2729,.F.);
#3749=ORIENTED_EDGE('',*,*,#2730,.T.);
#3750=ORIENTED_EDGE('',*,*,#2726,.F.);
#3751=ORIENTED_EDGE('',*,*,#2731,.F.);
#3752=ORIENTED_EDGE('',*,*,#2717,.T.);
#3753=ORIENTED_EDGE('',*,*,#2732,.F.);
#3754=ORIENTED_EDGE('',*,*,#2723,.F.);
#3755=ORIENTED_EDGE('',*,*,#2727,.F.);
#3756=ORIENTED_EDGE('',*,*,#2730,.F.);
#3757=ORIENTED_EDGE('',*,*,#2733,.F.);
#3758=ORIENTED_EDGE('',*,*,#2734,.T.);
#3759=ORIENTED_EDGE('',*,*,#2735,.F.);
#3760=ORIENTED_EDGE('',*,*,#2734,.F.);
#3761=ORIENTED_EDGE('',*,*,#2736,.F.);
#3762=ORIENTED_EDGE('',*,*,#2737,.F.);
#3763=ORIENTED_EDGE('',*,*,#2738,.F.);
#3764=ORIENTED_EDGE('',*,*,#2739,.T.);
#3765=ORIENTED_EDGE('',*,*,#2740,.F.);
#3766=ORIENTED_EDGE('',*,*,#2741,.F.);
#3767=ORIENTED_EDGE('',*,*,#2737,.T.);
#3768=ORIENTED_EDGE('',*,*,#2742,.F.);
#3769=ORIENTED_EDGE('',*,*,#2743,.F.);
#3770=ORIENTED_EDGE('',*,*,#2739,.F.);
#3771=ORIENTED_EDGE('',*,*,#2744,.F.);
#3772=ORIENTED_EDGE('',*,*,#2745,.T.);
#3773=ORIENTED_EDGE('',*,*,#2746,.F.);
#3774=ORIENTED_EDGE('',*,*,#2745,.F.);
#3775=ORIENTED_EDGE('',*,*,#2747,.F.);
#3776=ORIENTED_EDGE('',*,*,#2748,.T.);
#3777=ORIENTED_EDGE('',*,*,#2749,.F.);
#3778=ORIENTED_EDGE('',*,*,#2748,.F.);
#3779=ORIENTED_EDGE('',*,*,#2750,.F.);
#3780=ORIENTED_EDGE('',*,*,#2751,.T.);
#3781=ORIENTED_EDGE('',*,*,#2752,.F.);
#3782=ORIENTED_EDGE('',*,*,#2751,.F.);
#3783=ORIENTED_EDGE('',*,*,#2753,.F.);
#3784=ORIENTED_EDGE('',*,*,#2754,.F.);
#3785=ORIENTED_EDGE('',*,*,#2755,.F.);
#3786=ORIENTED_EDGE('',*,*,#2756,.T.);
#3787=ORIENTED_EDGE('',*,*,#2757,.F.);
#3788=ORIENTED_EDGE('',*,*,#2756,.F.);
#3789=ORIENTED_EDGE('',*,*,#2758,.F.);
#3790=ORIENTED_EDGE('',*,*,#2759,.T.);
#3791=ORIENTED_EDGE('',*,*,#2760,.T.);
#3792=ORIENTED_EDGE('',*,*,#2761,.F.);
#3793=ORIENTED_EDGE('',*,*,#2762,.F.);
#3794=ORIENTED_EDGE('',*,*,#2763,.T.);
#3795=ORIENTED_EDGE('',*,*,#2764,.T.);
#3796=ORIENTED_EDGE('',*,*,#2759,.F.);
#3797=ORIENTED_EDGE('',*,*,#2765,.F.);
#3798=ORIENTED_EDGE('',*,*,#2766,.F.);
#3799=ORIENTED_EDGE('',*,*,#2767,.T.);
#3800=ORIENTED_EDGE('',*,*,#2763,.F.);
#3801=ORIENTED_EDGE('',*,*,#2768,.F.);
#3802=ORIENTED_EDGE('',*,*,#2754,.T.);
#3803=ORIENTED_EDGE('',*,*,#2769,.F.);
#3804=ORIENTED_EDGE('',*,*,#2760,.F.);
#3805=ORIENTED_EDGE('',*,*,#2764,.F.);
#3806=ORIENTED_EDGE('',*,*,#2767,.F.);
#3807=ORIENTED_EDGE('',*,*,#2770,.F.);
#3808=ORIENTED_EDGE('',*,*,#2771,.F.);
#3809=ORIENTED_EDGE('',*,*,#2772,.F.);
#3810=ORIENTED_EDGE('',*,*,#2773,.T.);
#3811=ORIENTED_EDGE('',*,*,#2774,.F.);
#3812=ORIENTED_EDGE('',*,*,#2775,.F.);
#3813=ORIENTED_EDGE('',*,*,#2771,.T.);
#3814=ORIENTED_EDGE('',*,*,#2776,.F.);
#3815=ORIENTED_EDGE('',*,*,#2777,.F.);
#3816=ORIENTED_EDGE('',*,*,#2773,.F.);
#3817=ORIENTED_EDGE('',*,*,#2742,.T.);
#3818=ORIENTED_EDGE('',*,*,#2736,.T.);
#3819=ORIENTED_EDGE('',*,*,#2741,.T.);
#3820=ORIENTED_EDGE('',*,*,#2778,.F.);
#3821=ORIENTED_EDGE('',*,*,#2776,.T.);
#3822=ORIENTED_EDGE('',*,*,#2770,.T.);
#3823=ORIENTED_EDGE('',*,*,#2775,.T.);
#3824=ORIENTED_EDGE('',*,*,#2779,.F.);
#3825=ORIENTED_EDGE('',*,*,#2780,.T.);
#3826=ORIENTED_EDGE('',*,*,#2781,.T.);
#3827=ORIENTED_EDGE('',*,*,#2782,.T.);
#3828=ORIENTED_EDGE('',*,*,#2783,.T.);
#3829=ORIENTED_EDGE('',*,*,#2784,.T.);
#3830=ORIENTED_EDGE('',*,*,#2785,.T.);
#3831=ORIENTED_EDGE('',*,*,#2708,.F.);
#3832=ORIENTED_EDGE('',*,*,#2786,.F.);
#3833=ORIENTED_EDGE('',*,*,#2787,.T.);
#3834=ORIENTED_EDGE('',*,*,#2788,.T.);
#3835=ORIENTED_EDGE('',*,*,#2789,.T.);
#3836=ORIENTED_EDGE('',*,*,#2790,.T.);
#3837=ORIENTED_EDGE('',*,*,#2728,.T.);
#3838=ORIENTED_EDGE('',*,*,#2716,.T.);
#3839=ORIENTED_EDGE('',*,*,#2720,.T.);
#3840=ORIENTED_EDGE('',*,*,#2791,.T.);
#3841=ORIENTED_EDGE('',*,*,#2779,.T.);
#3842=ORIENTED_EDGE('',*,*,#2774,.T.);
#3843=ORIENTED_EDGE('',*,*,#2777,.T.);
#3844=ORIENTED_EDGE('',*,*,#2778,.T.);
#3845=ORIENTED_EDGE('',*,*,#2740,.T.);
#3846=ORIENTED_EDGE('',*,*,#2743,.T.);
#3847=ORIENTED_EDGE('',*,*,#2786,.T.);
#3848=ORIENTED_EDGE('',*,*,#2707,.F.);
#3849=ORIENTED_EDGE('',*,*,#2792,.F.);
#3850=ORIENTED_EDGE('',*,*,#2793,.T.);
#3851=ORIENTED_EDGE('',*,*,#2765,.T.);
#3852=ORIENTED_EDGE('',*,*,#2753,.T.);
#3853=ORIENTED_EDGE('',*,*,#2757,.T.);
#3854=ORIENTED_EDGE('',*,*,#2794,.T.);
#3855=ORIENTED_EDGE('',*,*,#2683,.T.);
#3856=ORIENTED_EDGE('',*,*,#2752,.T.);
#3857=ORIENTED_EDGE('',*,*,#2749,.T.);
#3858=ORIENTED_EDGE('',*,*,#2746,.T.);
#3859=ORIENTED_EDGE('',*,*,#2735,.T.);
#3860=ORIENTED_EDGE('',*,*,#2715,.T.);
#3861=ORIENTED_EDGE('',*,*,#2712,.T.);
#3862=ORIENTED_EDGE('',*,*,#2795,.F.);
#3863=ORIENTED_EDGE('',*,*,#2796,.T.);
#3864=ORIENTED_EDGE('',*,*,#2797,.F.);
#3865=ORIENTED_EDGE('',*,*,#2796,.F.);
#3866=ORIENTED_EDGE('',*,*,#2798,.T.);
#3867=ORIENTED_EDGE('',*,*,#2799,.F.);
#3868=ORIENTED_EDGE('',*,*,#2800,.F.);
#3869=ORIENTED_EDGE('',*,*,#2801,.F.);
#3870=ORIENTED_EDGE('',*,*,#2802,.F.);
#3871=ORIENTED_EDGE('',*,*,#2803,.T.);
#3872=ORIENTED_EDGE('',*,*,#2804,.F.);
#3873=ORIENTED_EDGE('',*,*,#2801,.T.);
#3874=ORIENTED_EDGE('',*,*,#2805,.F.);
#3875=ORIENTED_EDGE('',*,*,#2806,.F.);
#3876=ORIENTED_EDGE('',*,*,#2807,.T.);
#3877=ORIENTED_EDGE('',*,*,#2808,.F.);
#3878=ORIENTED_EDGE('',*,*,#2803,.F.);
#3879=ORIENTED_EDGE('',*,*,#2809,.F.);
#3880=ORIENTED_EDGE('',*,*,#2810,.T.);
#3881=ORIENTED_EDGE('',*,*,#2799,.T.);
#3882=ORIENTED_EDGE('',*,*,#2811,.F.);
#3883=ORIENTED_EDGE('',*,*,#2807,.F.);
#3884=ORIENTED_EDGE('',*,*,#2812,.F.);
#3885=ORIENTED_EDGE('',*,*,#2805,.T.);
#3886=ORIENTED_EDGE('',*,*,#2800,.T.);
#3887=ORIENTED_EDGE('',*,*,#2810,.F.);
#3888=ORIENTED_EDGE('',*,*,#2813,.T.);
#3889=ORIENTED_EDGE('',*,*,#2814,.F.);
#3890=ORIENTED_EDGE('',*,*,#2815,.F.);
#3891=ORIENTED_EDGE('',*,*,#2816,.F.);
#3892=ORIENTED_EDGE('',*,*,#2817,.F.);
#3893=ORIENTED_EDGE('',*,*,#2818,.T.);
#3894=ORIENTED_EDGE('',*,*,#2819,.F.);
#3895=ORIENTED_EDGE('',*,*,#2816,.T.);
#3896=ORIENTED_EDGE('',*,*,#2820,.F.);
#3897=ORIENTED_EDGE('',*,*,#2821,.F.);
#3898=ORIENTED_EDGE('',*,*,#2822,.T.);
#3899=ORIENTED_EDGE('',*,*,#2823,.F.);
#3900=ORIENTED_EDGE('',*,*,#2818,.F.);
#3901=ORIENTED_EDGE('',*,*,#2824,.F.);
#3902=ORIENTED_EDGE('',*,*,#2825,.T.);
#3903=ORIENTED_EDGE('',*,*,#2814,.T.);
#3904=ORIENTED_EDGE('',*,*,#2826,.F.);
#3905=ORIENTED_EDGE('',*,*,#2822,.F.);
#3906=ORIENTED_EDGE('',*,*,#2827,.F.);
#3907=ORIENTED_EDGE('',*,*,#2820,.T.);
#3908=ORIENTED_EDGE('',*,*,#2815,.T.);
#3909=ORIENTED_EDGE('',*,*,#2825,.F.);
#3910=ORIENTED_EDGE('',*,*,#2828,.F.);
#3911=ORIENTED_EDGE('',*,*,#2829,.T.);
#3912=ORIENTED_EDGE('',*,*,#2830,.F.);
#3913=ORIENTED_EDGE('',*,*,#2829,.F.);
#3914=ORIENTED_EDGE('',*,*,#2782,.F.);
#3915=ORIENTED_EDGE('',*,*,#2831,.F.);
#3916=ORIENTED_EDGE('',*,*,#2832,.F.);
#3917=ORIENTED_EDGE('',*,*,#2833,.T.);
#3918=ORIENTED_EDGE('',*,*,#2834,.F.);
#3919=ORIENTED_EDGE('',*,*,#2831,.T.);
#3920=ORIENTED_EDGE('',*,*,#2835,.F.);
#3921=ORIENTED_EDGE('',*,*,#2833,.F.);
#3922=ORIENTED_EDGE('',*,*,#2836,.F.);
#3923=ORIENTED_EDGE('',*,*,#2837,.T.);
#3924=ORIENTED_EDGE('',*,*,#2838,.F.);
#3925=ORIENTED_EDGE('',*,*,#2837,.F.);
#3926=ORIENTED_EDGE('',*,*,#2839,.F.);
#3927=ORIENTED_EDGE('',*,*,#2840,.T.);
#3928=ORIENTED_EDGE('',*,*,#2841,.F.);
#3929=ORIENTED_EDGE('',*,*,#2840,.F.);
#3930=ORIENTED_EDGE('',*,*,#2842,.F.);
#3931=ORIENTED_EDGE('',*,*,#2843,.T.);
#3932=ORIENTED_EDGE('',*,*,#2844,.F.);
#3933=ORIENTED_EDGE('',*,*,#2843,.F.);
#3934=ORIENTED_EDGE('',*,*,#2845,.F.);
#3935=ORIENTED_EDGE('',*,*,#2846,.T.);
#3936=ORIENTED_EDGE('',*,*,#2847,.F.);
#3937=ORIENTED_EDGE('',*,*,#2846,.F.);
#3938=ORIENTED_EDGE('',*,*,#2784,.F.);
#3939=ORIENTED_EDGE('',*,*,#2848,.F.);
#3940=ORIENTED_EDGE('',*,*,#2849,.F.);
#3941=ORIENTED_EDGE('',*,*,#2850,.T.);
#3942=ORIENTED_EDGE('',*,*,#2851,.F.);
#3943=ORIENTED_EDGE('',*,*,#2848,.T.);
#3944=ORIENTED_EDGE('',*,*,#2852,.F.);
#3945=ORIENTED_EDGE('',*,*,#2850,.F.);
#3946=ORIENTED_EDGE('',*,*,#2811,.T.);
#3947=ORIENTED_EDGE('',*,*,#2853,.T.);
#3948=ORIENTED_EDGE('',*,*,#2854,.T.);
#3949=ORIENTED_EDGE('',*,*,#2709,.F.);
#3950=ORIENTED_EDGE('',*,*,#2785,.F.);
#3951=ORIENTED_EDGE('',*,*,#2851,.T.);
#3952=ORIENTED_EDGE('',*,*,#2852,.T.);
#3953=ORIENTED_EDGE('',*,*,#2783,.F.);
#3954=ORIENTED_EDGE('',*,*,#2834,.T.);
#3955=ORIENTED_EDGE('',*,*,#2835,.T.);
#3956=ORIENTED_EDGE('',*,*,#2781,.F.);
#3957=ORIENTED_EDGE('',*,*,#2855,.T.);
#3958=ORIENTED_EDGE('',*,*,#2819,.T.);
#3959=ORIENTED_EDGE('',*,*,#2823,.T.);
#3960=ORIENTED_EDGE('',*,*,#2826,.T.);
#3961=ORIENTED_EDGE('',*,*,#2856,.T.);
#3962=ORIENTED_EDGE('',*,*,#2804,.T.);
#3963=ORIENTED_EDGE('',*,*,#2808,.T.);
#3964=ORIENTED_EDGE('',*,*,#2682,.T.);
#3965=ORIENTED_EDGE('',*,*,#2847,.T.);
#3966=ORIENTED_EDGE('',*,*,#2844,.T.);
#3967=ORIENTED_EDGE('',*,*,#2841,.T.);
#3968=ORIENTED_EDGE('',*,*,#2838,.T.);
#3969=ORIENTED_EDGE('',*,*,#2830,.T.);
#3970=ORIENTED_EDGE('',*,*,#2797,.T.);
#3971=ORIENTED_EDGE('',*,*,#2729,.T.);
#3972=ORIENTED_EDGE('',*,*,#2794,.F.);
#3973=ORIENTED_EDGE('',*,*,#2761,.T.);
#3974=ORIENTED_EDGE('',*,*,#2769,.T.);
#3975=ORIENTED_EDGE('',*,*,#2766,.T.);
#3976=ORIENTED_EDGE('',*,*,#2793,.F.);
#3977=ORIENTED_EDGE('',*,*,#2857,.F.);
#3978=ORIENTED_EDGE('',*,*,#2853,.F.);
#3979=ORIENTED_EDGE('',*,*,#2798,.F.);
#3980=ORIENTED_EDGE('',*,*,#2856,.F.);
#3981=ORIENTED_EDGE('',*,*,#2813,.F.);
#3982=ORIENTED_EDGE('',*,*,#2855,.F.);
#3983=ORIENTED_EDGE('',*,*,#2780,.F.);
#3984=ORIENTED_EDGE('',*,*,#2791,.F.);
#3985=ORIENTED_EDGE('',*,*,#2724,.T.);
#3986=ORIENTED_EDGE('',*,*,#2732,.T.);
#3987=ORIENTED_EDGE('',*,*,#2858,.T.);
#3988=ORIENTED_EDGE('',*,*,#2859,.T.);
#3989=ORIENTED_EDGE('',*,*,#2860,.T.);
#3990=ORIENTED_EDGE('',*,*,#2861,.T.);
#3991=ORIENTED_EDGE('',*,*,#2862,.T.);
#3992=ORIENTED_EDGE('',*,*,#2863,.T.);
#3993=ORIENTED_EDGE('',*,*,#2864,.T.);
#3994=ORIENTED_EDGE('',*,*,#2865,.T.);
#3995=ORIENTED_EDGE('',*,*,#2635,.T.);
#3996=ORIENTED_EDGE('',*,*,#2678,.T.);
#3997=ORIENTED_EDGE('',*,*,#2675,.T.);
#3998=ORIENTED_EDGE('',*,*,#2672,.T.);
#3999=ORIENTED_EDGE('',*,*,#2669,.T.);
#4000=ORIENTED_EDGE('',*,*,#2666,.T.);
#4001=ORIENTED_EDGE('',*,*,#2663,.T.);
#4002=ORIENTED_EDGE('',*,*,#2660,.T.);
#4003=ORIENTED_EDGE('',*,*,#2657,.T.);
#4004=ORIENTED_EDGE('',*,*,#2654,.T.);
#4005=ORIENTED_EDGE('',*,*,#2651,.T.);
#4006=ORIENTED_EDGE('',*,*,#2648,.T.);
#4007=ORIENTED_EDGE('',*,*,#2645,.T.);
#4008=ORIENTED_EDGE('',*,*,#2642,.T.);
#4009=ORIENTED_EDGE('',*,*,#2639,.T.);
#4010=ORIENTED_EDGE('',*,*,#2578,.T.);
#4011=ORIENTED_EDGE('',*,*,#2633,.T.);
#4012=ORIENTED_EDGE('',*,*,#2630,.T.);
#4013=ORIENTED_EDGE('',*,*,#2627,.T.);
#4014=ORIENTED_EDGE('',*,*,#2624,.T.);
#4015=ORIENTED_EDGE('',*,*,#2621,.T.);
#4016=ORIENTED_EDGE('',*,*,#2618,.T.);
#4017=ORIENTED_EDGE('',*,*,#2615,.T.);
#4018=ORIENTED_EDGE('',*,*,#2612,.T.);
#4019=ORIENTED_EDGE('',*,*,#2609,.T.);
#4020=ORIENTED_EDGE('',*,*,#2606,.T.);
#4021=ORIENTED_EDGE('',*,*,#2603,.T.);
#4022=ORIENTED_EDGE('',*,*,#2600,.T.);
#4023=ORIENTED_EDGE('',*,*,#2597,.T.);
#4024=ORIENTED_EDGE('',*,*,#2594,.T.);
#4025=ORIENTED_EDGE('',*,*,#2591,.T.);
#4026=ORIENTED_EDGE('',*,*,#2588,.T.);
#4027=ORIENTED_EDGE('',*,*,#2585,.T.);
#4028=ORIENTED_EDGE('',*,*,#2582,.T.);
#4029=ORIENTED_EDGE('',*,*,#2545,.T.);
#4030=ORIENTED_EDGE('',*,*,#2576,.T.);
#4031=ORIENTED_EDGE('',*,*,#2573,.T.);
#4032=ORIENTED_EDGE('',*,*,#2570,.T.);
#4033=ORIENTED_EDGE('',*,*,#2567,.T.);
#4034=ORIENTED_EDGE('',*,*,#2564,.T.);
#4035=ORIENTED_EDGE('',*,*,#2561,.T.);
#4036=ORIENTED_EDGE('',*,*,#2558,.T.);
#4037=ORIENTED_EDGE('',*,*,#2555,.T.);
#4038=ORIENTED_EDGE('',*,*,#2552,.T.);
#4039=ORIENTED_EDGE('',*,*,#2549,.T.);
#4040=ORIENTED_EDGE('',*,*,#2482,.T.);
#4041=ORIENTED_EDGE('',*,*,#2516,.T.);
#4042=ORIENTED_EDGE('',*,*,#2513,.T.);
#4043=ORIENTED_EDGE('',*,*,#2510,.T.);
#4044=ORIENTED_EDGE('',*,*,#2507,.T.);
#4045=ORIENTED_EDGE('',*,*,#2504,.T.);
#4046=ORIENTED_EDGE('',*,*,#2501,.T.);
#4047=ORIENTED_EDGE('',*,*,#2498,.T.);
#4048=ORIENTED_EDGE('',*,*,#2495,.T.);
#4049=ORIENTED_EDGE('',*,*,#2492,.T.);
#4050=ORIENTED_EDGE('',*,*,#2489,.T.);
#4051=ORIENTED_EDGE('',*,*,#2486,.T.);
#4052=ORIENTED_EDGE('',*,*,#2854,.F.);
#4053=ORIENTED_EDGE('',*,*,#2857,.T.);
#4054=ORIENTED_EDGE('',*,*,#2792,.T.);
#4055=ORIENTED_EDGE('',*,*,#2706,.F.);
#4056=ORIENTED_EDGE('',*,*,#2866,.T.);
#4057=ORIENTED_EDGE('',*,*,#2867,.T.);
#4058=ORIENTED_EDGE('',*,*,#2868,.T.);
#4059=ORIENTED_EDGE('',*,*,#2869,.T.);
#4060=ORIENTED_EDGE('',*,*,#2690,.T.);
#4061=ORIENTED_EDGE('',*,*,#2705,.F.);
#4062=ORIENTED_EDGE('',*,*,#2870,.F.);
#4063=ORIENTED_EDGE('',*,*,#2863,.F.);
#4064=ORIENTED_EDGE('',*,*,#2871,.T.);
#4065=ORIENTED_EDGE('',*,*,#2697,.F.);
#4066=ORIENTED_EDGE('',*,*,#2693,.T.);
#4067=ORIENTED_EDGE('',*,*,#2686,.T.);
#4068=ORIENTED_EDGE('',*,*,#2872,.T.);
#4069=ORIENTED_EDGE('',*,*,#2873,.T.);
#4070=ORIENTED_EDGE('',*,*,#2874,.T.);
#4071=ORIENTED_EDGE('',*,*,#2875,.T.);
#4072=ORIENTED_EDGE('',*,*,#2876,.F.);
#4073=ORIENTED_EDGE('',*,*,#2864,.F.);
#4074=ORIENTED_EDGE('',*,*,#2870,.T.);
#4075=ORIENTED_EDGE('',*,*,#2704,.F.);
#4076=ORIENTED_EDGE('',*,*,#2877,.F.);
#4077=ORIENTED_EDGE('',*,*,#2865,.F.);
#4078=ORIENTED_EDGE('',*,*,#2876,.T.);
#4079=ORIENTED_EDGE('',*,*,#2703,.F.);
#4080=ORIENTED_EDGE('',*,*,#2795,.T.);
#4081=ORIENTED_EDGE('',*,*,#2802,.T.);
#4082=ORIENTED_EDGE('',*,*,#2812,.T.);
#4083=ORIENTED_EDGE('',*,*,#2809,.T.);
#4084=ORIENTED_EDGE('',*,*,#2806,.T.);
#4085=ORIENTED_EDGE('',*,*,#2817,.T.);
#4086=ORIENTED_EDGE('',*,*,#2827,.T.);
#4087=ORIENTED_EDGE('',*,*,#2824,.T.);
#4088=ORIENTED_EDGE('',*,*,#2821,.T.);
#4089=ORIENTED_EDGE('',*,*,#2828,.T.);
#4090=ORIENTED_EDGE('',*,*,#2832,.T.);
#4091=ORIENTED_EDGE('',*,*,#2836,.T.);
#4092=ORIENTED_EDGE('',*,*,#2839,.T.);
#4093=ORIENTED_EDGE('',*,*,#2842,.T.);
#4094=ORIENTED_EDGE('',*,*,#2845,.T.);
#4095=ORIENTED_EDGE('',*,*,#2849,.T.);
#4096=ORIENTED_EDGE('',*,*,#2680,.T.);
#4097=ORIENTED_EDGE('',*,*,#2878,.T.);
#4098=ORIENTED_EDGE('',*,*,#2858,.F.);
#4099=ORIENTED_EDGE('',*,*,#2877,.T.);
#4100=ORIENTED_EDGE('',*,*,#2702,.F.);
#4101=ORIENTED_EDGE('',*,*,#2879,.F.);
#4102=ORIENTED_EDGE('',*,*,#2880,.F.);
#4103=ORIENTED_EDGE('',*,*,#2868,.F.);
#4104=ORIENTED_EDGE('',*,*,#2881,.T.);
#4105=ORIENTED_EDGE('',*,*,#2882,.F.);
#4106=ORIENTED_EDGE('',*,*,#2881,.F.);
#4107=ORIENTED_EDGE('',*,*,#2867,.F.);
#4108=ORIENTED_EDGE('',*,*,#2883,.T.);
#4109=ORIENTED_EDGE('',*,*,#2884,.F.);
#4110=ORIENTED_EDGE('',*,*,#2883,.F.);
#4111=ORIENTED_EDGE('',*,*,#2866,.F.);
#4112=ORIENTED_EDGE('',*,*,#2885,.T.);
#4113=ORIENTED_EDGE('',*,*,#2886,.F.);
#4114=ORIENTED_EDGE('',*,*,#2885,.F.);
#4115=ORIENTED_EDGE('',*,*,#2869,.F.);
#4116=ORIENTED_EDGE('',*,*,#2880,.T.);
#4117=ORIENTED_EDGE('',*,*,#2874,.F.);
#4118=ORIENTED_EDGE('',*,*,#2887,.F.);
#4119=ORIENTED_EDGE('',*,*,#2789,.F.);
#4120=ORIENTED_EDGE('',*,*,#2888,.T.);
#4121=ORIENTED_EDGE('',*,*,#2875,.F.);
#4122=ORIENTED_EDGE('',*,*,#2888,.F.);
#4123=ORIENTED_EDGE('',*,*,#2788,.F.);
#4124=ORIENTED_EDGE('',*,*,#2889,.T.);
#4125=ORIENTED_EDGE('',*,*,#2872,.F.);
#4126=ORIENTED_EDGE('',*,*,#2889,.F.);
#4127=ORIENTED_EDGE('',*,*,#2787,.F.);
#4128=ORIENTED_EDGE('',*,*,#2890,.T.);
#4129=ORIENTED_EDGE('',*,*,#2873,.F.);
#4130=ORIENTED_EDGE('',*,*,#2890,.F.);
#4131=ORIENTED_EDGE('',*,*,#2790,.F.);
#4132=ORIENTED_EDGE('',*,*,#2887,.T.);
#4133=ORIENTED_EDGE('',*,*,#2891,.F.);
#4134=ORIENTED_EDGE('',*,*,#2859,.F.);
#4135=ORIENTED_EDGE('',*,*,#2878,.F.);
#4136=ORIENTED_EDGE('',*,*,#2701,.F.);
#4137=ORIENTED_EDGE('',*,*,#2884,.T.);
#4138=ORIENTED_EDGE('',*,*,#2886,.T.);
#4139=ORIENTED_EDGE('',*,*,#2879,.T.);
#4140=ORIENTED_EDGE('',*,*,#2882,.T.);
#4141=ORIENTED_EDGE('',*,*,#2892,.F.);
#4142=ORIENTED_EDGE('',*,*,#2860,.F.);
#4143=ORIENTED_EDGE('',*,*,#2891,.T.);
#4144=ORIENTED_EDGE('',*,*,#2700,.F.);
#4145=ORIENTED_EDGE('',*,*,#2893,.F.);
#4146=ORIENTED_EDGE('',*,*,#2861,.F.);
#4147=ORIENTED_EDGE('',*,*,#2892,.T.);
#4148=ORIENTED_EDGE('',*,*,#2699,.F.);
#4149=ORIENTED_EDGE('',*,*,#2710,.T.);
#4150=ORIENTED_EDGE('',*,*,#2713,.T.);
#4151=ORIENTED_EDGE('',*,*,#2725,.T.);
#4152=ORIENTED_EDGE('',*,*,#2721,.T.);
#4153=ORIENTED_EDGE('',*,*,#2718,.T.);
#4154=ORIENTED_EDGE('',*,*,#2731,.T.);
#4155=ORIENTED_EDGE('',*,*,#2733,.T.);
#4156=ORIENTED_EDGE('',*,*,#2738,.T.);
#4157=ORIENTED_EDGE('',*,*,#2744,.T.);
#4158=ORIENTED_EDGE('',*,*,#2747,.T.);
#4159=ORIENTED_EDGE('',*,*,#2750,.T.);
#4160=ORIENTED_EDGE('',*,*,#2762,.T.);
#4161=ORIENTED_EDGE('',*,*,#2758,.T.);
#4162=ORIENTED_EDGE('',*,*,#2755,.T.);
#4163=ORIENTED_EDGE('',*,*,#2768,.T.);
#4164=ORIENTED_EDGE('',*,*,#2772,.T.);
#4165=ORIENTED_EDGE('',*,*,#2685,.T.);
#4166=ORIENTED_EDGE('',*,*,#2871,.F.);
#4167=ORIENTED_EDGE('',*,*,#2862,.F.);
#4168=ORIENTED_EDGE('',*,*,#2893,.T.);
#4169=ORIENTED_EDGE('',*,*,#2698,.F.);
#4170=PLANE('',#4594);
#4171=PLANE('',#4598);
#4172=PLANE('',#4602);
#4173=PLANE('',#4606);
#4174=PLANE('',#4610);
#4175=PLANE('',#4614);
#4176=PLANE('',#4618);
#4177=PLANE('',#4622);
#4178=PLANE('',#4623);
#4179=PLANE('',#4631);
#4180=PLANE('',#4632);
#4181=PLANE('',#4633);
#4182=PLANE('',#4634);
#4183=PLANE('',#4635);
#4184=PLANE('',#4636);
#4185=PLANE('',#4637);
#4186=PLANE('',#4638);
#4187=PLANE('',#4639);
#4188=PLANE('',#4640);
#4189=PLANE('',#4641);
#4190=PLANE('',#4642);
#4191=PLANE('',#4643);
#4192=PLANE('',#4644);
#4193=PLANE('',#4645);
#4194=PLANE('',#4646);
#4195=PLANE('',#4647);
#4196=PLANE('',#4648);
#4197=PLANE('',#4649);
#4198=PLANE('',#4650);
#4199=PLANE('',#4651);
#4200=PLANE('',#4652);
#4201=PLANE('',#4653);
#4202=PLANE('',#4654);
#4203=PLANE('',#4655);
#4204=PLANE('',#4656);
#4205=PLANE('',#4657);
#4206=PLANE('',#4658);
#4207=PLANE('',#4659);
#4208=PLANE('',#4660);
#4209=PLANE('',#4661);
#4210=PLANE('',#4662);
#4211=PLANE('',#4663);
#4212=PLANE('',#4664);
#4213=PLANE('',#4665);
#4214=PLANE('',#4666);
#4215=PLANE('',#4667);
#4216=PLANE('',#4668);
#4217=PLANE('',#4669);
#4218=PLANE('',#4670);
#4219=PLANE('',#4671);
#4220=PLANE('',#4672);
#4221=PLANE('',#4673);
#4222=PLANE('',#4674);
#4223=PLANE('',#4675);
#4224=PLANE('',#4676);
#4225=PLANE('',#4677);
#4226=PLANE('',#4678);
#4227=PLANE('',#4679);
#4228=PLANE('',#4680);
#4229=PLANE('',#4681);
#4230=PLANE('',#4682);
#4231=PLANE('',#4683);
#4232=PLANE('',#4684);
#4233=PLANE('',#4685);
#4234=PLANE('',#4686);
#4235=PLANE('',#4687);
#4236=PLANE('',#4688);
#4237=PLANE('',#4689);
#4238=PLANE('',#4690);
#4239=PLANE('',#4691);
#4240=PLANE('',#4692);
#4241=PLANE('',#4693);
#4242=PLANE('',#4695);
#4243=PLANE('',#4696);
#4244=PLANE('',#4697);
#4245=PLANE('',#4698);
#4246=PLANE('',#4699);
#4247=PLANE('',#4700);
#4248=PLANE('',#4701);
#4249=PLANE('',#4702);
#4250=PLANE('',#4703);
#4251=PLANE('',#4704);
#4252=PLANE('',#4705);
#4253=PLANE('',#4706);
#4254=PLANE('',#4707);
#4255=PLANE('',#4708);
#4256=PLANE('',#4709);
#4257=PLANE('',#4710);
#4258=PLANE('',#4711);
#4259=PLANE('',#4712);
#4260=PLANE('',#4713);
#4261=PLANE('',#4714);
#4262=PLANE('',#4715);
#4263=PLANE('',#4716);
#4264=PLANE('',#4717);
#4265=PLANE('',#4718);
#4266=PLANE('',#4719);
#4267=PLANE('',#4720);
#4268=PLANE('',#4721);
#4269=PLANE('',#4722);
#4270=PLANE('',#4723);
#4271=PLANE('',#4724);
#4272=PLANE('',#4725);
#4273=PLANE('',#4726);
#4274=PLANE('',#4727);
#4275=PLANE('',#4728);
#4276=PLANE('',#4729);
#4277=PLANE('',#4730);
#4278=PLANE('',#4731);
#4279=PLANE('',#4732);
#4280=PLANE('',#4733);
#4281=PLANE('',#4734);
#4282=PLANE('',#4735);
#4283=PLANE('',#4736);
#4284=PLANE('',#4737);
#4285=PLANE('',#4744);
#4286=PLANE('',#4745);
#4287=PLANE('',#4746);
#4288=PLANE('',#4747);
#4289=PLANE('',#4748);
#4290=PLANE('',#4759);
#4291=PLANE('',#4760);
#4292=PLANE('',#4761);
#4293=PLANE('',#4762);
#4294=PLANE('',#4763);
#4295=PLANE('',#4767);
#4296=PLANE('',#4782);
#4297=PLANE('',#4783);
#4298=PLANE('',#4784);
#4299=PLANE('',#4785);
#4300=PLANE('',#4786);
#4301=PLANE('',#4787);
#4302=PLANE('',#4793);
#4303=PLANE('',#4794);
#4304=PLANE('',#4798);
#4305=PLANE('',#4799);
#4306=PLANE('',#4800);
#4307=PLANE('',#4801);
#4308=PLANE('',#4802);
#4309=PLANE('',#4803);
#4310=PLANE('',#4804);
#4311=PLANE('',#4805);
#4312=PLANE('',#4806);
#4313=PLANE('',#4807);
#4314=PLANE('',#4811);
#4315=PLANE('',#4829);
#4316=PLANE('',#4835);
#4317=PLANE('',#4836);
#4318=PLANE('',#4837);
#4319=PLANE('',#4842);
#4320=PLANE('',#4843);
#4321=PLANE('',#4845);
#4322=PLANE('',#4847);
#4323=PLANE('',#4848);
#4324=PLANE('',#4849);
#4325=PLANE('',#4850);
#4326=PLANE('',#4851);
#4327=PLANE('',#4852);
#4328=PLANE('',#4853);
#4329=PLANE('',#4854);
#4330=PLANE('',#4855);
#4331=PLANE('',#4857);
#4332=ADVANCED_FACE('',(#305),#4170,.F.);
#4333=ADVANCED_FACE('',(#306),#274,.F.);
#4334=ADVANCED_FACE('',(#307),#4171,.F.);
#4335=ADVANCED_FACE('',(#308),#275,.F.);
#4336=ADVANCED_FACE('',(#309,#139),#4172,.F.);
#4337=ADVANCED_FACE('',(#310),#276,.F.);
#4338=ADVANCED_FACE('',(#311),#4173,.T.);
#4339=ADVANCED_FACE('',(#312),#277,.T.);
#4340=ADVANCED_FACE('',(#313),#4174,.T.);
#4341=ADVANCED_FACE('',(#314),#278,.T.);
#4342=ADVANCED_FACE('',(#315),#4175,.T.);
#4343=ADVANCED_FACE('',(#316),#279,.T.);
#4344=ADVANCED_FACE('',(#317),#4176,.T.);
#4345=ADVANCED_FACE('',(#318),#280,.T.);
#4346=ADVANCED_FACE('',(#319,#140),#4177,.T.);
#4347=ADVANCED_FACE('',(#320,#141),#4178,.F.);
#4348=ADVANCED_FACE('',(#321),#281,.F.);
#4349=ADVANCED_FACE('',(#322),#282,.F.);
#4350=ADVANCED_FACE('',(#323),#4179,.F.);
#4351=ADVANCED_FACE('',(#324),#4180,.T.);
#4352=ADVANCED_FACE('',(#325,#142),#4181,.T.);
#4353=ADVANCED_FACE('',(#326),#4182,.T.);
#4354=ADVANCED_FACE('',(#327,#143),#4183,.T.);
#4355=ADVANCED_FACE('',(#328),#4184,.T.);
#4356=ADVANCED_FACE('',(#329),#4185,.T.);
#4357=ADVANCED_FACE('',(#330),#4186,.F.);
#4358=ADVANCED_FACE('',(#331),#4187,.F.);
#4359=ADVANCED_FACE('',(#332),#4188,.F.);
#4360=ADVANCED_FACE('',(#333),#4189,.F.);
#4361=ADVANCED_FACE('',(#334),#4190,.F.);
#4362=ADVANCED_FACE('',(#335),#4191,.F.);
#4363=ADVANCED_FACE('',(#336),#4192,.F.);
#4364=ADVANCED_FACE('',(#337),#4193,.F.);
#4365=ADVANCED_FACE('',(#338),#4194,.F.);
#4366=ADVANCED_FACE('',(#339),#4195,.F.);
#4367=ADVANCED_FACE('',(#340),#4196,.F.);
#4368=ADVANCED_FACE('',(#341),#4197,.F.);
#4369=ADVANCED_FACE('',(#342),#4198,.F.);
#4370=ADVANCED_FACE('',(#343),#4199,.F.);
#4371=ADVANCED_FACE('',(#344),#4200,.F.);
#4372=ADVANCED_FACE('',(#345),#4201,.F.);
#4373=ADVANCED_FACE('',(#346),#4202,.F.);
#4374=ADVANCED_FACE('',(#347),#4203,.F.);
#4375=ADVANCED_FACE('',(#348),#4204,.F.);
#4376=ADVANCED_FACE('',(#349),#4205,.F.);
#4377=ADVANCED_FACE('',(#350),#4206,.F.);
#4378=ADVANCED_FACE('',(#351),#4207,.F.);
#4379=ADVANCED_FACE('',(#352),#4208,.F.);
#4380=ADVANCED_FACE('',(#353),#4209,.F.);
#4381=ADVANCED_FACE('',(#354),#4210,.F.);
#4382=ADVANCED_FACE('',(#355),#4211,.T.);
#4383=ADVANCED_FACE('',(#356),#4212,.F.);
#4384=ADVANCED_FACE('',(#357),#4213,.T.);
#4385=ADVANCED_FACE('',(#358),#4214,.T.);
#4386=ADVANCED_FACE('',(#359),#4215,.T.);
#4387=ADVANCED_FACE('',(#360),#4216,.T.);
#4388=ADVANCED_FACE('',(#361),#4217,.T.);
#4389=ADVANCED_FACE('',(#362),#4218,.T.);
#4390=ADVANCED_FACE('',(#363),#4219,.T.);
#4391=ADVANCED_FACE('',(#364),#4220,.T.);
#4392=ADVANCED_FACE('',(#365),#4221,.T.);
#4393=ADVANCED_FACE('',(#366),#4222,.T.);
#4394=ADVANCED_FACE('',(#367),#4223,.T.);
#4395=ADVANCED_FACE('',(#368),#4224,.T.);
#4396=ADVANCED_FACE('',(#369),#4225,.T.);
#4397=ADVANCED_FACE('',(#370),#4226,.T.);
#4398=ADVANCED_FACE('',(#371),#4227,.T.);
#4399=ADVANCED_FACE('',(#372),#4228,.T.);
#4400=ADVANCED_FACE('',(#373),#4229,.T.);
#4401=ADVANCED_FACE('',(#374),#4230,.T.);
#4402=ADVANCED_FACE('',(#375),#4231,.F.);
#4403=ADVANCED_FACE('',(#376),#4232,.F.);
#4404=ADVANCED_FACE('',(#377,#144,#145,#146,#147,#148,#149),#4233,.F.);
#4405=ADVANCED_FACE('',(#378),#4234,.F.);
#4406=ADVANCED_FACE('',(#379),#4235,.F.);
#4407=ADVANCED_FACE('',(#380),#4236,.F.);
#4408=ADVANCED_FACE('',(#381,#150,#151,#152,#153,#154,#155),#4237,.T.);
#4409=ADVANCED_FACE('',(#382),#4238,.T.);
#4410=ADVANCED_FACE('',(#383),#4239,.T.);
#4411=ADVANCED_FACE('',(#384,#156),#4240,.T.);
#4412=ADVANCED_FACE('',(#385,#157),#4241,.T.);
#4413=ADVANCED_FACE('',(#386),#4242,.F.);
#4414=ADVANCED_FACE('',(#387),#4243,.F.);
#4415=ADVANCED_FACE('',(#388),#4244,.F.);
#4416=ADVANCED_FACE('',(#389),#4245,.F.);
#4417=ADVANCED_FACE('',(#390),#4246,.F.);
#4418=ADVANCED_FACE('',(#391),#4247,.F.);
#4419=ADVANCED_FACE('',(#392),#4248,.F.);
#4420=ADVANCED_FACE('',(#393),#4249,.F.);
#4421=ADVANCED_FACE('',(#394),#4250,.F.);
#4422=ADVANCED_FACE('',(#395),#4251,.F.);
#4423=ADVANCED_FACE('',(#396),#4252,.F.);
#4424=ADVANCED_FACE('',(#397),#4253,.F.);
#4425=ADVANCED_FACE('',(#398),#4254,.F.);
#4426=ADVANCED_FACE('',(#399),#99,.F.);
#4427=ADVANCED_FACE('',(#400),#100,.F.);
#4428=ADVANCED_FACE('',(#401),#101,.F.);
#4429=ADVANCED_FACE('',(#402),#102,.F.);
#4430=ADVANCED_FACE('',(#403),#103,.F.);
#4431=ADVANCED_FACE('',(#404),#104,.F.);
#4432=ADVANCED_FACE('',(#405),#105,.F.);
#4433=ADVANCED_FACE('',(#406),#106,.F.);
#4434=ADVANCED_FACE('',(#407),#107,.F.);
#4435=ADVANCED_FACE('',(#408),#108,.F.);
#4436=ADVANCED_FACE('',(#409),#109,.F.);
#4437=ADVANCED_FACE('',(#410),#110,.F.);
#4438=ADVANCED_FACE('',(#411),#111,.F.);
#4439=ADVANCED_FACE('',(#412),#112,.F.);
#4440=ADVANCED_FACE('',(#413),#113,.F.);
#4441=ADVANCED_FACE('',(#414),#114,.F.);
#4442=ADVANCED_FACE('',(#415),#115,.F.);
#4443=ADVANCED_FACE('',(#416),#116,.F.);
#4444=ADVANCED_FACE('',(#417),#117,.F.);
#4445=ADVANCED_FACE('',(#418),#118,.F.);
#4446=ADVANCED_FACE('',(#419,#158),#4255,.T.);
#4447=ADVANCED_FACE('',(#420),#4256,.F.);
#4448=ADVANCED_FACE('',(#421),#119,.F.);
#4449=ADVANCED_FACE('',(#422),#120,.F.);
#4450=ADVANCED_FACE('',(#423),#4257,.F.);
#4451=ADVANCED_FACE('',(#424),#4258,.F.);
#4452=ADVANCED_FACE('',(#425),#4259,.F.);
#4453=ADVANCED_FACE('',(#426),#4260,.F.);
#4454=ADVANCED_FACE('',(#427),#4261,.F.);
#4455=ADVANCED_FACE('',(#428),#121,.F.);
#4456=ADVANCED_FACE('',(#429),#122,.F.);
#4457=ADVANCED_FACE('',(#430),#4262,.F.);
#4458=ADVANCED_FACE('',(#431),#4263,.F.);
#4459=ADVANCED_FACE('',(#432),#4264,.F.);
#4460=ADVANCED_FACE('',(#433),#123,.F.);
#4461=ADVANCED_FACE('',(#434),#124,.F.);
#4462=ADVANCED_FACE('',(#435),#4265,.F.);
#4463=ADVANCED_FACE('',(#436),#4266,.F.);
#4464=ADVANCED_FACE('',(#437),#4267,.F.);
#4465=ADVANCED_FACE('',(#438),#4268,.F.);
#4466=ADVANCED_FACE('',(#439),#4269,.T.);
#4467=ADVANCED_FACE('',(#440),#4270,.F.);
#4468=ADVANCED_FACE('',(#441),#4271,.F.);
#4469=ADVANCED_FACE('',(#442),#4272,.F.);
#4470=ADVANCED_FACE('',(#443),#4273,.F.);
#4471=ADVANCED_FACE('',(#444),#4274,.F.);
#4472=ADVANCED_FACE('',(#445),#4275,.F.);
#4473=ADVANCED_FACE('',(#446),#4276,.F.);
#4474=ADVANCED_FACE('',(#447),#4277,.F.);
#4475=ADVANCED_FACE('',(#448),#4278,.F.);
#4476=ADVANCED_FACE('',(#449),#125,.F.);
#4477=ADVANCED_FACE('',(#450),#126,.F.);
#4478=ADVANCED_FACE('',(#451),#4279,.F.);
#4479=ADVANCED_FACE('',(#452),#4280,.F.);
#4480=ADVANCED_FACE('',(#453),#4281,.F.);
#4481=ADVANCED_FACE('',(#454),#4282,.F.);
#4482=ADVANCED_FACE('',(#455),#4283,.T.);
#4483=ADVANCED_FACE('',(#456),#4284,.F.);
#4484=ADVANCED_FACE('',(#457),#283,.F.);
#4485=ADVANCED_FACE('',(#458),#284,.F.);
#4486=ADVANCED_FACE('',(#459),#4285,.F.);
#4487=ADVANCED_FACE('',(#460),#4286,.F.);
#4488=ADVANCED_FACE('',(#461),#4287,.F.);
#4489=ADVANCED_FACE('',(#462),#4288,.F.);
#4490=ADVANCED_FACE('',(#463,#159),#4289,.T.);
#4491=ADVANCED_FACE('',(#464),#285,.F.);
#4492=ADVANCED_FACE('',(#465),#286,.F.);
#4493=ADVANCED_FACE('',(#466),#4290,.F.);
#4494=ADVANCED_FACE('',(#467),#4291,.F.);
#4495=ADVANCED_FACE('',(#468),#4292,.F.);
#4496=ADVANCED_FACE('',(#469),#4293,.F.);
#4497=ADVANCED_FACE('',(#470),#4294,.F.);
#4498=ADVANCED_FACE('',(#471),#287,.F.);
#4499=ADVANCED_FACE('',(#472),#4295,.T.);
#4500=ADVANCED_FACE('',(#473),#288,.F.);
#4501=ADVANCED_FACE('',(#474),#289,.F.);
#4502=ADVANCED_FACE('',(#475),#290,.F.);
#4503=ADVANCED_FACE('',(#476),#291,.F.);
#4504=ADVANCED_FACE('',(#477),#4296,.F.);
#4505=ADVANCED_FACE('',(#478),#4297,.F.);
#4506=ADVANCED_FACE('',(#479),#4298,.F.);
#4507=ADVANCED_FACE('',(#480),#4299,.F.);
#4508=ADVANCED_FACE('',(#481),#4300,.F.);
#4509=ADVANCED_FACE('',(#482),#4301,.T.);
#4510=ADVANCED_FACE('',(#483),#292,.F.);
#4511=ADVANCED_FACE('',(#484,#160),#4302,.T.);
#4512=ADVANCED_FACE('',(#485,#161,#162,#163,#164,#165,#166,#167),#4303,
 .T.);
#4513=ADVANCED_FACE('',(#486),#293,.F.);
#4514=ADVANCED_FACE('',(#487),#4304,.F.);
#4515=ADVANCED_FACE('',(#488),#4305,.F.);
#4516=ADVANCED_FACE('',(#489),#4306,.F.);
#4517=ADVANCED_FACE('',(#490),#4307,.F.);
#4518=ADVANCED_FACE('',(#491),#4308,.F.);
#4519=ADVANCED_FACE('',(#492),#4309,.F.);
#4520=ADVANCED_FACE('',(#493),#4310,.F.);
#4521=ADVANCED_FACE('',(#494),#4311,.F.);
#4522=ADVANCED_FACE('',(#495),#4312,.F.);
#4523=ADVANCED_FACE('',(#496),#4313,.F.);
#4524=ADVANCED_FACE('',(#497),#294,.F.);
#4525=ADVANCED_FACE('',(#498),#4314,.T.);
#4526=ADVANCED_FACE('',(#499),#295,.F.);
#4527=ADVANCED_FACE('',(#500),#296,.F.);
#4528=ADVANCED_FACE('',(#501),#297,.F.);
#4529=ADVANCED_FACE('',(#502),#298,.F.);
#4530=ADVANCED_FACE('',(#503),#299,.F.);
#4531=ADVANCED_FACE('',(#504),#4315,.T.);
#4532=ADVANCED_FACE('',(#505),#300,.F.);
#4533=ADVANCED_FACE('',(#506,#168,#169,#170,#171,#172,#173,#174),#4316,
 .T.);
#4534=ADVANCED_FACE('',(#507),#4317,.T.);
#4535=ADVANCED_FACE('',(#508,#175,#176,#177,#178),#4318,.F.);
#4536=ADVANCED_FACE('',(#509,#179),#4319,.T.);
#4537=ADVANCED_FACE('',(#510,#180),#4320,.T.);
#4538=ADVANCED_FACE('',(#511),#301,.T.);
#4539=ADVANCED_FACE('',(#512,#181,#182,#183,#184,#185,#186,#187,#188,#189,
#190,#191),#4321,.T.);
#4540=ADVANCED_FACE('',(#513),#302,.T.);
#4541=ADVANCED_FACE('',(#514),#4322,.F.);
#4542=ADVANCED_FACE('',(#515),#4323,.F.);
#4543=ADVANCED_FACE('',(#516),#4324,.F.);
#4544=ADVANCED_FACE('',(#517),#4325,.F.);
#4545=ADVANCED_FACE('',(#518),#4326,.F.);
#4546=ADVANCED_FACE('',(#519),#4327,.F.);
#4547=ADVANCED_FACE('',(#520),#4328,.F.);
#4548=ADVANCED_FACE('',(#521),#4329,.F.);
#4549=ADVANCED_FACE('',(#522,#192),#4330,.T.);
#4550=ADVANCED_FACE('',(#523),#303,.T.);
#4551=ADVANCED_FACE('',(#524,#193,#194,#195,#196,#197,#198,#199,#200,#201,
#202,#203),#4331,.T.);
#4552=ADVANCED_FACE('',(#525),#304,.T.);
#4553=CLOSED_SHELL('',(#4332,#4333,#4334,#4335,#4336,#4337,#4338,#4339,
#4340,#4341,#4342,#4343,#4344,#4345,#4346,#4347));
#4554=CLOSED_SHELL('',(#4348,#4349,#4350,#4351,#4352,#4353,#4354,#4355,
#4356,#4357,#4358,#4359,#4360,#4361,#4362,#4363,#4364,#4365,#4366,#4367,
#4368,#4369,#4370,#4371,#4372,#4373,#4374,#4375,#4376,#4377,#4378,#4379,
#4380,#4381,#4382,#4383,#4384,#4385,#4386,#4387,#4388,#4389,#4390,#4391,
#4392,#4393,#4394,#4395,#4396,#4397,#4398,#4399,#4400,#4401,#4402,#4403,
#4404,#4405,#4406,#4407,#4408,#4409,#4410,#4411,#4412));
#4555=CLOSED_SHELL('',(#4413,#4414,#4415,#4416,#4417,#4418,#4419,#4420,
#4421,#4422,#4423,#4424,#4425,#4426,#4427,#4428,#4429,#4430,#4431,#4432,
#4433,#4434,#4435,#4436,#4437,#4438,#4439,#4440,#4441,#4442,#4443,#4444,
#4445,#4446,#4447,#4448,#4449,#4450,#4451,#4452,#4453,#4454,#4455,#4456,
#4457,#4458,#4459,#4460,#4461,#4462,#4463,#4464,#4465,#4466,#4467,#4468,
#4469,#4470,#4471,#4472,#4473,#4474,#4475,#4476,#4477,#4478,#4479,#4480,
#4481,#4482,#4483,#4484,#4485,#4486,#4487,#4488,#4489,#4490,#4491,#4492,
#4493,#4494,#4495,#4496,#4497,#4498,#4499,#4500,#4501,#4502,#4503,#4504,
#4505,#4506,#4507,#4508,#4509,#4510,#4511,#4512,#4513,#4514,#4515,#4516,
#4517,#4518,#4519,#4520,#4521,#4522,#4523,#4524,#4525,#4526,#4527,#4528,
#4529,#4530,#4531,#4532,#4533,#4534,#4535,#4536,#4537,#4538,#4539,#4540,
#4541,#4542,#4543,#4544,#4545,#4546,#4547,#4548,#4549,#4550,#4551,#4552));
#4556=DERIVED_UNIT_ELEMENT(#4562,1.);
#4557=DERIVED_UNIT_ELEMENT(#7717,-3.);
#4558=DERIVED_UNIT_ELEMENT(#4562,1.);
#4559=DERIVED_UNIT_ELEMENT(#7717,-3.);
#4560=DERIVED_UNIT_ELEMENT(#4562,1.);
#4561=DERIVED_UNIT_ELEMENT(#7717,-3.);
#4562=(
MASS_UNIT()
NAMED_UNIT(*)
SI_UNIT(.KILO.,.GRAM.)
);
#4563=DERIVED_UNIT((#4556,#4557));
#4564=DERIVED_UNIT((#4558,#4559));
#4565=DERIVED_UNIT((#4560,#4561));
#4566=MEASURE_REPRESENTATION_ITEM('density measure',
POSITIVE_RATIO_MEASURE(7850.),#4563);
#4567=MEASURE_REPRESENTATION_ITEM('density measure',
POSITIVE_RATIO_MEASURE(7850.),#4564);
#4568=MEASURE_REPRESENTATION_ITEM('density measure',
POSITIVE_RATIO_MEASURE(7850.),#4565);
#4569=PROPERTY_DEFINITION_REPRESENTATION(#4584,#4575);
#4570=PROPERTY_DEFINITION_REPRESENTATION(#4585,#4576);
#4571=PROPERTY_DEFINITION_REPRESENTATION(#4586,#4577);
#4572=PROPERTY_DEFINITION_REPRESENTATION(#4587,#4578);
#4573=PROPERTY_DEFINITION_REPRESENTATION(#4588,#4579);
#4574=PROPERTY_DEFINITION_REPRESENTATION(#4589,#4580);
#4575=REPRESENTATION('material name',(#4581),#7712);
#4576=REPRESENTATION('density',(#4566),#7712);
#4577=REPRESENTATION('material name',(#4582),#7713);
#4578=REPRESENTATION('density',(#4567),#7713);
#4579=REPRESENTATION('material name',(#4583),#7714);
#4580=REPRESENTATION('density',(#4568),#7714);
#4581=DESCRIPTIVE_REPRESENTATION_ITEM('Steel','Steel');
#4582=DESCRIPTIVE_REPRESENTATION_ITEM('Steel','Steel');
#4583=DESCRIPTIVE_REPRESENTATION_ITEM('Steel','Steel');
#4584=PROPERTY_DEFINITION('material property','material name',#7750);
#4585=PROPERTY_DEFINITION('material property','density of part',#7750);
#4586=PROPERTY_DEFINITION('material property','material name',#7751);
#4587=PROPERTY_DEFINITION('material property','density of part',#7751);
#4588=PROPERTY_DEFINITION('material property','material name',#7752);
#4589=PROPERTY_DEFINITION('material property','density of part',#7752);
#4590=AXIS2_PLACEMENT_3D('',#5933,#4867,#4868);
#4591=AXIS2_PLACEMENT_3D('',#5934,#4869,#4870);
#4592=AXIS2_PLACEMENT_3D('',#5935,#4871,#4872);
#4593=AXIS2_PLACEMENT_3D('',#5936,#4873,#4874);
#4594=AXIS2_PLACEMENT_3D('',#5937,#4875,#4876);
#4595=AXIS2_PLACEMENT_3D('',#5946,#4881,#4882);
#4596=AXIS2_PLACEMENT_3D('',#5948,#4883,#4884);
#4597=AXIS2_PLACEMENT_3D('',#5951,#4886,#4887);
#4598=AXIS2_PLACEMENT_3D('',#5952,#4888,#4889);
#4599=AXIS2_PLACEMENT_3D('',#5958,#4893,#4894);
#4600=AXIS2_PLACEMENT_3D('',#5959,#4895,#4896);
#4601=AXIS2_PLACEMENT_3D('',#5960,#4897,#4898);
#4602=AXIS2_PLACEMENT_3D('',#5961,#4899,#4900);
#4603=AXIS2_PLACEMENT_3D('',#5963,#4901,#4902);
#4604=AXIS2_PLACEMENT_3D('',#5964,#4903,#4904);
#4605=AXIS2_PLACEMENT_3D('',#5966,#4905,#4906);
#4606=AXIS2_PLACEMENT_3D('',#5968,#4908,#4909);
#4607=AXIS2_PLACEMENT_3D('',#5977,#4914,#4915);
#4608=AXIS2_PLACEMENT_3D('',#5979,#4916,#4917);
#4609=AXIS2_PLACEMENT_3D('',#5981,#4918,#4919);
#4610=AXIS2_PLACEMENT_3D('',#5983,#4921,#4922);
#4611=AXIS2_PLACEMENT_3D('',#5989,#4926,#4927);
#4612=AXIS2_PLACEMENT_3D('',#5991,#4928,#4929);
#4613=AXIS2_PLACEMENT_3D('',#5993,#4930,#4931);
#4614=AXIS2_PLACEMENT_3D('',#5995,#4933,#4934);
#4615=AXIS2_PLACEMENT_3D('',#6001,#4938,#4939);
#4616=AXIS2_PLACEMENT_3D('',#6003,#4940,#4941);
#4617=AXIS2_PLACEMENT_3D('',#6005,#4942,#4943);
#4618=AXIS2_PLACEMENT_3D('',#6007,#4945,#4946);
#4619=AXIS2_PLACEMENT_3D('',#6013,#4950,#4951);
#4620=AXIS2_PLACEMENT_3D('',#6014,#4952,#4953);
#4621=AXIS2_PLACEMENT_3D('',#6015,#4954,#4955);
#4622=AXIS2_PLACEMENT_3D('',#6016,#4956,#4957);
#4623=AXIS2_PLACEMENT_3D('',#6017,#4958,#4959);
#4624=AXIS2_PLACEMENT_3D('',#6018,#4960,#4961);
#4625=AXIS2_PLACEMENT_3D('',#6019,#4962,#4963);
#4626=AXIS2_PLACEMENT_3D('',#6021,#4964,#4965);
#4627=AXIS2_PLACEMENT_3D('',#6024,#4967,#4968);
#4628=AXIS2_PLACEMENT_3D('',#6025,#4969,#4970);
#4629=AXIS2_PLACEMENT_3D('',#6027,#4971,#4972);
#4630=AXIS2_PLACEMENT_3D('',#6030,#4974,#4975);
#4631=AXIS2_PLACEMENT_3D('',#6031,#4976,#4977);
#4632=AXIS2_PLACEMENT_3D('',#6048,#4986,#4987);
#4633=AXIS2_PLACEMENT_3D('',#6054,#4991,#4992);
#4634=AXIS2_PLACEMENT_3D('',#6066,#4999,#5000);
#4635=AXIS2_PLACEMENT_3D('',#6078,#5007,#5008);
#4636=AXIS2_PLACEMENT_3D('',#6090,#5015,#5016);
#4637=AXIS2_PLACEMENT_3D('',#6108,#5026,#5027);
#4638=AXIS2_PLACEMENT_3D('',#6110,#5029,#5030);
#4639=AXIS2_PLACEMENT_3D('',#6119,#5035,#5036);
#4640=AXIS2_PLACEMENT_3D('',#6125,#5040,#5041);
#4641=AXIS2_PLACEMENT_3D('',#6131,#5045,#5046);
#4642=AXIS2_PLACEMENT_3D('',#6134,#5049,#5050);
#4643=AXIS2_PLACEMENT_3D('',#6143,#5055,#5056);
#4644=AXIS2_PLACEMENT_3D('',#6149,#5060,#5061);
#4645=AXIS2_PLACEMENT_3D('',#6155,#5065,#5066);
#4646=AXIS2_PLACEMENT_3D('',#6158,#5069,#5070);
#4647=AXIS2_PLACEMENT_3D('',#6167,#5075,#5076);
#4648=AXIS2_PLACEMENT_3D('',#6173,#5080,#5081);
#4649=AXIS2_PLACEMENT_3D('',#6179,#5085,#5086);
#4650=AXIS2_PLACEMENT_3D('',#6182,#5089,#5090);
#4651=AXIS2_PLACEMENT_3D('',#6191,#5095,#5096);
#4652=AXIS2_PLACEMENT_3D('',#6197,#5100,#5101);
#4653=AXIS2_PLACEMENT_3D('',#6203,#5105,#5106);
#4654=AXIS2_PLACEMENT_3D('',#6206,#5109,#5110);
#4655=AXIS2_PLACEMENT_3D('',#6215,#5115,#5116);
#4656=AXIS2_PLACEMENT_3D('',#6221,#5120,#5121);
#4657=AXIS2_PLACEMENT_3D('',#6227,#5125,#5126);
#4658=AXIS2_PLACEMENT_3D('',#6233,#5130,#5131);
#4659=AXIS2_PLACEMENT_3D('',#6236,#5134,#5135);
#4660=AXIS2_PLACEMENT_3D('',#6245,#5140,#5141);
#4661=AXIS2_PLACEMENT_3D('',#6251,#5145,#5146);
#4662=AXIS2_PLACEMENT_3D('',#6257,#5150,#5151);
#4663=AXIS2_PLACEMENT_3D('',#6260,#5154,#5155);
#4664=AXIS2_PLACEMENT_3D('',#6263,#5158,#5159);
#4665=AXIS2_PLACEMENT_3D('',#6271,#5164,#5165);
#4666=AXIS2_PLACEMENT_3D('',#6275,#5168,#5169);
#4667=AXIS2_PLACEMENT_3D('',#6277,#5171,#5172);
#4668=AXIS2_PLACEMENT_3D('',#6283,#5176,#5177);
#4669=AXIS2_PLACEMENT_3D('',#6285,#5179,#5180);
#4670=AXIS2_PLACEMENT_3D('',#6295,#5186,#5187);
#4671=AXIS2_PLACEMENT_3D('',#6299,#5190,#5191);
#4672=AXIS2_PLACEMENT_3D('',#6303,#5194,#5195);
#4673=AXIS2_PLACEMENT_3D('',#6313,#5201,#5202);
#4674=AXIS2_PLACEMENT_3D('',#6317,#5205,#5206);
#4675=AXIS2_PLACEMENT_3D('',#6321,#5209,#5210);
#4676=AXIS2_PLACEMENT_3D('',#6327,#5214,#5215);
#4677=AXIS2_PLACEMENT_3D('',#6330,#5218,#5219);
#4678=AXIS2_PLACEMENT_3D('',#6331,#5220,#5221);
#4679=AXIS2_PLACEMENT_3D('',#6337,#5225,#5226);
#4680=AXIS2_PLACEMENT_3D('',#6342,#5230,#5231);
#4681=AXIS2_PLACEMENT_3D('',#6346,#5234,#5235);
#4682=AXIS2_PLACEMENT_3D('',#6350,#5238,#5239);
#4683=AXIS2_PLACEMENT_3D('',#6351,#5240,#5241);
#4684=AXIS2_PLACEMENT_3D('',#6357,#5245,#5246);
#4685=AXIS2_PLACEMENT_3D('',#6360,#5249,#5250);
#4686=AXIS2_PLACEMENT_3D('',#6374,#5258,#5259);
#4687=AXIS2_PLACEMENT_3D('',#6379,#5263,#5264);
#4688=AXIS2_PLACEMENT_3D('',#6384,#5268,#5269);
#4689=AXIS2_PLACEMENT_3D('',#6386,#5271,#5272);
#4690=AXIS2_PLACEMENT_3D('',#6387,#5273,#5274);
#4691=AXIS2_PLACEMENT_3D('',#6389,#5276,#5277);
#4692=AXIS2_PLACEMENT_3D('',#6391,#5279,#5280);
#4693=AXIS2_PLACEMENT_3D('',#6392,#5281,#5282);
#4694=AXIS2_PLACEMENT_3D('',#6393,#5283,#5284);
#4695=AXIS2_PLACEMENT_3D('',#6394,#5285,#5286);
#4696=AXIS2_PLACEMENT_3D('',#6403,#5291,#5292);
#4697=AXIS2_PLACEMENT_3D('',#6409,#5296,#5297);
#4698=AXIS2_PLACEMENT_3D('',#6415,#5301,#5302);
#4699=AXIS2_PLACEMENT_3D('',#6421,#5306,#5307);
#4700=AXIS2_PLACEMENT_3D('',#6427,#5311,#5312);
#4701=AXIS2_PLACEMENT_3D('',#6433,#5316,#5317);
#4702=AXIS2_PLACEMENT_3D('',#6439,#5321,#5322);
#4703=AXIS2_PLACEMENT_3D('',#6445,#5326,#5327);
#4704=AXIS2_PLACEMENT_3D('',#6451,#5331,#5332);
#4705=AXIS2_PLACEMENT_3D('',#6457,#5336,#5337);
#4706=AXIS2_PLACEMENT_3D('',#6463,#5341,#5342);
#4707=AXIS2_PLACEMENT_3D('',#6466,#5345,#5346);
#4708=AXIS2_PLACEMENT_3D('',#6927,#5367,#5368);
#4709=AXIS2_PLACEMENT_3D('',#6928,#5369,#5370);
#4710=AXIS2_PLACEMENT_3D('',#6983,#5377,#5378);
#4711=AXIS2_PLACEMENT_3D('',#6989,#5382,#5383);
#4712=AXIS2_PLACEMENT_3D('',#6995,#5387,#5388);
#4713=AXIS2_PLACEMENT_3D('',#7001,#5392,#5393);
#4714=AXIS2_PLACEMENT_3D('',#7007,#5397,#5398);
#4715=AXIS2_PLACEMENT_3D('',#7059,#5404,#5405);
#4716=AXIS2_PLACEMENT_3D('',#7065,#5409,#5410);
#4717=AXIS2_PLACEMENT_3D('',#7071,#5414,#5415);
#4718=AXIS2_PLACEMENT_3D('',#7123,#5421,#5422);
#4719=AXIS2_PLACEMENT_3D('',#7129,#5426,#5427);
#4720=AXIS2_PLACEMENT_3D('',#7135,#5431,#5432);
#4721=AXIS2_PLACEMENT_3D('',#7141,#5436,#5437);
#4722=AXIS2_PLACEMENT_3D('',#7144,#5440,#5441);
#4723=AXIS2_PLACEMENT_3D('',#7145,#5442,#5443);
#4724=AXIS2_PLACEMENT_3D('',#7154,#5448,#5449);
#4725=AXIS2_PLACEMENT_3D('',#7160,#5453,#5454);
#4726=AXIS2_PLACEMENT_3D('',#7166,#5458,#5459);
#4727=AXIS2_PLACEMENT_3D('',#7172,#5463,#5464);
#4728=AXIS2_PLACEMENT_3D('',#7178,#5468,#5469);
#4729=AXIS2_PLACEMENT_3D('',#7184,#5473,#5474);
#4730=AXIS2_PLACEMENT_3D('',#7190,#5478,#5479);
#4731=AXIS2_PLACEMENT_3D('',#7196,#5483,#5484);
#4732=AXIS2_PLACEMENT_3D('',#7248,#5490,#5491);
#4733=AXIS2_PLACEMENT_3D('',#7254,#5495,#5496);
#4734=AXIS2_PLACEMENT_3D('',#7260,#5500,#5501);
#4735=AXIS2_PLACEMENT_3D('',#7266,#5505,#5506);
#4736=AXIS2_PLACEMENT_3D('',#7269,#5509,#5510);
#4737=AXIS2_PLACEMENT_3D('',#7270,#5511,#5512);
#4738=AXIS2_PLACEMENT_3D('',#7271,#5513,#5514);
#4739=AXIS2_PLACEMENT_3D('',#7273,#5515,#5516);
#4740=AXIS2_PLACEMENT_3D('',#7276,#5518,#5519);
#4741=AXIS2_PLACEMENT_3D('',#7277,#5520,#5521);
#4742=AXIS2_PLACEMENT_3D('',#7279,#5522,#5523);
#4743=AXIS2_PLACEMENT_3D('',#7282,#5525,#5526);
#4744=AXIS2_PLACEMENT_3D('',#7283,#5527,#5528);
#4745=AXIS2_PLACEMENT_3D('',#7292,#5533,#5534);
#4746=AXIS2_PLACEMENT_3D('',#7298,#5538,#5539);
#4747=AXIS2_PLACEMENT_3D('',#7304,#5543,#5544);
#4748=AXIS2_PLACEMENT_3D('',#7306,#5546,#5547);
#4749=AXIS2_PLACEMENT_3D('',#7310,#5549,#5550);
#4750=AXIS2_PLACEMENT_3D('',#7314,#5552,#5553);
#4751=AXIS2_PLACEMENT_3D('',#7318,#5555,#5556);
#4752=AXIS2_PLACEMENT_3D('',#7322,#5558,#5559);
#4753=AXIS2_PLACEMENT_3D('',#7332,#5565,#5566);
#4754=AXIS2_PLACEMENT_3D('',#7334,#5567,#5568);
#4755=AXIS2_PLACEMENT_3D('',#7337,#5570,#5571);
#4756=AXIS2_PLACEMENT_3D('',#7338,#5572,#5573);
#4757=AXIS2_PLACEMENT_3D('',#7340,#5574,#5575);
#4758=AXIS2_PLACEMENT_3D('',#7343,#5577,#5578);
#4759=AXIS2_PLACEMENT_3D('',#7344,#5579,#5580);
#4760=AXIS2_PLACEMENT_3D('',#7353,#5585,#5586);
#4761=AXIS2_PLACEMENT_3D('',#7363,#5592,#5593);
#4762=AXIS2_PLACEMENT_3D('',#7369,#5597,#5598);
#4763=AXIS2_PLACEMENT_3D('',#7376,#5603,#5604);
#4764=AXIS2_PLACEMENT_3D('',#7378,#5606,#5607);
#4765=AXIS2_PLACEMENT_3D('',#7380,#5608,#5609);
#4766=AXIS2_PLACEMENT_3D('',#7383,#5611,#5612);
#4767=AXIS2_PLACEMENT_3D('',#7384,#5613,#5614);
#4768=AXIS2_PLACEMENT_3D('',#7388,#5616,#5617);
#4769=AXIS2_PLACEMENT_3D('',#7389,#5618,#5619);
#4770=AXIS2_PLACEMENT_3D('',#7391,#5620,#5621);
#4771=AXIS2_PLACEMENT_3D('',#7395,#5623,#5624);
#4772=AXIS2_PLACEMENT_3D('',#7399,#5627,#5628);
#4773=AXIS2_PLACEMENT_3D('',#7400,#5629,#5630);
#4774=AXIS2_PLACEMENT_3D('',#7402,#5631,#5632);
#4775=AXIS2_PLACEMENT_3D('',#7405,#5634,#5635);
#4776=AXIS2_PLACEMENT_3D('',#7406,#5636,#5637);
#4777=AXIS2_PLACEMENT_3D('',#7408,#5638,#5639);
#4778=AXIS2_PLACEMENT_3D('',#7411,#5641,#5642);
#4779=AXIS2_PLACEMENT_3D('',#7412,#5643,#5644);
#4780=AXIS2_PLACEMENT_3D('',#7414,#5645,#5646);
#4781=AXIS2_PLACEMENT_3D('',#7417,#5648,#5649);
#4782=AXIS2_PLACEMENT_3D('',#7418,#5650,#5651);
#4783=AXIS2_PLACEMENT_3D('',#7427,#5656,#5657);
#4784=AXIS2_PLACEMENT_3D('',#7437,#5663,#5664);
#4785=AXIS2_PLACEMENT_3D('',#7443,#5668,#5669);
#4786=AXIS2_PLACEMENT_3D('',#7450,#5674,#5675);
#4787=AXIS2_PLACEMENT_3D('',#7452,#5677,#5678);
#4788=AXIS2_PLACEMENT_3D('',#7456,#5680,#5681);
#4789=AXIS2_PLACEMENT_3D('',#7457,#5682,#5683);
#4790=AXIS2_PLACEMENT_3D('',#7459,#5684,#5685);
#4791=AXIS2_PLACEMENT_3D('',#7463,#5687,#5688);
#4792=AXIS2_PLACEMENT_3D('',#7467,#5691,#5692);
#4793=AXIS2_PLACEMENT_3D('',#7468,#5693,#5694);
#4794=AXIS2_PLACEMENT_3D('',#7492,#5708,#5709);
#4795=AXIS2_PLACEMENT_3D('',#7498,#5714,#5715);
#4796=AXIS2_PLACEMENT_3D('',#7500,#5716,#5717);
#4797=AXIS2_PLACEMENT_3D('',#7503,#5719,#5720);
#4798=AXIS2_PLACEMENT_3D('',#7504,#5721,#5722);
#4799=AXIS2_PLACEMENT_3D('',#7513,#5727,#5728);
#4800=AXIS2_PLACEMENT_3D('',#7521,#5733,#5734);
#4801=AXIS2_PLACEMENT_3D('',#7527,#5738,#5739);
#4802=AXIS2_PLACEMENT_3D('',#7532,#5743,#5744);
#4803=AXIS2_PLACEMENT_3D('',#7534,#5746,#5747);
#4804=AXIS2_PLACEMENT_3D('',#7543,#5752,#5753);
#4805=AXIS2_PLACEMENT_3D('',#7551,#5758,#5759);
#4806=AXIS2_PLACEMENT_3D('',#7557,#5763,#5764);
#4807=AXIS2_PLACEMENT_3D('',#7562,#5768,#5769);
#4808=AXIS2_PLACEMENT_3D('',#7564,#5771,#5772);
#4809=AXIS2_PLACEMENT_3D('',#7566,#5773,#5774);
#4810=AXIS2_PLACEMENT_3D('',#7569,#5776,#5777);
#4811=AXIS2_PLACEMENT_3D('',#7570,#5778,#5779);
#4812=AXIS2_PLACEMENT_3D('',#7571,#5780,#5781);
#4813=AXIS2_PLACEMENT_3D('',#7572,#5782,#5783);
#4814=AXIS2_PLACEMENT_3D('',#7574,#5784,#5785);
#4815=AXIS2_PLACEMENT_3D('',#7577,#5787,#5788);
#4816=AXIS2_PLACEMENT_3D('',#7578,#5789,#5790);
#4817=AXIS2_PLACEMENT_3D('',#7579,#5791,#5792);
#4818=AXIS2_PLACEMENT_3D('',#7581,#5793,#5794);
#4819=AXIS2_PLACEMENT_3D('',#7584,#5796,#5797);
#4820=AXIS2_PLACEMENT_3D('',#7585,#5798,#5799);
#4821=AXIS2_PLACEMENT_3D('',#7587,#5800,#5801);
#4822=AXIS2_PLACEMENT_3D('',#7590,#5803,#5804);
#4823=AXIS2_PLACEMENT_3D('',#7591,#5805,#5806);
#4824=AXIS2_PLACEMENT_3D('',#7593,#5807,#5808);
#4825=AXIS2_PLACEMENT_3D('',#7596,#5810,#5811);
#4826=AXIS2_PLACEMENT_3D('',#7597,#5812,#5813);
#4827=AXIS2_PLACEMENT_3D('',#7599,#5814,#5815);
#4828=AXIS2_PLACEMENT_3D('',#7602,#5817,#5818);
#4829=AXIS2_PLACEMENT_3D('',#7603,#5819,#5820);
#4830=AXIS2_PLACEMENT_3D('',#7604,#5821,#5822);
#4831=AXIS2_PLACEMENT_3D('',#7605,#5823,#5824);
#4832=AXIS2_PLACEMENT_3D('',#7607,#5825,#5826);
#4833=AXIS2_PLACEMENT_3D('',#7610,#5828,#5829);
#4834=AXIS2_PLACEMENT_3D('',#7611,#5830,#5831);
#4835=AXIS2_PLACEMENT_3D('',#7612,#5832,#5833);
#4836=AXIS2_PLACEMENT_3D('',#7618,#5838,#5839);
#4837=AXIS2_PLACEMENT_3D('',#7620,#5841,#5842);
#4838=AXIS2_PLACEMENT_3D('',#7623,#5843,#5844);
#4839=AXIS2_PLACEMENT_3D('',#7627,#5846,#5847);
#4840=AXIS2_PLACEMENT_3D('',#7631,#5849,#5850);
#4841=AXIS2_PLACEMENT_3D('',#7635,#5852,#5853);
#4842=AXIS2_PLACEMENT_3D('',#7637,#5855,#5856);
#4843=AXIS2_PLACEMENT_3D('',#7646,#5861,#5862);
#4844=AXIS2_PLACEMENT_3D('',#7657,#5869,#5870);
#4845=AXIS2_PLACEMENT_3D('',#7659,#5872,#5873);
#4846=AXIS2_PLACEMENT_3D('',#7661,#5875,#5876);
#4847=AXIS2_PLACEMENT_3D('',#7663,#5878,#5879);
#4848=AXIS2_PLACEMENT_3D('',#7669,#5883,#5884);
#4849=AXIS2_PLACEMENT_3D('',#7673,#5887,#5888);
#4850=AXIS2_PLACEMENT_3D('',#7677,#5891,#5892);
#4851=AXIS2_PLACEMENT_3D('',#7679,#5894,#5895);
#4852=AXIS2_PLACEMENT_3D('',#7682,#5898,#5899);
#4853=AXIS2_PLACEMENT_3D('',#7684,#5901,#5902);
#4854=AXIS2_PLACEMENT_3D('',#7686,#5904,#5905);
#4855=AXIS2_PLACEMENT_3D('',#7687,#5906,#5907);
#4856=AXIS2_PLACEMENT_3D('',#7689,#5909,#5910);
#4857=AXIS2_PLACEMENT_3D('',#7691,#5912,#5913);
#4858=AXIS2_PLACEMENT_3D('',#7693,#5915,#5916);
#4859=AXIS2_PLACEMENT_3D('',#7694,#5917,#5918);
#4860=AXIS2_PLACEMENT_3D('',#7695,#5919,#5920);
#4861=AXIS2_PLACEMENT_3D('',#7696,#5921,#5922);
#4862=AXIS2_PLACEMENT_3D('',#7697,#5923,#5924);
#4863=AXIS2_PLACEMENT_3D('',#7698,#5925,#5926);
#4864=AXIS2_PLACEMENT_3D('',#7699,#5927,#5928);
#4865=AXIS2_PLACEMENT_3D('',#7700,#5929,#5930);
#4866=AXIS2_PLACEMENT_3D('',#7701,#5931,#5932);
#4867=DIRECTION('axis',(0.,0.,1.));
#4868=DIRECTION('refdir',(1.,0.,0.));
#4869=DIRECTION('axis',(0.,0.,1.));
#4870=DIRECTION('refdir',(1.,0.,0.));
#4871=DIRECTION('axis',(0.,0.,1.));
#4872=DIRECTION('refdir',(1.,0.,0.));
#4873=DIRECTION('axis',(0.,0.,1.));
#4874=DIRECTION('refdir',(1.,0.,0.));
#4875=DIRECTION('center_axis',(0.093420747865574,0.,-0.995626719141384));
#4876=DIRECTION('ref_axis',(-0.995626719141384,0.,-0.093420747865574));
#4877=DIRECTION('',(-0.995626719141384,0.,-0.093420747865574));
#4878=DIRECTION('',(0.,1.,0.));
#4879=DIRECTION('',(-0.995626719141384,0.,-0.093420747865574));
#4880=DIRECTION('',(0.,1.,0.));
#4881=DIRECTION('center_axis',(0.,1.,0.));
#4882=DIRECTION('ref_axis',(1.,0.,0.));
#4883=DIRECTION('center_axis',(0.,1.,0.));
#4884=DIRECTION('ref_axis',(1.,0.,0.));
#4885=DIRECTION('',(0.,1.,0.));
#4886=DIRECTION('center_axis',(0.,1.,0.));
#4887=DIRECTION('ref_axis',(1.,0.,0.));
#4888=DIRECTION('center_axis',(0.0857006443953955,0.,0.996320932004449));
#4889=DIRECTION('ref_axis',(0.996320932004449,0.,-0.0857006443953955));
#4890=DIRECTION('',(0.996320932004449,0.,-0.0857006443953955));
#4891=DIRECTION('',(0.,1.,0.));
#4892=DIRECTION('',(0.996320932004449,0.,-0.0857006443953955));
#4893=DIRECTION('center_axis',(0.,1.,0.));
#4894=DIRECTION('ref_axis',(-0.997655435495384,0.,0.068437066174078));
#4895=DIRECTION('center_axis',(0.,1.,0.));
#4896=DIRECTION('ref_axis',(1.,0.,0.));
#4897=DIRECTION('center_axis',(0.,1.,0.));
#4898=DIRECTION('ref_axis',(1.,0.,0.));
#4899=DIRECTION('center_axis',(0.,1.,0.));
#4900=DIRECTION('ref_axis',(1.,0.,0.));
#4901=DIRECTION('center_axis',(0.,-1.,0.));
#4902=DIRECTION('ref_axis',(1.,0.,0.));
#4903=DIRECTION('center_axis',(0.,1.,0.));
#4904=DIRECTION('ref_axis',(1.,0.,0.));
#4905=DIRECTION('center_axis',(0.,-1.,0.));
#4906=DIRECTION('ref_axis',(1.,0.,0.));
#4907=DIRECTION('',(0.,-1.,0.));
#4908=DIRECTION('center_axis',(0.,0.,-1.));
#4909=DIRECTION('ref_axis',(-1.,0.,0.));
#4910=DIRECTION('',(-1.,0.,0.));
#4911=DIRECTION('',(0.,1.,0.));
#4912=DIRECTION('',(-1.,0.,0.));
#4913=DIRECTION('',(0.,1.,0.));
#4914=DIRECTION('center_axis',(0.,1.,0.));
#4915=DIRECTION('ref_axis',(1.,0.,7.40148683083438E-16));
#4916=DIRECTION('center_axis',(0.,1.,0.));
#4917=DIRECTION('ref_axis',(1.,0.,7.40148683083438E-16));
#4918=DIRECTION('center_axis',(0.,1.,0.));
#4919=DIRECTION('ref_axis',(1.,0.,7.40148683083438E-16));
#4920=DIRECTION('',(0.,1.,0.));
#4921=DIRECTION('center_axis',(1.,0.,0.));
#4922=DIRECTION('ref_axis',(0.,0.,-1.));
#4923=DIRECTION('',(0.,0.,-1.));
#4924=DIRECTION('',(0.,0.,-1.));
#4925=DIRECTION('',(0.,1.,0.));
#4926=DIRECTION('center_axis',(0.,1.,0.));
#4927=DIRECTION('ref_axis',(0.,0.,1.));
#4928=DIRECTION('center_axis',(0.,1.,0.));
#4929=DIRECTION('ref_axis',(0.,0.,1.));
#4930=DIRECTION('center_axis',(0.,1.,0.));
#4931=DIRECTION('ref_axis',(0.,0.,1.));
#4932=DIRECTION('',(0.,1.,0.));
#4933=DIRECTION('center_axis',(0.,0.,1.));
#4934=DIRECTION('ref_axis',(1.,0.,0.));
#4935=DIRECTION('',(1.,0.,0.));
#4936=DIRECTION('',(1.,0.,0.));
#4937=DIRECTION('',(0.,1.,0.));
#4938=DIRECTION('center_axis',(0.,1.,0.));
#4939=DIRECTION('ref_axis',(-1.,0.,0.));
#4940=DIRECTION('center_axis',(0.,1.,0.));
#4941=DIRECTION('ref_axis',(-1.,0.,0.));
#4942=DIRECTION('center_axis',(0.,1.,0.));
#4943=DIRECTION('ref_axis',(-1.,0.,0.));
#4944=DIRECTION('',(0.,1.,0.));
#4945=DIRECTION('center_axis',(-1.,0.,7.93016424215219E-17));
#4946=DIRECTION('ref_axis',(7.93016424215219E-17,0.,1.));
#4947=DIRECTION('',(7.93016424215219E-17,0.,1.));
#4948=DIRECTION('',(7.93016424215219E-17,0.,1.));
#4949=DIRECTION('',(0.,1.,0.));
#4950=DIRECTION('center_axis',(0.,1.,0.));
#4951=DIRECTION('ref_axis',(-1.11022302462516E-15,0.,-1.));
#4952=DIRECTION('center_axis',(0.,1.,0.));
#4953=DIRECTION('ref_axis',(-1.11022302462516E-15,0.,-1.));
#4954=DIRECTION('center_axis',(0.,1.,0.));
#4955=DIRECTION('ref_axis',(-1.11022302462516E-15,0.,-1.));
#4956=DIRECTION('center_axis',(0.,1.,0.));
#4957=DIRECTION('ref_axis',(1.,0.,0.));
#4958=DIRECTION('center_axis',(0.,1.,0.));
#4959=DIRECTION('ref_axis',(1.,0.,0.));
#4960=DIRECTION('axis',(0.,0.,1.));
#4961=DIRECTION('refdir',(1.,0.,0.));
#4962=DIRECTION('center_axis',(0.,1.,0.));
#4963=DIRECTION('ref_axis',(0.,0.,-1.));
#4964=DIRECTION('center_axis',(0.,1.,0.));
#4965=DIRECTION('ref_axis',(0.,0.,-1.));
#4966=DIRECTION('',(0.,1.,0.));
#4967=DIRECTION('center_axis',(0.,-1.,0.));
#4968=DIRECTION('ref_axis',(0.,0.,-1.));
#4969=DIRECTION('center_axis',(0.,1.,0.));
#4970=DIRECTION('ref_axis',(0.,0.,-1.));
#4971=DIRECTION('center_axis',(0.,1.,0.));
#4972=DIRECTION('ref_axis',(0.,0.,-1.));
#4973=DIRECTION('',(0.,1.,0.));
#4974=DIRECTION('center_axis',(0.,-1.,0.));
#4975=DIRECTION('ref_axis',(0.,0.,-1.));
#4976=DIRECTION('center_axis',(0.,0.,1.));
#4977=DIRECTION('ref_axis',(1.,0.,0.));
#4978=DIRECTION('',(1.,0.,0.));
#4979=DIRECTION('',(0.,1.,0.));
#4980=DIRECTION('',(1.,0.,0.));
#4981=DIRECTION('',(-1.30244303781972E-16,-1.,0.));
#4982=DIRECTION('',(-1.,0.,0.));
#4983=DIRECTION('',(0.,1.,0.));
#4984=DIRECTION('',(-1.,0.,0.));
#4985=DIRECTION('',(0.,1.,0.));
#4986=DIRECTION('center_axis',(1.,0.,0.));
#4987=DIRECTION('ref_axis',(0.,-1.,0.));
#4988=DIRECTION('',(0.,0.,-1.));
#4989=DIRECTION('',(0.,-1.,0.));
#4990=DIRECTION('',(0.,0.,-1.));
#4991=DIRECTION('center_axis',(0.,1.,0.));
#4992=DIRECTION('ref_axis',(-1.,0.,0.));
#4993=DIRECTION('',(0.,0.,1.));
#4994=DIRECTION('',(-1.,0.,0.));
#4995=DIRECTION('',(0.,0.,-1.));
#4996=DIRECTION('',(1.,0.,0.));
#4997=DIRECTION('',(-0.77193023561705,0.,-0.6357072528611));
#4998=DIRECTION('',(1.,0.,0.));
#4999=DIRECTION('center_axis',(-1.,1.30244303781972E-16,0.));
#5000=DIRECTION('ref_axis',(-1.30244303781972E-16,-1.,1.30244303781972E-16));
#5001=DIRECTION('',(0.,0.,1.));
#5002=DIRECTION('',(-1.30244303781972E-16,-1.,0.));
#5003=DIRECTION('',(0.,0.,-1.));
#5004=DIRECTION('',(0.,1.,0.));
#5005=DIRECTION('',(0.,0.,1.));
#5006=DIRECTION('',(-1.30244303781972E-16,-1.,0.));
#5007=DIRECTION('center_axis',(0.,-1.,0.));
#5008=DIRECTION('ref_axis',(1.,0.,6.71603763386711E-17));
#5009=DIRECTION('',(0.,0.,-1.));
#5010=DIRECTION('',(1.,0.,0.));
#5011=DIRECTION('',(0.77193023561705,0.,0.6357072528611));
#5012=DIRECTION('',(-1.,0.,-6.71603763386711E-17));
#5013=DIRECTION('',(0.,0.,1.));
#5014=DIRECTION('',(1.,0.,0.));
#5015=DIRECTION('center_axis',(1.,0.,0.));
#5016=DIRECTION('ref_axis',(0.,-1.,0.));
#5017=DIRECTION('',(0.,0.,-1.));
#5018=DIRECTION('',(0.,0.,-1.));
#5019=DIRECTION('',(0.,1.,-1.30244303781972E-16));
#5020=DIRECTION('',(0.,0.,-1.));
#5021=DIRECTION('',(0.,1.,0.));
#5022=DIRECTION('',(0.,0.,1.));
#5023=DIRECTION('',(0.,1.,-1.30244303781972E-16));
#5024=DIRECTION('',(0.,0.,-1.));
#5025=DIRECTION('',(0.,0.,-1.));
#5026=DIRECTION('center_axis',(0.,1.,0.));
#5027=DIRECTION('ref_axis',(1.,0.,0.));
#5028=DIRECTION('',(1.,0.,0.));
#5029=DIRECTION('center_axis',(-0.707106781186548,0.707106781186548,0.));
#5030=DIRECTION('ref_axis',(-0.707106781186548,-0.707106781186548,0.));
#5031=DIRECTION('',(-0.707106781186548,-0.707106781186548,4.46070728790383E-17));
#5032=DIRECTION('',(0.,0.,1.));
#5033=DIRECTION('',(0.707106781186548,0.707106781186548,0.));
#5034=DIRECTION('',(0.,0.,1.));
#5035=DIRECTION('center_axis',(-0.707106781186548,-0.707106781186548,0.));
#5036=DIRECTION('ref_axis',(0.707106781186548,-0.707106781186548,0.));
#5037=DIRECTION('',(0.707106781186548,-0.707106781186548,1.39586187951268E-16));
#5038=DIRECTION('',(-0.707106781186548,0.707106781186548,0.));
#5039=DIRECTION('',(0.,0.,1.));
#5040=DIRECTION('center_axis',(0.707106781186548,-0.707106781186548,0.));
#5041=DIRECTION('ref_axis',(0.707106781186548,0.707106781186548,0.));
#5042=DIRECTION('',(0.707106781186548,0.707106781186548,-4.46070728790383E-17));
#5043=DIRECTION('',(-0.707106781186548,-0.707106781186548,0.));
#5044=DIRECTION('',(0.,0.,1.));
#5045=DIRECTION('center_axis',(0.707106781186548,0.707106781186548,0.));
#5046=DIRECTION('ref_axis',(-0.707106781186548,0.707106781186548,0.));
#5047=DIRECTION('',(-0.707106781186548,0.707106781186548,-1.39586187951268E-16));
#5048=DIRECTION('',(0.707106781186548,-0.707106781186548,0.));
#5049=DIRECTION('center_axis',(-0.707106781186548,0.707106781186548,0.));
#5050=DIRECTION('ref_axis',(-0.707106781186548,-0.707106781186548,0.));
#5051=DIRECTION('',(-0.707106781186548,-0.707106781186548,4.46070728790383E-17));
#5052=DIRECTION('',(0.,0.,1.));
#5053=DIRECTION('',(0.707106781186548,0.707106781186548,0.));
#5054=DIRECTION('',(0.,0.,1.));
#5055=DIRECTION('center_axis',(-0.707106781186548,-0.707106781186548,0.));
#5056=DIRECTION('ref_axis',(0.707106781186548,-0.707106781186548,0.));
#5057=DIRECTION('',(0.707106781186548,-0.707106781186548,1.39586187951268E-16));
#5058=DIRECTION('',(-0.707106781186548,0.707106781186548,0.));
#5059=DIRECTION('',(0.,0.,1.));
#5060=DIRECTION('center_axis',(0.707106781186548,-0.707106781186548,0.));
#5061=DIRECTION('ref_axis',(0.707106781186548,0.707106781186548,0.));
#5062=DIRECTION('',(0.707106781186548,0.707106781186548,-4.46070728790383E-17));
#5063=DIRECTION('',(-0.707106781186548,-0.707106781186548,0.));
#5064=DIRECTION('',(0.,0.,1.));
#5065=DIRECTION('center_axis',(0.707106781186548,0.707106781186548,0.));
#5066=DIRECTION('ref_axis',(-0.707106781186548,0.707106781186548,0.));
#5067=DIRECTION('',(-0.707106781186548,0.707106781186548,-1.39586187951268E-16));
#5068=DIRECTION('',(0.707106781186548,-0.707106781186548,0.));
#5069=DIRECTION('center_axis',(-0.707106781186548,0.707106781186548,0.));
#5070=DIRECTION('ref_axis',(-0.707106781186548,-0.707106781186548,0.));
#5071=DIRECTION('',(-0.707106781186548,-0.707106781186548,4.46070728790383E-17));
#5072=DIRECTION('',(0.,0.,1.));
#5073=DIRECTION('',(0.707106781186548,0.707106781186548,0.));
#5074=DIRECTION('',(0.,0.,1.));
#5075=DIRECTION('center_axis',(-0.707106781186548,-0.707106781186548,0.));
#5076=DIRECTION('ref_axis',(0.707106781186548,-0.707106781186548,0.));
#5077=DIRECTION('',(0.707106781186548,-0.707106781186548,1.39586187951268E-16));
#5078=DIRECTION('',(-0.707106781186548,0.707106781186548,0.));
#5079=DIRECTION('',(0.,0.,1.));
#5080=DIRECTION('center_axis',(0.707106781186548,-0.707106781186548,0.));
#5081=DIRECTION('ref_axis',(0.707106781186548,0.707106781186548,0.));
#5082=DIRECTION('',(0.707106781186548,0.707106781186548,-4.46070728790383E-17));
#5083=DIRECTION('',(-0.707106781186548,-0.707106781186548,0.));
#5084=DIRECTION('',(0.,0.,1.));
#5085=DIRECTION('center_axis',(0.707106781186548,0.707106781186548,0.));
#5086=DIRECTION('ref_axis',(-0.707106781186548,0.707106781186548,0.));
#5087=DIRECTION('',(-0.707106781186548,0.707106781186548,-1.39586187951268E-16));
#5088=DIRECTION('',(0.707106781186548,-0.707106781186548,0.));
#5089=DIRECTION('center_axis',(0.707106781186548,-0.707106781186548,0.));
#5090=DIRECTION('ref_axis',(0.707106781186548,0.707106781186548,0.));
#5091=DIRECTION('',(0.707106781186548,0.707106781186548,-4.46070728790383E-17));
#5092=DIRECTION('',(0.,0.,1.));
#5093=DIRECTION('',(-0.707106781186548,-0.707106781186548,0.));
#5094=DIRECTION('',(0.,0.,1.));
#5095=DIRECTION('center_axis',(0.707106781186548,0.707106781186548,0.));
#5096=DIRECTION('ref_axis',(-0.707106781186548,0.707106781186548,0.));
#5097=DIRECTION('',(-0.707106781186548,0.707106781186548,-1.39586187951268E-16));
#5098=DIRECTION('',(0.707106781186548,-0.707106781186548,0.));
#5099=DIRECTION('',(0.,0.,1.));
#5100=DIRECTION('center_axis',(-0.707106781186548,0.707106781186548,0.));
#5101=DIRECTION('ref_axis',(-0.707106781186548,-0.707106781186548,0.));
#5102=DIRECTION('',(-0.707106781186548,-0.707106781186548,4.46070728790383E-17));
#5103=DIRECTION('',(0.707106781186548,0.707106781186548,0.));
#5104=DIRECTION('',(0.,0.,1.));
#5105=DIRECTION('center_axis',(-0.707106781186548,-0.707106781186548,0.));
#5106=DIRECTION('ref_axis',(0.707106781186548,-0.707106781186548,0.));
#5107=DIRECTION('',(0.707106781186548,-0.707106781186548,1.39586187951268E-16));
#5108=DIRECTION('',(-0.707106781186548,0.707106781186548,0.));
#5109=DIRECTION('center_axis',(-0.707106781186548,-0.707106781186548,0.));
#5110=DIRECTION('ref_axis',(0.707106781186548,-0.707106781186548,0.));
#5111=DIRECTION('',(0.707106781186548,-0.707106781186548,1.39586187951268E-16));
#5112=DIRECTION('',(0.,0.,1.));
#5113=DIRECTION('',(-0.707106781186548,0.707106781186548,0.));
#5114=DIRECTION('',(0.,0.,1.));
#5115=DIRECTION('center_axis',(0.707106781186548,-0.707106781186548,0.));
#5116=DIRECTION('ref_axis',(0.707106781186548,0.707106781186548,0.));
#5117=DIRECTION('',(0.707106781186548,0.707106781186548,-4.46070728790383E-17));
#5118=DIRECTION('',(-0.707106781186548,-0.707106781186548,0.));
#5119=DIRECTION('',(0.,0.,1.));
#5120=DIRECTION('center_axis',(1.,0.,0.));
#5121=DIRECTION('ref_axis',(0.,1.,0.));
#5122=DIRECTION('',(0.,1.,-1.30244303781972E-16));
#5123=DIRECTION('',(0.,-1.,0.));
#5124=DIRECTION('',(0.,0.,1.));
#5125=DIRECTION('center_axis',(-0.707106781186548,0.707106781186548,0.));
#5126=DIRECTION('ref_axis',(-0.707106781186548,-0.707106781186548,0.));
#5127=DIRECTION('',(-0.707106781186548,-0.707106781186548,4.46070728790383E-17));
#5128=DIRECTION('',(0.,0.,1.));
#5129=DIRECTION('',(0.707106781186548,0.707106781186548,0.));
#5130=DIRECTION('center_axis',(0.707106781186548,0.707106781186548,0.));
#5131=DIRECTION('ref_axis',(-0.707106781186548,0.707106781186548,0.));
#5132=DIRECTION('',(-0.707106781186548,0.707106781186548,-1.39586187951268E-16));
#5133=DIRECTION('',(0.707106781186548,-0.707106781186548,0.));
#5134=DIRECTION('center_axis',(0.707106781186548,-0.707106781186548,0.));
#5135=DIRECTION('ref_axis',(0.707106781186548,0.707106781186548,0.));
#5136=DIRECTION('',(0.707106781186548,0.707106781186548,-4.46070728790383E-17));
#5137=DIRECTION('',(0.,0.,1.));
#5138=DIRECTION('',(-0.707106781186548,-0.707106781186548,0.));
#5139=DIRECTION('',(0.,0.,1.));
#5140=DIRECTION('center_axis',(0.707106781186548,0.707106781186548,0.));
#5141=DIRECTION('ref_axis',(-0.707106781186548,0.707106781186548,0.));
#5142=DIRECTION('',(-0.707106781186548,0.707106781186548,-1.39586187951268E-16));
#5143=DIRECTION('',(0.707106781186548,-0.707106781186548,0.));
#5144=DIRECTION('',(0.,0.,1.));
#5145=DIRECTION('center_axis',(-0.707106781186548,0.707106781186548,0.));
#5146=DIRECTION('ref_axis',(-0.707106781186548,-0.707106781186548,0.));
#5147=DIRECTION('',(-0.707106781186548,-0.707106781186548,4.46070728790383E-17));
#5148=DIRECTION('',(0.707106781186548,0.707106781186548,0.));
#5149=DIRECTION('',(0.,0.,1.));
#5150=DIRECTION('center_axis',(-0.707106781186548,-0.707106781186548,0.));
#5151=DIRECTION('ref_axis',(0.707106781186548,-0.707106781186548,0.));
#5152=DIRECTION('',(0.707106781186548,-0.707106781186548,1.39586187951268E-16));
#5153=DIRECTION('',(-0.707106781186548,0.707106781186548,0.));
#5154=DIRECTION('center_axis',(0.,0.,1.));
#5155=DIRECTION('ref_axis',(1.,0.,0.));
#5156=DIRECTION('',(1.,0.,0.));
#5157=DIRECTION('',(-1.,0.,0.));
#5158=DIRECTION('center_axis',(0.,1.,0.));
#5159=DIRECTION('ref_axis',(-1.,0.,0.));
#5160=DIRECTION('',(-1.,0.,-6.71603763386712E-17));
#5161=DIRECTION('',(0.,0.,-1.));
#5162=DIRECTION('',(1.,0.,0.));
#5163=DIRECTION('',(0.707106781186548,0.,0.707106781186546));
#5164=DIRECTION('center_axis',(0.,-1.,0.));
#5165=DIRECTION('ref_axis',(-1.,0.,0.));
#5166=DIRECTION('',(1.,0.,0.));
#5167=DIRECTION('',(0.,0.,-1.));
#5168=DIRECTION('center_axis',(1.,0.,0.));
#5169=DIRECTION('ref_axis',(0.,-1.,0.));
#5170=DIRECTION('',(0.,-1.,0.));
#5171=DIRECTION('center_axis',(0.6357072528611,0.,-0.77193023561705));
#5172=DIRECTION('ref_axis',(0.77193023561705,0.,0.6357072528611));
#5173=DIRECTION('',(0.77193023561705,0.,0.6357072528611));
#5174=DIRECTION('',(0.,1.,0.));
#5175=DIRECTION('',(0.,-1.,0.));
#5176=DIRECTION('center_axis',(0.,0.,-1.));
#5177=DIRECTION('ref_axis',(1.,0.,0.));
#5178=DIRECTION('',(1.,0.,0.));
#5179=DIRECTION('center_axis',(0.,0.,-1.));
#5180=DIRECTION('ref_axis',(-1.,0.,0.));
#5181=DIRECTION('',(1.,0.,1.45308370273381E-16));
#5182=DIRECTION('',(1.52625640512146E-16,1.,-3.05251281024292E-16));
#5183=DIRECTION('',(1.,0.,0.));
#5184=DIRECTION('',(-0.707106781186549,0.707106781186546,0.));
#5185=DIRECTION('',(-2.60488607563944E-16,-1.,2.60488607563944E-16));
#5186=DIRECTION('center_axis',(0.,0.,-1.));
#5187=DIRECTION('ref_axis',(1.,0.,0.));
#5188=DIRECTION('',(0.,-1.,0.));
#5189=DIRECTION('',(-1.,0.,0.));
#5190=DIRECTION('center_axis',(0.6357072528611,0.,-0.77193023561705));
#5191=DIRECTION('ref_axis',(0.77193023561705,0.,0.6357072528611));
#5192=DIRECTION('',(0.,1.,0.));
#5193=DIRECTION('',(0.77193023561705,0.,0.6357072528611));
#5194=DIRECTION('center_axis',(0.,0.,-1.));
#5195=DIRECTION('ref_axis',(-1.,0.,0.));
#5196=DIRECTION('',(-2.60488607563944E-16,-1.,2.60488607563944E-16));
#5197=DIRECTION('',(0.70710678118655,0.707106781186545,0.));
#5198=DIRECTION('',(-1.,0.,0.));
#5199=DIRECTION('',(1.52625640512146E-16,1.,-3.05251281024292E-16));
#5200=DIRECTION('',(-1.,0.,0.));
#5201=DIRECTION('center_axis',(-0.707106781186547,9.20966304151531E-17,
0.707106781186549));
#5202=DIRECTION('ref_axis',(0.707106781186548,0.,0.707106781186546));
#5203=DIRECTION('',(1.30244303781972E-16,1.,0.));
#5204=DIRECTION('',(-0.577350269189626,0.577350269189627,-0.577350269189624));
#5205=DIRECTION('center_axis',(0.,0.707106781186548,0.707106781186548));
#5206=DIRECTION('ref_axis',(1.,0.,0.));
#5207=DIRECTION('',(1.,0.,0.));
#5208=DIRECTION('',(0.577350269189627,0.577350269189627,-0.577350269189623));
#5209=DIRECTION('center_axis',(0.707106781186545,-1.84193260830306E-16,
0.70710678118655));
#5210=DIRECTION('ref_axis',(0.70710678118655,0.,-0.707106781186545));
#5211=DIRECTION('',(2.60488607563944E-16,1.,0.));
#5212=DIRECTION('',(-2.60488607563944E-16,-1.,0.));
#5213=DIRECTION('',(0.577350269189627,0.577350269189627,-0.577350269189623));
#5214=DIRECTION('center_axis',(0.707106781186545,-0.70710678118655,0.));
#5215=DIRECTION('ref_axis',(0.,0.,-1.));
#5216=DIRECTION('',(0.,0.,-1.));
#5217=DIRECTION('',(0.,0.,1.));
#5218=DIRECTION('center_axis',(1.,-2.60488607563944E-16,0.));
#5219=DIRECTION('ref_axis',(2.60488607563944E-16,1.,-2.60488607563944E-16));
#5220=DIRECTION('center_axis',(0.707106781186546,0.707106781186549,0.));
#5221=DIRECTION('ref_axis',(0.,0.,-1.));
#5222=DIRECTION('',(0.,0.,-1.));
#5223=DIRECTION('',(0.,0.,1.));
#5224=DIRECTION('',(0.577350269189627,-0.577350269189626,-0.577350269189624));
#5225=DIRECTION('center_axis',(0.707106781186545,-1.84193260830306E-16,
0.70710678118655));
#5226=DIRECTION('ref_axis',(0.70710678118655,0.,-0.707106781186545));
#5227=DIRECTION('',(-2.60488607563944E-16,-1.,0.));
#5228=DIRECTION('',(0.577350269189627,-0.577350269189626,-0.577350269189624));
#5229=DIRECTION('',(2.60488607563944E-16,1.,0.));
#5230=DIRECTION('center_axis',(0.,-0.707106781186547,0.707106781186549));
#5231=DIRECTION('ref_axis',(1.,0.,0.));
#5232=DIRECTION('',(-1.,0.,0.));
#5233=DIRECTION('',(-0.577350269189628,-0.577350269189628,-0.577350269189622));
#5234=DIRECTION('center_axis',(-0.707106781186544,9.20966304151528E-17,
0.707106781186551));
#5235=DIRECTION('ref_axis',(0.707106781186551,0.,0.707106781186544));
#5236=DIRECTION('',(1.30244303781972E-16,1.,0.));
#5237=DIRECTION('',(-0.707106781186551,0.,-0.707106781186544));
#5238=DIRECTION('center_axis',(1.,-2.60488607563944E-16,0.));
#5239=DIRECTION('ref_axis',(2.60488607563944E-16,1.,-2.60488607563944E-16));
#5240=DIRECTION('center_axis',(0.,-1.,0.));
#5241=DIRECTION('ref_axis',(1.,0.,0.));
#5242=DIRECTION('',(-1.,0.,0.));
#5243=DIRECTION('',(0.,0.,1.));
#5244=DIRECTION('',(1.,0.,6.71603763386712E-17));
#5245=DIRECTION('center_axis',(1.,0.,0.));
#5246=DIRECTION('ref_axis',(0.,1.,0.));
#5247=DIRECTION('',(0.,-1.,0.));
#5248=DIRECTION('',(0.,1.,-1.30244303781972E-16));
#5249=DIRECTION('center_axis',(-6.71603763386712E-17,1.30244303781972E-16,
1.));
#5250=DIRECTION('ref_axis',(1.,0.,6.71603763386712E-17));
#5251=DIRECTION('',(1.,0.,6.71603763386712E-17));
#5252=DIRECTION('',(-1.52625640512146E-16,-1.,1.30244303781972E-16));
#5253=DIRECTION('',(-1.,0.,-6.71603763386712E-17));
#5254=DIRECTION('',(0.,-1.,1.30244303781972E-16));
#5255=DIRECTION('',(1.,0.,6.71603763386712E-17));
#5256=DIRECTION('',(-1.52625640512146E-16,-1.,1.30244303781972E-16));
#5257=DIRECTION('',(-1.,0.,-6.71603763386712E-17));
#5258=DIRECTION('center_axis',(0.,-1.,0.));
#5259=DIRECTION('ref_axis',(0.,0.,1.));
#5260=DIRECTION('',(0.,0.,-1.));
#5261=DIRECTION('',(0.,0.,1.));
#5262=DIRECTION('',(-1.,0.,0.));
#5263=DIRECTION('center_axis',(0.,1.,0.));
#5264=DIRECTION('ref_axis',(0.,0.,-1.));
#5265=DIRECTION('',(1.,0.,0.));
#5266=DIRECTION('',(0.,0.,-1.));
#5267=DIRECTION('',(0.,0.,1.));
#5268=DIRECTION('center_axis',(-1.,0.,0.));
#5269=DIRECTION('ref_axis',(0.,0.,1.));
#5270=DIRECTION('',(0.,1.,0.));
#5271=DIRECTION('center_axis',(0.,0.,1.));
#5272=DIRECTION('ref_axis',(1.,0.,0.));
#5273=DIRECTION('center_axis',(-1.,1.52625640512146E-16,0.));
#5274=DIRECTION('ref_axis',(1.52625640512146E-16,1.,-3.05251281024292E-16));
#5275=DIRECTION('',(0.,0.,-1.));
#5276=DIRECTION('center_axis',(-1.,1.52625640512146E-16,0.));
#5277=DIRECTION('ref_axis',(1.52625640512146E-16,1.,-3.05251281024292E-16));
#5278=DIRECTION('',(0.,0.,-1.));
#5279=DIRECTION('center_axis',(0.,-1.,0.));
#5280=DIRECTION('ref_axis',(-1.,0.,0.));
#5281=DIRECTION('center_axis',(0.,1.,0.));
#5282=DIRECTION('ref_axis',(1.,0.,1.45308370273381E-16));
#5283=DIRECTION('axis',(0.,0.,1.));
#5284=DIRECTION('refdir',(1.,0.,0.));
#5285=DIRECTION('center_axis',(1.,0.,0.));
#5286=DIRECTION('ref_axis',(0.,1.,0.));
#5287=DIRECTION('',(0.,1.,0.));
#5288=DIRECTION('',(0.,0.,1.));
#5289=DIRECTION('',(0.,1.,0.));
#5290=DIRECTION('',(0.,0.,1.));
#5291=DIRECTION('center_axis',(0.,-1.,0.));
#5292=DIRECTION('ref_axis',(1.,0.,0.));
#5293=DIRECTION('',(1.,0.,0.));
#5294=DIRECTION('',(0.,0.,1.));
#5295=DIRECTION('',(1.,0.,0.));
#5296=DIRECTION('center_axis',(1.,0.,0.));
#5297=DIRECTION('ref_axis',(0.,1.,0.));
#5298=DIRECTION('',(0.,1.,0.));
#5299=DIRECTION('',(0.,0.,1.));
#5300=DIRECTION('',(0.,1.,0.));
#5301=DIRECTION('center_axis',(0.,1.,0.));
#5302=DIRECTION('ref_axis',(-1.,0.,0.));
#5303=DIRECTION('',(-1.,0.,0.));
#5304=DIRECTION('',(0.,0.,1.));
#5305=DIRECTION('',(-1.,0.,0.));
#5306=DIRECTION('center_axis',(1.,0.,0.));
#5307=DIRECTION('ref_axis',(0.,1.,0.));
#5308=DIRECTION('',(0.,1.,0.));
#5309=DIRECTION('',(0.,0.,1.));
#5310=DIRECTION('',(0.,1.,0.));
#5311=DIRECTION('center_axis',(0.,-1.,0.));
#5312=DIRECTION('ref_axis',(1.,0.,0.));
#5313=DIRECTION('',(1.,0.,0.));
#5314=DIRECTION('',(0.,0.,1.));
#5315=DIRECTION('',(1.,0.,0.));
#5316=DIRECTION('center_axis',(1.,0.,0.));
#5317=DIRECTION('ref_axis',(0.,1.,0.));
#5318=DIRECTION('',(0.,1.,0.));
#5319=DIRECTION('',(0.,0.,1.));
#5320=DIRECTION('',(0.,1.,0.));
#5321=DIRECTION('center_axis',(0.,1.,0.));
#5322=DIRECTION('ref_axis',(-1.,0.,0.));
#5323=DIRECTION('',(-1.,0.,0.));
#5324=DIRECTION('',(0.,0.,1.));
#5325=DIRECTION('',(-1.,0.,0.));
#5326=DIRECTION('center_axis',(1.,0.,0.));
#5327=DIRECTION('ref_axis',(0.,1.,0.));
#5328=DIRECTION('',(0.,1.,0.));
#5329=DIRECTION('',(0.,0.,1.));
#5330=DIRECTION('',(0.,1.,0.));
#5331=DIRECTION('center_axis',(0.,-1.,0.));
#5332=DIRECTION('ref_axis',(1.,0.,0.));
#5333=DIRECTION('',(1.,0.,0.));
#5334=DIRECTION('',(0.,0.,1.));
#5335=DIRECTION('',(1.,0.,0.));
#5336=DIRECTION('center_axis',(-1.,0.,0.));
#5337=DIRECTION('ref_axis',(0.,-1.,0.));
#5338=DIRECTION('',(0.,-1.,0.));
#5339=DIRECTION('',(0.,0.,1.));
#5340=DIRECTION('',(0.,-1.,0.));
#5341=DIRECTION('center_axis',(0.,1.,0.));
#5342=DIRECTION('ref_axis',(-1.,0.,0.));
#5343=DIRECTION('',(-1.,0.,0.));
#5344=DIRECTION('',(-1.,0.,0.));
#5345=DIRECTION('center_axis',(0.,0.,1.));
#5346=DIRECTION('ref_axis',(1.,0.,0.));
#5347=DIRECTION('',(0.,0.,1.));
#5348=DIRECTION('',(0.,0.,1.));
#5349=DIRECTION('',(0.,0.,1.));
#5350=DIRECTION('',(0.,0.,1.));
#5351=DIRECTION('',(0.,0.,1.));
#5352=DIRECTION('',(0.,0.,1.));
#5353=DIRECTION('',(0.,0.,1.));
#5354=DIRECTION('',(0.,0.,1.));
#5355=DIRECTION('',(0.,0.,1.));
#5356=DIRECTION('',(0.,0.,1.));
#5357=DIRECTION('',(0.,0.,1.));
#5358=DIRECTION('',(0.,0.,1.));
#5359=DIRECTION('',(0.,0.,1.));
#5360=DIRECTION('',(0.,0.,1.));
#5361=DIRECTION('',(0.,0.,1.));
#5362=DIRECTION('',(0.,0.,1.));
#5363=DIRECTION('',(0.,0.,1.));
#5364=DIRECTION('',(0.,0.,1.));
#5365=DIRECTION('',(0.,0.,1.));
#5366=DIRECTION('',(0.,0.,1.));
#5367=DIRECTION('center_axis',(0.,0.,-1.));
#5368=DIRECTION('ref_axis',(1.,0.,0.));
#5369=DIRECTION('center_axis',(0.963357074020652,0.268222198809808,0.));
#5370=DIRECTION('ref_axis',(-0.268222198809808,0.963357074020652,0.));
#5371=DIRECTION('',(-0.268222198809808,0.963357074020652,0.));
#5372=DIRECTION('',(0.,0.,1.));
#5373=DIRECTION('',(-0.268222198809808,0.963357074020652,0.));
#5374=DIRECTION('',(0.,0.,1.));
#5375=DIRECTION('',(0.,0.,1.));
#5376=DIRECTION('',(0.,0.,1.));
#5377=DIRECTION('center_axis',(-0.96380164377677,0.266620313279382,0.));
#5378=DIRECTION('ref_axis',(-0.266620313279382,-0.96380164377677,0.));
#5379=DIRECTION('',(-0.266620313279382,-0.96380164377677,0.));
#5380=DIRECTION('',(0.,0.,1.));
#5381=DIRECTION('',(-0.266620313279382,-0.96380164377677,0.));
#5382=DIRECTION('center_axis',(0.,1.,0.));
#5383=DIRECTION('ref_axis',(-1.,0.,0.));
#5384=DIRECTION('',(-1.,0.,0.));
#5385=DIRECTION('',(0.,0.,1.));
#5386=DIRECTION('',(-1.,0.,0.));
#5387=DIRECTION('center_axis',(0.964398516367714,0.264453212549502,0.));
#5388=DIRECTION('ref_axis',(-0.264453212549502,0.964398516367714,0.));
#5389=DIRECTION('',(-0.264453212549502,0.964398516367714,0.));
#5390=DIRECTION('',(0.,0.,1.));
#5391=DIRECTION('',(-0.264453212549502,0.964398516367714,0.));
#5392=DIRECTION('center_axis',(0.,-1.,0.));
#5393=DIRECTION('ref_axis',(1.,0.,0.));
#5394=DIRECTION('',(1.,0.,0.));
#5395=DIRECTION('',(0.,0.,1.));
#5396=DIRECTION('',(1.,0.,0.));
#5397=DIRECTION('center_axis',(-0.971462256594404,-0.237194190511715,0.));
#5398=DIRECTION('ref_axis',(0.237194190511715,-0.971462256594404,0.));
#5399=DIRECTION('',(0.237194190511715,-0.971462256594404,0.));
#5400=DIRECTION('',(0.,0.,1.));
#5401=DIRECTION('',(0.237194190511715,-0.971462256594404,0.));
#5402=DIRECTION('',(0.,0.,1.));
#5403=DIRECTION('',(0.,0.,1.));
#5404=DIRECTION('center_axis',(0.962205948347085,-0.272322810218841,0.));
#5405=DIRECTION('ref_axis',(0.272322810218841,0.962205948347085,0.));
#5406=DIRECTION('',(0.272322810218841,0.962205948347085,0.));
#5407=DIRECTION('',(0.,0.,1.));
#5408=DIRECTION('',(0.272322810218841,0.962205948347085,0.));
#5409=DIRECTION('center_axis',(0.,-1.,0.));
#5410=DIRECTION('ref_axis',(1.,0.,0.));
#5411=DIRECTION('',(1.,0.,0.));
#5412=DIRECTION('',(0.,0.,1.));
#5413=DIRECTION('',(1.,0.,0.));
#5414=DIRECTION('center_axis',(-0.962508253443736,-0.271252395478251,0.));
#5415=DIRECTION('ref_axis',(0.271252395478251,-0.962508253443736,0.));
#5416=DIRECTION('',(0.271252395478251,-0.962508253443736,0.));
#5417=DIRECTION('',(0.,0.,1.));
#5418=DIRECTION('',(0.271252395478251,-0.962508253443736,0.));
#5419=DIRECTION('',(0.,0.,1.));
#5420=DIRECTION('',(0.,0.,1.));
#5421=DIRECTION('center_axis',(0.974117119167726,-0.226043885439021,0.));
#5422=DIRECTION('ref_axis',(0.226043885439021,0.974117119167726,0.));
#5423=DIRECTION('',(0.226043885439021,0.974117119167726,0.));
#5424=DIRECTION('',(0.,0.,1.));
#5425=DIRECTION('',(0.226043885439021,0.974117119167726,0.));
#5426=DIRECTION('center_axis',(0.,-1.,0.));
#5427=DIRECTION('ref_axis',(1.,0.,0.));
#5428=DIRECTION('',(1.,0.,0.));
#5429=DIRECTION('',(0.,0.,1.));
#5430=DIRECTION('',(1.,0.,0.));
#5431=DIRECTION('center_axis',(-0.966551534699359,0.256472475658334,0.));
#5432=DIRECTION('ref_axis',(-0.256472475658334,-0.966551534699359,0.));
#5433=DIRECTION('',(-0.256472475658334,-0.966551534699359,0.));
#5434=DIRECTION('',(0.,0.,1.));
#5435=DIRECTION('',(-0.256472475658334,-0.966551534699359,0.));
#5436=DIRECTION('center_axis',(0.,1.,0.));
#5437=DIRECTION('ref_axis',(-1.,0.,0.));
#5438=DIRECTION('',(-1.,0.,0.));
#5439=DIRECTION('',(-1.,0.,0.));
#5440=DIRECTION('center_axis',(0.,0.,-1.));
#5441=DIRECTION('ref_axis',(1.,0.,0.));
#5442=DIRECTION('center_axis',(1.,0.,0.));
#5443=DIRECTION('ref_axis',(0.,1.,0.));
#5444=DIRECTION('',(0.,1.,0.));
#5445=DIRECTION('',(0.,0.,1.));
#5446=DIRECTION('',(0.,1.,0.));
#5447=DIRECTION('',(0.,0.,1.));
#5448=DIRECTION('center_axis',(-0.946846719437345,0.321685078750536,0.));
#5449=DIRECTION('ref_axis',(-0.321685078750536,-0.946846719437345,0.));
#5450=DIRECTION('',(-0.321685078750536,-0.946846719437345,0.));
#5451=DIRECTION('',(0.,0.,1.));
#5452=DIRECTION('',(-0.321685078750536,-0.946846719437345,0.));
#5453=DIRECTION('center_axis',(0.,1.,0.));
#5454=DIRECTION('ref_axis',(-1.,0.,0.));
#5455=DIRECTION('',(-1.,0.,0.));
#5456=DIRECTION('',(0.,0.,1.));
#5457=DIRECTION('',(-1.,0.,0.));
#5458=DIRECTION('center_axis',(0.944683596150116,0.327983083656588,0.));
#5459=DIRECTION('ref_axis',(-0.327983083656588,0.944683596150116,0.));
#5460=DIRECTION('',(-0.327983083656588,0.944683596150116,0.));
#5461=DIRECTION('',(0.,0.,1.));
#5462=DIRECTION('',(-0.327983083656588,0.944683596150116,0.));
#5463=DIRECTION('center_axis',(-1.,0.,0.));
#5464=DIRECTION('ref_axis',(0.,-1.,0.));
#5465=DIRECTION('',(0.,-1.,0.));
#5466=DIRECTION('',(0.,0.,1.));
#5467=DIRECTION('',(0.,-1.,0.));
#5468=DIRECTION('center_axis',(0.,1.,0.));
#5469=DIRECTION('ref_axis',(-1.,0.,0.));
#5470=DIRECTION('',(-1.,0.,0.));
#5471=DIRECTION('',(0.,0.,1.));
#5472=DIRECTION('',(-1.,0.,0.));
#5473=DIRECTION('center_axis',(1.,0.,0.));
#5474=DIRECTION('ref_axis',(0.,1.,0.));
#5475=DIRECTION('',(0.,1.,0.));
#5476=DIRECTION('',(0.,0.,1.));
#5477=DIRECTION('',(0.,1.,0.));
#5478=DIRECTION('center_axis',(0.,-1.,0.));
#5479=DIRECTION('ref_axis',(1.,0.,0.));
#5480=DIRECTION('',(1.,0.,0.));
#5481=DIRECTION('',(0.,0.,1.));
#5482=DIRECTION('',(1.,0.,0.));
#5483=DIRECTION('center_axis',(-0.945579692379478,-0.325390604288955,0.));
#5484=DIRECTION('ref_axis',(0.325390604288955,-0.945579692379478,0.));
#5485=DIRECTION('',(0.325390604288955,-0.945579692379478,0.));
#5486=DIRECTION('',(0.,0.,1.));
#5487=DIRECTION('',(0.325390604288955,-0.945579692379478,0.));
#5488=DIRECTION('',(0.,0.,1.));
#5489=DIRECTION('',(0.,0.,1.));
#5490=DIRECTION('center_axis',(0.94840884416927,-0.31704993975951,0.));
#5491=DIRECTION('ref_axis',(0.31704993975951,0.94840884416927,0.));
#5492=DIRECTION('',(0.31704993975951,0.94840884416927,0.));
#5493=DIRECTION('',(0.,0.,1.));
#5494=DIRECTION('',(0.31704993975951,0.94840884416927,0.));
#5495=DIRECTION('center_axis',(0.,-1.,0.));
#5496=DIRECTION('ref_axis',(1.,0.,0.));
#5497=DIRECTION('',(1.,0.,0.));
#5498=DIRECTION('',(0.,0.,1.));
#5499=DIRECTION('',(1.,0.,0.));
#5500=DIRECTION('center_axis',(-1.,0.,0.));
#5501=DIRECTION('ref_axis',(0.,-1.,0.));
#5502=DIRECTION('',(0.,-1.,0.));
#5503=DIRECTION('',(0.,0.,1.));
#5504=DIRECTION('',(0.,-1.,0.));
#5505=DIRECTION('center_axis',(0.,1.,0.));
#5506=DIRECTION('ref_axis',(-1.,0.,0.));
#5507=DIRECTION('',(-1.,0.,0.));
#5508=DIRECTION('',(-1.,0.,0.));
#5509=DIRECTION('center_axis',(0.,0.,-1.));
#5510=DIRECTION('ref_axis',(1.,0.,0.));
#5511=DIRECTION('center_axis',(0.,0.,1.));
#5512=DIRECTION('ref_axis',(1.,0.,0.));
#5513=DIRECTION('center_axis',(3.38618022510673E-15,1.,1.69309011255336E-15));
#5514=DIRECTION('ref_axis',(2.91354681986901E-30,1.69309011255336E-15,-1.));
#5515=DIRECTION('center_axis',(0.,1.,0.));
#5516=DIRECTION('ref_axis',(2.91354681986901E-30,1.69309011255336E-15,-1.));
#5517=DIRECTION('',(3.38618022510673E-15,1.,1.69309011255336E-15));
#5518=DIRECTION('center_axis',(0.,-1.,0.));
#5519=DIRECTION('ref_axis',(2.91354681986901E-30,1.69309011255336E-15,-1.));
#5520=DIRECTION('center_axis',(3.38618022510673E-15,1.,1.69309011255336E-15));
#5521=DIRECTION('ref_axis',(2.91354681986901E-30,1.69309011255336E-15,-1.));
#5522=DIRECTION('center_axis',(0.,1.,0.));
#5523=DIRECTION('ref_axis',(2.91354681986901E-30,1.69309011255336E-15,-1.));
#5524=DIRECTION('',(3.38618022510673E-15,1.,1.69309011255336E-15));
#5525=DIRECTION('center_axis',(0.,-1.,0.));
#5526=DIRECTION('ref_axis',(2.91354681986901E-30,1.69309011255336E-15,-1.));
#5527=DIRECTION('center_axis',(0.,0.,-1.));
#5528=DIRECTION('ref_axis',(-1.,0.,0.));
#5529=DIRECTION('',(0.,-1.,0.));
#5530=DIRECTION('',(1.,0.,0.));
#5531=DIRECTION('',(0.,1.,0.));
#5532=DIRECTION('',(-1.,0.,0.));
#5533=DIRECTION('center_axis',(0.,-1.,0.));
#5534=DIRECTION('ref_axis',(0.,0.,1.));
#5535=DIRECTION('',(0.,0.,1.));
#5536=DIRECTION('',(0.,0.,1.));
#5537=DIRECTION('',(-1.,0.,0.));
#5538=DIRECTION('center_axis',(0.,1.,0.));
#5539=DIRECTION('ref_axis',(0.,0.,-1.));
#5540=DIRECTION('',(0.,0.,-1.));
#5541=DIRECTION('',(1.,0.,0.));
#5542=DIRECTION('',(0.,0.,-1.));
#5543=DIRECTION('center_axis',(-1.,0.,0.));
#5544=DIRECTION('ref_axis',(0.,0.,1.));
#5545=DIRECTION('',(0.,1.,0.));
#5546=DIRECTION('center_axis',(0.,0.,1.));
#5547=DIRECTION('ref_axis',(1.,0.,0.));
#5548=DIRECTION('',(0.,1.,0.));
#5549=DIRECTION('center_axis',(0.,0.,1.));
#5550=DIRECTION('ref_axis',(1.,1.18423789293349E-14,0.));
#5551=DIRECTION('',(-1.,0.,0.));
#5552=DIRECTION('center_axis',(0.,0.,1.));
#5553=DIRECTION('ref_axis',(-7.40148683083432E-15,1.,0.));
#5554=DIRECTION('',(0.,-1.,0.));
#5555=DIRECTION('center_axis',(0.,0.,1.));
#5556=DIRECTION('ref_axis',(-1.,2.96059473233376E-15,0.));
#5557=DIRECTION('',(1.,0.,0.));
#5558=DIRECTION('center_axis',(0.,0.,1.));
#5559=DIRECTION('ref_axis',(-5.92118946466754E-15,-1.,0.));
#5560=DIRECTION('',(0.,1.,0.));
#5561=DIRECTION('',(0.,1.,0.));
#5562=DIRECTION('',(1.,0.,0.));
#5563=DIRECTION('',(0.,-1.,0.));
#5564=DIRECTION('',(-1.,0.,0.));
#5565=DIRECTION('center_axis',(0.,-1.,0.));
#5566=DIRECTION('ref_axis',(1.,0.,0.));
#5567=DIRECTION('center_axis',(0.,-1.,0.));
#5568=DIRECTION('ref_axis',(1.,0.,0.));
#5569=DIRECTION('',(0.,-1.,0.));
#5570=DIRECTION('center_axis',(0.,1.,0.));
#5571=DIRECTION('ref_axis',(1.,0.,0.));
#5572=DIRECTION('center_axis',(0.,-1.,0.));
#5573=DIRECTION('ref_axis',(1.,0.,0.));
#5574=DIRECTION('center_axis',(0.,-1.,0.));
#5575=DIRECTION('ref_axis',(1.,0.,0.));
#5576=DIRECTION('',(0.,-1.,0.));
#5577=DIRECTION('center_axis',(0.,1.,0.));
#5578=DIRECTION('ref_axis',(1.,0.,0.));
#5579=DIRECTION('center_axis',(0.,0.,1.));
#5580=DIRECTION('ref_axis',(-1.,0.,0.));
#5581=DIRECTION('',(1.,0.,0.));
#5582=DIRECTION('',(0.,-1.,0.));
#5583=DIRECTION('',(-1.,0.,0.));
#5584=DIRECTION('',(0.,-1.,0.));
#5585=DIRECTION('center_axis',(1.,0.,0.));
#5586=DIRECTION('ref_axis',(0.,0.,1.));
#5587=DIRECTION('',(0.,0.,-1.));
#5588=DIRECTION('',(0.,0.,1.));
#5589=DIRECTION('',(0.,-1.,0.));
#5590=DIRECTION('',(0.,0.,1.));
#5591=DIRECTION('',(0.,-1.,0.));
#5592=DIRECTION('center_axis',(2.78113364593098E-17,0.,-1.));
#5593=DIRECTION('ref_axis',(1.,0.,2.78113364593098E-17));
#5594=DIRECTION('',(1.,0.,2.78113364593098E-17));
#5595=DIRECTION('',(0.,-1.,0.));
#5596=DIRECTION('',(1.,0.,2.78113364593098E-17));
#5597=DIRECTION('center_axis',(-1.,0.,0.));
#5598=DIRECTION('ref_axis',(0.,0.,-1.));
#5599=DIRECTION('',(0.,0.,1.));
#5600=DIRECTION('',(0.,1.,0.));
#5601=DIRECTION('',(0.,0.,-1.));
#5602=DIRECTION('',(0.,0.,-1.));
#5603=DIRECTION('center_axis',(0.,-1.,0.));
#5604=DIRECTION('ref_axis',(0.,0.,-1.));
#5605=DIRECTION('',(-1.,0.,0.));
#5606=DIRECTION('center_axis',(0.,-1.,0.));
#5607=DIRECTION('ref_axis',(1.,0.,0.));
#5608=DIRECTION('center_axis',(0.,-1.,0.));
#5609=DIRECTION('ref_axis',(1.,0.,0.));
#5610=DIRECTION('',(0.,-1.,0.));
#5611=DIRECTION('center_axis',(0.,1.,0.));
#5612=DIRECTION('ref_axis',(1.,0.,0.));
#5613=DIRECTION('center_axis',(0.,1.,0.));
#5614=DIRECTION('ref_axis',(0.,0.,1.));
#5615=DIRECTION('',(0.,0.,-1.));
#5616=DIRECTION('center_axis',(0.,-1.,0.));
#5617=DIRECTION('ref_axis',(1.,0.,0.));
#5618=DIRECTION('center_axis',(0.,-1.,0.));
#5619=DIRECTION('ref_axis',(1.,0.,0.));
#5620=DIRECTION('center_axis',(0.,-1.,0.));
#5621=DIRECTION('ref_axis',(1.,0.,0.));
#5622=DIRECTION('',(0.,-1.,0.));
#5623=DIRECTION('center_axis',(0.,1.,0.));
#5624=DIRECTION('ref_axis',(1.,0.,0.));
#5625=DIRECTION('',(0.,1.,0.));
#5626=DIRECTION('',(0.,-1.,0.));
#5627=DIRECTION('center_axis',(0.,1.,0.));
#5628=DIRECTION('ref_axis',(1.,0.,0.));
#5629=DIRECTION('center_axis',(0.,-1.,0.));
#5630=DIRECTION('ref_axis',(1.,0.,0.));
#5631=DIRECTION('center_axis',(0.,-1.,0.));
#5632=DIRECTION('ref_axis',(1.,0.,0.));
#5633=DIRECTION('',(0.,-1.,0.));
#5634=DIRECTION('center_axis',(0.,1.,0.));
#5635=DIRECTION('ref_axis',(1.,0.,0.));
#5636=DIRECTION('center_axis',(0.,-1.,0.));
#5637=DIRECTION('ref_axis',(1.,0.,0.));
#5638=DIRECTION('center_axis',(0.,-1.,0.));
#5639=DIRECTION('ref_axis',(1.,0.,0.));
#5640=DIRECTION('',(0.,-1.,0.));
#5641=DIRECTION('center_axis',(0.,1.,0.));
#5642=DIRECTION('ref_axis',(1.,0.,0.));
#5643=DIRECTION('center_axis',(0.,-1.,0.));
#5644=DIRECTION('ref_axis',(1.,0.,0.));
#5645=DIRECTION('center_axis',(0.,-1.,0.));
#5646=DIRECTION('ref_axis',(1.,0.,0.));
#5647=DIRECTION('',(0.,-1.,0.));
#5648=DIRECTION('center_axis',(0.,1.,0.));
#5649=DIRECTION('ref_axis',(1.,0.,0.));
#5650=DIRECTION('center_axis',(0.,0.,1.));
#5651=DIRECTION('ref_axis',(-1.,0.,0.));
#5652=DIRECTION('',(1.,0.,0.));
#5653=DIRECTION('',(0.,-1.,0.));
#5654=DIRECTION('',(-1.,0.,0.));
#5655=DIRECTION('',(0.,-1.,0.));
#5656=DIRECTION('center_axis',(1.,0.,2.16305758765664E-16));
#5657=DIRECTION('ref_axis',(-2.16305758765664E-16,0.,1.));
#5658=DIRECTION('',(2.16305758765664E-16,0.,-1.));
#5659=DIRECTION('',(-2.16305758765664E-16,0.,1.));
#5660=DIRECTION('',(0.,-1.,0.));
#5661=DIRECTION('',(-2.16305758765664E-16,0.,1.));
#5662=DIRECTION('',(0.,-1.,0.));
#5663=DIRECTION('center_axis',(2.76362647484021E-17,0.,-1.));
#5664=DIRECTION('ref_axis',(1.,0.,2.76362647484021E-17));
#5665=DIRECTION('',(1.,0.,2.76362647484021E-17));
#5666=DIRECTION('',(0.,-1.,0.));
#5667=DIRECTION('',(1.,0.,2.76362647484021E-17));
#5668=DIRECTION('center_axis',(-1.,0.,0.));
#5669=DIRECTION('ref_axis',(0.,0.,-1.));
#5670=DIRECTION('',(0.,0.,1.));
#5671=DIRECTION('',(0.,1.,0.));
#5672=DIRECTION('',(0.,0.,-1.));
#5673=DIRECTION('',(0.,0.,-1.));
#5674=DIRECTION('center_axis',(0.,-1.,0.));
#5675=DIRECTION('ref_axis',(0.,0.,-1.));
#5676=DIRECTION('',(-1.,0.,0.));
#5677=DIRECTION('center_axis',(0.,1.,0.));
#5678=DIRECTION('ref_axis',(0.,0.,1.));
#5679=DIRECTION('',(0.,0.,-1.));
#5680=DIRECTION('center_axis',(0.,-1.,0.));
#5681=DIRECTION('ref_axis',(1.,0.,0.));
#5682=DIRECTION('center_axis',(0.,-1.,0.));
#5683=DIRECTION('ref_axis',(1.,0.,0.));
#5684=DIRECTION('center_axis',(0.,-1.,0.));
#5685=DIRECTION('ref_axis',(1.,0.,0.));
#5686=DIRECTION('',(0.,-1.,0.));
#5687=DIRECTION('center_axis',(0.,1.,0.));
#5688=DIRECTION('ref_axis',(1.,0.,0.));
#5689=DIRECTION('',(0.,1.,0.));
#5690=DIRECTION('',(0.,-1.,0.));
#5691=DIRECTION('center_axis',(0.,1.,0.));
#5692=DIRECTION('ref_axis',(1.,0.,0.));
#5693=DIRECTION('center_axis',(-1.,0.,0.));
#5694=DIRECTION('ref_axis',(0.,-1.,0.));
#5695=DIRECTION('',(0.,0.,1.));
#5696=DIRECTION('',(0.,0.,1.));
#5697=DIRECTION('',(0.,-1.,0.));
#5698=DIRECTION('',(0.,0.,1.));
#5699=DIRECTION('',(0.,0.,1.));
#5700=DIRECTION('',(0.,0.,1.));
#5701=DIRECTION('',(0.,0.,1.));
#5702=DIRECTION('',(0.,0.,1.));
#5703=DIRECTION('',(0.,0.,1.));
#5704=DIRECTION('',(0.,0.,-1.));
#5705=DIRECTION('',(0.,1.,0.));
#5706=DIRECTION('',(0.,0.,1.));
#5707=DIRECTION('',(0.,-1.,0.));
#5708=DIRECTION('center_axis',(0.,-1.,0.));
#5709=DIRECTION('ref_axis',(1.,0.,0.));
#5710=DIRECTION('',(1.,0.,0.));
#5711=DIRECTION('',(0.,0.,1.));
#5712=DIRECTION('',(1.,0.,0.));
#5713=DIRECTION('',(1.,0.,0.));
#5714=DIRECTION('center_axis',(0.,1.,0.));
#5715=DIRECTION('ref_axis',(1.,0.,0.));
#5716=DIRECTION('center_axis',(0.,1.,0.));
#5717=DIRECTION('ref_axis',(1.,0.,0.));
#5718=DIRECTION('',(0.,1.,0.));
#5719=DIRECTION('center_axis',(0.,-1.,0.));
#5720=DIRECTION('ref_axis',(1.,0.,0.));
#5721=DIRECTION('center_axis',(0.,1.,0.));
#5722=DIRECTION('ref_axis',(0.,0.,1.));
#5723=DIRECTION('',(-1.,0.,0.));
#5724=DIRECTION('',(0.,0.,1.));
#5725=DIRECTION('',(-1.,0.,-2.76362647484021E-17));
#5726=DIRECTION('',(2.16305758765664E-16,0.,-1.));
#5727=DIRECTION('center_axis',(1.,0.,2.16305758765664E-16));
#5728=DIRECTION('ref_axis',(2.16305758765664E-16,0.,-1.));
#5729=DIRECTION('',(2.16305758765664E-16,0.,-1.));
#5730=DIRECTION('',(0.,1.,0.));
#5731=DIRECTION('',(-2.16305758765664E-16,0.,1.));
#5732=DIRECTION('',(0.,1.,0.));
#5733=DIRECTION('center_axis',(0.,0.,1.));
#5734=DIRECTION('ref_axis',(1.,0.,0.));
#5735=DIRECTION('',(1.,0.,0.));
#5736=DIRECTION('',(0.,1.,0.));
#5737=DIRECTION('',(-1.,0.,0.));
#5738=DIRECTION('center_axis',(-1.,0.,0.));
#5739=DIRECTION('ref_axis',(0.,0.,1.));
#5740=DIRECTION('',(0.,0.,1.));
#5741=DIRECTION('',(0.,1.,0.));
#5742=DIRECTION('',(0.,0.,-1.));
#5743=DIRECTION('center_axis',(2.76362647484021E-17,0.,-1.));
#5744=DIRECTION('ref_axis',(-1.,0.,-2.76362647484021E-17));
#5745=DIRECTION('',(-1.,0.,-2.76362647484021E-17));
#5746=DIRECTION('center_axis',(0.,1.,0.));
#5747=DIRECTION('ref_axis',(0.,0.,1.));
#5748=DIRECTION('',(-1.,0.,0.));
#5749=DIRECTION('',(0.,0.,1.));
#5750=DIRECTION('',(-1.,0.,-2.78113364593098E-17));
#5751=DIRECTION('',(0.,0.,-1.));
#5752=DIRECTION('center_axis',(1.,0.,0.));
#5753=DIRECTION('ref_axis',(0.,0.,-1.));
#5754=DIRECTION('',(0.,0.,-1.));
#5755=DIRECTION('',(0.,1.,0.));
#5756=DIRECTION('',(0.,0.,1.));
#5757=DIRECTION('',(0.,1.,0.));
#5758=DIRECTION('center_axis',(0.,0.,1.));
#5759=DIRECTION('ref_axis',(1.,0.,0.));
#5760=DIRECTION('',(1.,0.,0.));
#5761=DIRECTION('',(0.,1.,0.));
#5762=DIRECTION('',(-1.,0.,0.));
#5763=DIRECTION('center_axis',(-1.,0.,0.));
#5764=DIRECTION('ref_axis',(0.,0.,1.));
#5765=DIRECTION('',(0.,0.,1.));
#5766=DIRECTION('',(0.,1.,0.));
#5767=DIRECTION('',(0.,0.,-1.));
#5768=DIRECTION('center_axis',(2.78113364593098E-17,0.,-1.));
#5769=DIRECTION('ref_axis',(-1.,0.,-2.78113364593098E-17));
#5770=DIRECTION('',(-1.,0.,-2.78113364593098E-17));
#5771=DIRECTION('center_axis',(0.,1.,0.));
#5772=DIRECTION('ref_axis',(1.,0.,0.));
#5773=DIRECTION('center_axis',(0.,1.,0.));
#5774=DIRECTION('ref_axis',(1.,0.,0.));
#5775=DIRECTION('',(0.,1.,0.));
#5776=DIRECTION('center_axis',(0.,-1.,0.));
#5777=DIRECTION('ref_axis',(1.,0.,0.));
#5778=DIRECTION('center_axis',(0.,-1.,0.));
#5779=DIRECTION('ref_axis',(1.,0.,0.));
#5780=DIRECTION('center_axis',(0.,1.,0.));
#5781=DIRECTION('ref_axis',(1.,0.,0.));
#5782=DIRECTION('center_axis',(0.,1.,0.));
#5783=DIRECTION('ref_axis',(1.,0.,0.));
#5784=DIRECTION('center_axis',(0.,1.,0.));
#5785=DIRECTION('ref_axis',(1.,0.,0.));
#5786=DIRECTION('',(0.,1.,0.));
#5787=DIRECTION('center_axis',(0.,-1.,0.));
#5788=DIRECTION('ref_axis',(1.,0.,0.));
#5789=DIRECTION('center_axis',(0.,-1.,0.));
#5790=DIRECTION('ref_axis',(1.,0.,0.));
#5791=DIRECTION('center_axis',(0.,1.,0.));
#5792=DIRECTION('ref_axis',(1.,0.,0.));
#5793=DIRECTION('center_axis',(0.,1.,0.));
#5794=DIRECTION('ref_axis',(1.,0.,0.));
#5795=DIRECTION('',(0.,1.,0.));
#5796=DIRECTION('center_axis',(0.,-1.,0.));
#5797=DIRECTION('ref_axis',(1.,0.,0.));
#5798=DIRECTION('center_axis',(0.,1.,0.));
#5799=DIRECTION('ref_axis',(1.,0.,0.));
#5800=DIRECTION('center_axis',(0.,1.,0.));
#5801=DIRECTION('ref_axis',(1.,0.,0.));
#5802=DIRECTION('',(0.,1.,0.));
#5803=DIRECTION('center_axis',(0.,-1.,0.));
#5804=DIRECTION('ref_axis',(1.,0.,0.));
#5805=DIRECTION('center_axis',(0.,1.,0.));
#5806=DIRECTION('ref_axis',(1.,0.,0.));
#5807=DIRECTION('center_axis',(0.,1.,0.));
#5808=DIRECTION('ref_axis',(1.,0.,0.));
#5809=DIRECTION('',(0.,1.,0.));
#5810=DIRECTION('center_axis',(0.,-1.,0.));
#5811=DIRECTION('ref_axis',(1.,0.,0.));
#5812=DIRECTION('center_axis',(0.,1.,0.));
#5813=DIRECTION('ref_axis',(1.,0.,0.));
#5814=DIRECTION('center_axis',(0.,1.,0.));
#5815=DIRECTION('ref_axis',(1.,0.,0.));
#5816=DIRECTION('',(0.,1.,0.));
#5817=DIRECTION('center_axis',(0.,-1.,0.));
#5818=DIRECTION('ref_axis',(1.,0.,0.));
#5819=DIRECTION('center_axis',(0.,-1.,0.));
#5820=DIRECTION('ref_axis',(1.,0.,0.));
#5821=DIRECTION('center_axis',(0.,1.,0.));
#5822=DIRECTION('ref_axis',(1.,0.,0.));
#5823=DIRECTION('center_axis',(0.,1.,0.));
#5824=DIRECTION('ref_axis',(1.,0.,0.));
#5825=DIRECTION('center_axis',(0.,1.,0.));
#5826=DIRECTION('ref_axis',(1.,0.,0.));
#5827=DIRECTION('',(0.,1.,0.));
#5828=DIRECTION('center_axis',(0.,-1.,0.));
#5829=DIRECTION('ref_axis',(1.,0.,0.));
#5830=DIRECTION('center_axis',(0.,-1.,0.));
#5831=DIRECTION('ref_axis',(1.,0.,0.));
#5832=DIRECTION('center_axis',(0.,1.,0.));
#5833=DIRECTION('ref_axis',(-1.,0.,0.));
#5834=DIRECTION('',(-1.,0.,0.));
#5835=DIRECTION('',(0.,0.,1.));
#5836=DIRECTION('',(-1.,0.,0.));
#5837=DIRECTION('',(-1.,0.,0.));
#5838=DIRECTION('center_axis',(0.,0.,1.));
#5839=DIRECTION('ref_axis',(1.,0.,0.));
#5840=DIRECTION('',(0.,1.,0.));
#5841=DIRECTION('center_axis',(0.,0.,1.));
#5842=DIRECTION('ref_axis',(1.,0.,0.));
#5843=DIRECTION('center_axis',(0.,0.,-1.));
#5844=DIRECTION('ref_axis',(-1.,2.96059473233376E-15,0.));
#5845=DIRECTION('',(0.,1.,0.));
#5846=DIRECTION('center_axis',(0.,0.,-1.));
#5847=DIRECTION('ref_axis',(-7.40148683083432E-15,1.,0.));
#5848=DIRECTION('',(1.,0.,0.));
#5849=DIRECTION('center_axis',(0.,0.,-1.));
#5850=DIRECTION('ref_axis',(1.,1.18423789293349E-14,0.));
#5851=DIRECTION('',(0.,-1.,0.));
#5852=DIRECTION('center_axis',(0.,0.,-1.));
#5853=DIRECTION('ref_axis',(-5.92118946466754E-15,-1.,0.));
#5854=DIRECTION('',(-1.,0.,0.));
#5855=DIRECTION('center_axis',(1.,0.,0.));
#5856=DIRECTION('ref_axis',(0.,1.,0.));
#5857=DIRECTION('',(0.,0.,1.));
#5858=DIRECTION('',(0.,1.,0.));
#5859=DIRECTION('',(0.,0.,-1.));
#5860=DIRECTION('',(0.,-1.,0.));
#5861=DIRECTION('center_axis',(1.,0.,0.));
#5862=DIRECTION('ref_axis',(0.,1.,0.));
#5863=DIRECTION('',(0.,0.,1.));
#5864=DIRECTION('',(0.,0.,1.));
#5865=DIRECTION('',(0.,0.,1.));
#5866=DIRECTION('',(0.,1.,0.));
#5867=DIRECTION('',(0.,0.,-1.));
#5868=DIRECTION('',(0.,-1.,0.));
#5869=DIRECTION('center_axis',(0.,0.,1.));
#5870=DIRECTION('ref_axis',(-5.92118946466754E-15,-1.,0.));
#5871=DIRECTION('',(0.,0.,1.));
#5872=DIRECTION('center_axis',(0.,-1.,0.));
#5873=DIRECTION('ref_axis',(1.,0.,0.));
#5874=DIRECTION('',(0.,0.,1.));
#5875=DIRECTION('center_axis',(0.,0.,1.));
#5876=DIRECTION('ref_axis',(-1.,2.96059473233376E-15,0.));
#5877=DIRECTION('',(0.,0.,-1.));
#5878=DIRECTION('center_axis',(0.,1.,0.));
#5879=DIRECTION('ref_axis',(0.,0.,-1.));
#5880=DIRECTION('',(0.,0.,1.));
#5881=DIRECTION('',(-1.,0.,0.));
#5882=DIRECTION('',(-1.,0.,0.));
#5883=DIRECTION('center_axis',(0.,0.,1.));
#5884=DIRECTION('ref_axis',(0.,1.,0.));
#5885=DIRECTION('',(0.,-1.,0.));
#5886=DIRECTION('',(-1.,0.,0.));
#5887=DIRECTION('center_axis',(0.,-1.,0.));
#5888=DIRECTION('ref_axis',(0.,0.,1.));
#5889=DIRECTION('',(0.,0.,-1.));
#5890=DIRECTION('',(-1.,0.,0.));
#5891=DIRECTION('center_axis',(0.,0.,-1.));
#5892=DIRECTION('ref_axis',(0.,-1.,0.));
#5893=DIRECTION('',(0.,1.,0.));
#5894=DIRECTION('center_axis',(0.,1.,0.));
#5895=DIRECTION('ref_axis',(0.,0.,1.));
#5896=DIRECTION('',(1.,0.,0.));
#5897=DIRECTION('',(1.,0.,0.));
#5898=DIRECTION('center_axis',(0.,0.,-1.));
#5899=DIRECTION('ref_axis',(0.,1.,0.));
#5900=DIRECTION('',(1.,0.,0.));
#5901=DIRECTION('center_axis',(0.,-1.,0.));
#5902=DIRECTION('ref_axis',(0.,0.,-1.));
#5903=DIRECTION('',(1.,0.,0.));
#5904=DIRECTION('center_axis',(0.,0.,1.));
#5905=DIRECTION('ref_axis',(0.,-1.,0.));
#5906=DIRECTION('center_axis',(-1.,0.,0.));
#5907=DIRECTION('ref_axis',(0.,-1.,0.));
#5908=DIRECTION('',(0.,0.,1.));
#5909=DIRECTION('center_axis',(0.,0.,1.));
#5910=DIRECTION('ref_axis',(-7.40148683083432E-15,1.,0.));
#5911=DIRECTION('',(0.,0.,1.));
#5912=DIRECTION('center_axis',(0.,1.,0.));
#5913=DIRECTION('ref_axis',(-1.,0.,0.));
#5914=DIRECTION('',(0.,0.,1.));
#5915=DIRECTION('center_axis',(0.,0.,1.));
#5916=DIRECTION('ref_axis',(1.,1.18423789293349E-14,0.));
#5917=DIRECTION('',(-1.,2.22044604925031E-16,-9.75009429087376E-31));
#5918=DIRECTION('',(2.22044604925031E-16,1.,1.22464679914735E-16));
#5919=DIRECTION('',(-1.,2.22044604925031E-16,-7.49879891307531E-33));
#5920=DIRECTION('',(2.22044604925031E-16,1.,1.22464679914735E-16));
#5921=DIRECTION('',(-1.,2.22044604925031E-16,2.249639673988E-32));
#5922=DIRECTION('',(2.22044604925031E-16,1.,1.22464679914735E-16));
#5923=DIRECTION('',(1.,2.22044604925031E-16,7.49879891330613E-33));
#5924=DIRECTION('',(2.22044604925031E-16,-1.,1.22464679914735E-16));
#5925=DIRECTION('',(0.,1.22464679914735E-16,-1.));
#5926=DIRECTION('',(2.22044604925031E-16,1.,1.22464679914735E-16));
#5927=DIRECTION('',(-2.71926214689378E-32,1.22464679914735E-16,1.));
#5928=DIRECTION('',(-2.22044604925031E-16,1.,-1.22464679914735E-16));
#5929=DIRECTION('',(0.,0.,1.));
#5930=DIRECTION('',(1.,0.,0.));
#5931=DIRECTION('',(0.,0.,1.));
#5932=DIRECTION('',(1.,0.,0.));
#5933=CARTESIAN_POINT('',(0.,0.,0.));
#5934=CARTESIAN_POINT('',(0.,0.,0.));
#5935=CARTESIAN_POINT('',(0.,0.,0.));
#5936=CARTESIAN_POINT('',(0.,0.,0.));
#5937=CARTESIAN_POINT('Origin',(20.9999995306134,0.,-22.9999994859099));
#5938=CARTESIAN_POINT('',(20.9999996313397,0.,-23.0000005593945));
#5939=CARTESIAN_POINT('',(1.09025672089576,0.,-24.8681525068525));
#5940=CARTESIAN_POINT('',(20.0784864454309,0.,-23.0864660701534));
#5941=CARTESIAN_POINT('',(20.9999996313397,2.,-23.0000005593945));
#5942=CARTESIAN_POINT('',(20.9999996313397,0.,-23.0000005593945));
#5943=CARTESIAN_POINT('',(1.09025672089576,2.,-24.8681525068525));
#5944=CARTESIAN_POINT('',(1.09025672089576,2.,-24.8681525068525));
#5945=CARTESIAN_POINT('',(1.09025672089576,0.,-24.8681525068525));
#5946=CARTESIAN_POINT('Origin',(20.4507905574328,0.,-21.272320099592));
#5947=CARTESIAN_POINT('',(20.7196612621047,0.,-19.4794958131058));
#5948=CARTESIAN_POINT('Origin',(20.4507905574328,0.,-21.272320099592));
#5949=CARTESIAN_POINT('',(20.7196612621047,2.,-19.4794958131058));
#5950=CARTESIAN_POINT('',(20.7196612621047,0.,-19.4794958131058));
#5951=CARTESIAN_POINT('Origin',(20.4507905574328,2.,-21.272320099592));
#5952=CARTESIAN_POINT('Origin',(1.57288457733585,0.,-17.8325454708319));
#5953=CARTESIAN_POINT('',(1.57288457733585,0.,-17.8325454708319));
#5954=CARTESIAN_POINT('',(10.379018279749,0.,-18.5900236173669));
#5955=CARTESIAN_POINT('',(1.57288457733585,2.,-17.8325454708319));
#5956=CARTESIAN_POINT('',(1.57288457733585,0.,-17.8325454708319));
#5957=CARTESIAN_POINT('',(1.57288457733585,2.,-17.8325454708319));
#5958=CARTESIAN_POINT('Origin',(0.338848031083288,0.,-21.2822503035791));
#5959=CARTESIAN_POINT('Origin',(0.338848031083288,0.,-21.2822503035791));
#5960=CARTESIAN_POINT('Origin',(0.338848031083288,2.,-21.2822503035791));
#5961=CARTESIAN_POINT('Origin',(9.46936429476729,2.,-21.2822503035791));
#5962=CARTESIAN_POINT('',(-0.911151968916712,2.,-21.2822503035791));
#5963=CARTESIAN_POINT('Origin',(0.338848031083288,2.,-21.2822503035791));
#5964=CARTESIAN_POINT('Origin',(0.338848031083288,0.,-21.2822503035791));
#5965=CARTESIAN_POINT('',(-0.911151968916712,5.,-21.2822503035791));
#5966=CARTESIAN_POINT('Origin',(0.338848031083288,5.,-21.2822503035791));
#5967=CARTESIAN_POINT('',(-0.911151968916712,0.,-21.2822503035791));
#5968=CARTESIAN_POINT('Origin',(36.0000006258488,0.,-28.0000004172325));
#5969=CARTESIAN_POINT('',(36.0000006258488,0.,-28.0000004172325));
#5970=CARTESIAN_POINT('',(-1.00000005960465,0.,-28.0000004172325));
#5971=CARTESIAN_POINT('',(36.0000006258488,0.,-28.0000004172325));
#5972=CARTESIAN_POINT('',(-1.00000005960465,5.,-28.0000004172325));
#5973=CARTESIAN_POINT('',(-1.00000005960465,0.,-28.0000004172325));
#5974=CARTESIAN_POINT('',(36.0000006258488,5.,-28.0000004172325));
#5975=CARTESIAN_POINT('',(36.0000006258488,5.,-28.0000004172325));
#5976=CARTESIAN_POINT('',(36.0000006258488,0.,-28.0000004172325));
#5977=CARTESIAN_POINT('Origin',(36.0000006258488,0.,-22.0000004172325));
#5978=CARTESIAN_POINT('',(42.0000006258488,0.,-22.0000004172325));
#5979=CARTESIAN_POINT('Origin',(36.0000006258488,0.,-22.0000004172325));
#5980=CARTESIAN_POINT('',(42.0000006258488,5.,-22.0000004172325));
#5981=CARTESIAN_POINT('Origin',(36.0000006258488,5.,-22.0000004172325));
#5982=CARTESIAN_POINT('',(42.0000006258488,0.,-22.0000004172325));
#5983=CARTESIAN_POINT('Origin',(42.0000006258488,0.,-21.0000002235174));
#5984=CARTESIAN_POINT('',(42.0000006258488,0.,-21.0000002235174));
#5985=CARTESIAN_POINT('',(42.0000006258488,0.,-21.0000002235174));
#5986=CARTESIAN_POINT('',(42.0000006258488,5.,-21.0000002235174));
#5987=CARTESIAN_POINT('',(42.0000006258488,5.,-21.0000002235174));
#5988=CARTESIAN_POINT('',(42.0000006258488,0.,-21.0000002235174));
#5989=CARTESIAN_POINT('Origin',(36.0000006258488,0.,-21.0000002235174));
#5990=CARTESIAN_POINT('',(36.0000006258488,0.,-15.0000002235174));
#5991=CARTESIAN_POINT('Origin',(36.0000006258488,0.,-21.0000002235174));
#5992=CARTESIAN_POINT('',(36.0000006258488,5.,-15.0000002235174));
#5993=CARTESIAN_POINT('Origin',(36.0000006258488,5.,-21.0000002235174));
#5994=CARTESIAN_POINT('',(36.0000006258488,0.,-15.0000002235174));
#5995=CARTESIAN_POINT('Origin',(-1.00000005960464,0.,-15.0000002235174));
#5996=CARTESIAN_POINT('',(-1.00000005960464,0.,-15.0000002235174));
#5997=CARTESIAN_POINT('',(-1.00000005960464,0.,-15.0000002235174));
#5998=CARTESIAN_POINT('',(-1.00000005960464,5.,-15.0000002235174));
#5999=CARTESIAN_POINT('',(-1.00000005960464,5.,-15.0000002235174));
#6000=CARTESIAN_POINT('',(-1.00000005960464,0.,-15.0000002235174));
#6001=CARTESIAN_POINT('Origin',(-1.00000005960464,0.,-18.0000002235174));
#6002=CARTESIAN_POINT('',(-4.00000005960465,0.,-18.0000002235174));
#6003=CARTESIAN_POINT('Origin',(-1.00000005960464,0.,-18.0000002235174));
#6004=CARTESIAN_POINT('',(-4.00000005960465,5.,-18.0000002235174));
#6005=CARTESIAN_POINT('Origin',(-1.00000005960464,5.,-18.0000002235174));
#6006=CARTESIAN_POINT('',(-4.00000005960465,0.,-18.0000002235174));
#6007=CARTESIAN_POINT('Origin',(-4.00000005960465,0.,-25.0000004172325));
#6008=CARTESIAN_POINT('',(-4.00000005960465,0.,-25.0000004172325));
#6009=CARTESIAN_POINT('',(-4.00000005960465,0.,-25.0000004172325));
#6010=CARTESIAN_POINT('',(-4.00000005960465,5.,-25.0000004172325));
#6011=CARTESIAN_POINT('',(-4.00000005960465,5.,-25.0000004172325));
#6012=CARTESIAN_POINT('',(-4.00000005960465,0.,-25.0000004172325));
#6013=CARTESIAN_POINT('Origin',(-1.00000005960465,0.,-25.0000004172325));
#6014=CARTESIAN_POINT('Origin',(-1.00000005960465,0.,-25.0000004172325));
#6015=CARTESIAN_POINT('Origin',(-1.00000005960465,5.,-25.0000004172325));
#6016=CARTESIAN_POINT('Origin',(19.0000002831221,5.,-21.500000320375));
#6017=CARTESIAN_POINT('Origin',(19.0000002831221,0.,-21.500000320375));
#6018=CARTESIAN_POINT('',(0.,0.,0.));
#6019=CARTESIAN_POINT('Origin',(5.09477498371204,72.1602738146459,28.7751597439934));
#6020=CARTESIAN_POINT('',(5.09477498371204,32.1602738146459,30.2751597439934));
#6021=CARTESIAN_POINT('Origin',(5.09477498371204,32.1602738146459,28.7751597439934));
#6022=CARTESIAN_POINT('',(5.09477498371204,37.1602738146459,30.2751597439934));
#6023=CARTESIAN_POINT('',(5.09477498371204,72.1602738146459,30.2751597439934));
#6024=CARTESIAN_POINT('Origin',(5.09477498371204,37.1602738146459,28.7751597439934));
#6025=CARTESIAN_POINT('Origin',(5.09477498371204,72.1602738146459,28.7751597439934));
#6026=CARTESIAN_POINT('',(5.09477498371204,95.3535378507398,30.2751597439934));
#6027=CARTESIAN_POINT('Origin',(5.09477498371204,95.3535378507398,28.7751597439934));
#6028=CARTESIAN_POINT('',(5.09477498371204,100.35353785074,30.2751597439934));
#6029=CARTESIAN_POINT('',(5.09477498371204,72.1602738146459,30.2751597439934));
#6030=CARTESIAN_POINT('Origin',(5.09477498371204,100.35353785074,28.7751597439934));
#6031=CARTESIAN_POINT('Origin',(-45.9143911164184,66.2569058326929,25.9997938336428));
#6032=CARTESIAN_POINT('',(-48.0000007152557,37.1602738146459,25.9997938336428));
#6033=CARTESIAN_POINT('',(-43.4143911164184,37.1602738146459,25.9997938336428));
#6034=CARTESIAN_POINT('',(-44.6643911164184,37.1602738146459,25.9997938336428));
#6035=CARTESIAN_POINT('',(-48.0000007152557,32.1602738146459,25.9997938336428));
#6036=CARTESIAN_POINT('',(-48.0000007152557,51.7085898236694,25.9997938336428));
#6037=CARTESIAN_POINT('',(-48.4143911164184,32.1602738146459,25.9997938336428));
#6038=CARTESIAN_POINT('',(-47.1643911164184,32.1602738146459,25.9997938336428));
#6039=CARTESIAN_POINT('',(-48.4143911164184,100.35353785074,25.9997938336428));
#6040=CARTESIAN_POINT('',(-48.4143911164184,83.3052218417163,25.9997938336428));
#6041=CARTESIAN_POINT('',(-48.4000007152557,100.35353785074,25.9997938336428));
#6042=CARTESIAN_POINT('',(18.9593017602629,100.35353785074,25.9997938336428));
#6043=CARTESIAN_POINT('',(-48.4000007152557,95.3535378507398,25.9997938336428));
#6044=CARTESIAN_POINT('',(-48.4000007152557,83.3052218417163,25.9997938336428));
#6045=CARTESIAN_POINT('',(-43.4143911164184,95.3535378507398,25.9997938336428));
#6046=CARTESIAN_POINT('',(-47.1571959158371,95.3535378507398,25.9997938336428));
#6047=CARTESIAN_POINT('',(-43.4143911164184,80.8052218417163,25.9997938336428));
#6048=CARTESIAN_POINT('Origin',(-48.4000007152557,100.35353785074,29.4147938336428));
#6049=CARTESIAN_POINT('',(-48.4000007152557,100.35353785074,26.0000003427267));
#6050=CARTESIAN_POINT('',(-48.4000007152557,100.35353785074,23.0147938336428));
#6051=CARTESIAN_POINT('',(-48.4000007152557,95.3535378507398,26.0000003427267));
#6052=CARTESIAN_POINT('',(-48.4000007152557,100.35353785074,26.0000003427267));
#6053=CARTESIAN_POINT('',(-48.4000007152557,95.3535378507398,23.0147938336428));
#6054=CARTESIAN_POINT('Origin',(83.8329946369442,100.35353785074,44.4147938336428));
#6055=CARTESIAN_POINT('',(-48.4143911164184,100.35353785074,46.4147938336428));
#6056=CARTESIAN_POINT('',(-48.4143911164184,100.35353785074,44.4147938336428));
#6057=CARTESIAN_POINT('',(83.8329946369442,100.35353785074,46.4147938336428));
#6058=CARTESIAN_POINT('',(50.7711481986036,100.35353785074,46.4147938336428));
#6059=CARTESIAN_POINT('',(83.8329946369442,100.35353785074,29.4147938336428));
#6060=CARTESIAN_POINT('',(83.8329946369442,100.35353785074,44.4147938336428));
#6061=CARTESIAN_POINT('',(12.7893921706182,100.35353785074,29.4147938336428));
#6062=CARTESIAN_POINT('',(-48.4143911164184,100.35353785074,29.4147938336428));
#6063=CARTESIAN_POINT('',(8.64285721736295,100.35353785074,26.0000003427267));
#6064=CARTESIAN_POINT('',(22.0000003278255,100.35353785074,37.000000551343));
#6065=CARTESIAN_POINT('',(17.9164969608443,100.35353785074,26.0000003427267));
#6066=CARTESIAN_POINT('Origin',(-48.4143911164184,100.35353785074,44.4147938336428));
#6067=CARTESIAN_POINT('',(-48.4143911164184,32.1602738146459,46.4147938336428));
#6068=CARTESIAN_POINT('',(-48.4143911164184,32.1602738146459,44.4147938336428));
#6069=CARTESIAN_POINT('',(-48.4143911164184,50.5000007599592,46.4147938336428));
#6070=CARTESIAN_POINT('',(-48.4143911164184,83.3052218417163,46.4147938336428));
#6071=CARTESIAN_POINT('',(-48.4143911164184,50.5000007599592,42.5010715821298));
#6072=CARTESIAN_POINT('',(-48.4143911164184,50.5000007599592,47.2073969168214));
#6073=CARTESIAN_POINT('',(-48.4143911164184,79.5000011920929,42.5010715821298));
#6074=CARTESIAN_POINT('',(-48.4143911164184,50.5000007599592,42.5010715821298));
#6075=CARTESIAN_POINT('',(-48.4143911164184,79.5000011920929,46.4147938336428));
#6076=CARTESIAN_POINT('',(-48.4143911164184,79.5000011920929,47.2073969168214));
#6077=CARTESIAN_POINT('',(-48.4143911164184,83.3052218417163,46.4147938336428));
#6078=CARTESIAN_POINT('Origin',(-48.4143911164184,32.1602738146459,44.4147938336428));
#6079=CARTESIAN_POINT('',(-48.0000007152557,32.1602738146459,26.0000003427267));
#6080=CARTESIAN_POINT('',(-48.0000007152557,32.1602738146459,29.4147938336428));
#6081=CARTESIAN_POINT('',(8.64285721736294,32.1602738146459,26.0000003427267));
#6082=CARTESIAN_POINT('',(-32.8026524937872,32.1602738146459,26.0000003427267));
#6083=CARTESIAN_POINT('',(12.7893921706182,32.1602738146459,29.4147938336428));
#6084=CARTESIAN_POINT('',(1.24145696468358,32.1602738146459,19.9047295464025));
#6085=CARTESIAN_POINT('',(83.8329946369442,32.1602738146459,29.4147938336428));
#6086=CARTESIAN_POINT('',(83.8329946369442,32.1602738146459,29.4147938336428));
#6087=CARTESIAN_POINT('',(83.8329946369442,32.1602738146459,46.4147938336428));
#6088=CARTESIAN_POINT('',(83.8329946369442,32.1602738146459,44.4147938336428));
#6089=CARTESIAN_POINT('',(-15.3525446780778,32.1602738146459,46.4147938336428));
#6090=CARTESIAN_POINT('Origin',(-43.4143911164184,95.3535378507398,44.4147938336428));
#6091=CARTESIAN_POINT('',(-43.4143911164184,95.3535378507398,26.0000003427267));
#6092=CARTESIAN_POINT('',(-43.4143911164184,95.3535378507398,23.0147938336428));
#6093=CARTESIAN_POINT('',(-43.4143911164184,95.3535378507398,44.4147938336428));
#6094=CARTESIAN_POINT('',(-43.4143911164184,95.3535378507398,44.4147938336428));
#6095=CARTESIAN_POINT('',(-43.4143911164184,79.5000011920929,44.4147938336428));
#6096=CARTESIAN_POINT('',(-43.4143911164184,80.8052218417163,44.4147938336428));
#6097=CARTESIAN_POINT('',(-43.4143911164184,79.5000011920929,42.5010715821298));
#6098=CARTESIAN_POINT('',(-43.4143911164184,79.5000011920929,47.2073969168214));
#6099=CARTESIAN_POINT('',(-43.4143911164184,50.5000007599592,42.5010715821298));
#6100=CARTESIAN_POINT('',(-43.4143911164184,50.5000007599592,42.5010715821298));
#6101=CARTESIAN_POINT('',(-43.4143911164184,50.5000007599592,44.4147938336428));
#6102=CARTESIAN_POINT('',(-43.4143911164184,50.5000007599592,47.2073969168214));
#6103=CARTESIAN_POINT('',(-43.4143911164184,37.1602738146459,44.4147938336428));
#6104=CARTESIAN_POINT('',(-43.4143911164184,80.8052218417163,44.4147938336428));
#6105=CARTESIAN_POINT('',(-43.4143911164184,37.1602738146459,26.0000003427267));
#6106=CARTESIAN_POINT('',(-43.4143911164184,37.1602738146459,44.4147938336428));
#6107=CARTESIAN_POINT('',(-43.4143911164184,37.1602738146459,29.4147938336428));
#6108=CARTESIAN_POINT('Origin',(-48.4000007152557,95.3535378507398,29.4147938336428));
#6109=CARTESIAN_POINT('',(-48.2000007152557,95.3535378507398,26.0000003427267));
#6110=CARTESIAN_POINT('Origin',(11.0000001639128,87.000001296401,0.));
#6111=CARTESIAN_POINT('',(11.0000001639128,87.000001296401,44.4147938336428));
#6112=CARTESIAN_POINT('',(7.00000010430813,83.0000012367964,44.4147938336428));
#6113=CARTESIAN_POINT('',(7.49155169707327,83.4915528295615,44.4147938336428));
#6114=CARTESIAN_POINT('',(11.0000001639128,87.000001296401,49.4147938336428));
#6115=CARTESIAN_POINT('',(11.0000001639128,87.000001296401,0.));
#6116=CARTESIAN_POINT('',(7.00000010430813,83.0000012367964,49.4147938336428));
#6117=CARTESIAN_POINT('',(7.49155169707327,83.4915528295615,49.4147938336428));
#6118=CARTESIAN_POINT('',(7.00000010430813,83.0000012367964,0.));
#6119=CARTESIAN_POINT('Origin',(7.00000010430813,83.0000012367964,0.));
#6120=CARTESIAN_POINT('',(38.0000005662441,52.0000007748604,44.4147938336428));
#6121=CARTESIAN_POINT('',(13.8630993693227,76.1369019717818,44.4147938336428));
#6122=CARTESIAN_POINT('',(38.0000005662441,52.0000007748604,49.4147938336428));
#6123=CARTESIAN_POINT('',(13.8630993693227,76.1369019717818,49.4147938336428));
#6124=CARTESIAN_POINT('',(38.0000005662441,52.0000007748604,0.));
#6125=CARTESIAN_POINT('Origin',(38.0000005662441,52.0000007748604,0.));
#6126=CARTESIAN_POINT('',(42.0000006258488,56.000000834465,44.4147938336428));
#6127=CARTESIAN_POINT('',(36.4915521292069,50.4915523378232,44.4147938336428));
#6128=CARTESIAN_POINT('',(42.0000006258488,56.000000834465,49.4147938336428));
#6129=CARTESIAN_POINT('',(36.4915521292069,50.4915523378232,49.4147938336428));
#6130=CARTESIAN_POINT('',(42.0000006258488,56.000000834465,0.));
#6131=CARTESIAN_POINT('Origin',(42.0000006258488,56.000000834465,0.));
#6132=CARTESIAN_POINT('',(33.3630996598953,64.6369018004185,44.4147938336428));
#6133=CARTESIAN_POINT('',(33.3630996598953,64.6369018004185,49.4147938336428));
#6134=CARTESIAN_POINT('Origin',(0.,81.0000012069941,0.));
#6135=CARTESIAN_POINT('',(0.,81.0000012069941,44.4147938336428));
#6136=CARTESIAN_POINT('',(-4.00000005960464,77.0000011473894,44.4147938336428));
#6137=CARTESIAN_POINT('',(0.741551596490428,81.7415528034845,44.4147938336428));
#6138=CARTESIAN_POINT('',(0.,81.0000012069941,49.4147938336428));
#6139=CARTESIAN_POINT('',(0.,81.0000012069941,0.));
#6140=CARTESIAN_POINT('',(-4.00000005960464,77.0000011473894,49.4147938336428));
#6141=CARTESIAN_POINT('',(0.741551596490427,81.7415528034845,49.4147938336428));
#6142=CARTESIAN_POINT('',(-4.00000005960464,77.0000011473894,0.));
#6143=CARTESIAN_POINT('Origin',(-4.00000005960464,77.0000011473894,0.));
#6144=CARTESIAN_POINT('',(28.0000004172325,45.0000006705523,44.4147938336428));
#6145=CARTESIAN_POINT('',(4.11309922403638,68.8869018637484,44.4147938336428));
#6146=CARTESIAN_POINT('',(28.0000004172325,45.0000006705523,49.4147938336428));
#6147=CARTESIAN_POINT('',(4.11309922403638,68.8869018637484,49.4147938336428));
#6148=CARTESIAN_POINT('',(28.0000004172325,45.0000006705523,0.));
#6149=CARTESIAN_POINT('Origin',(28.0000004172325,45.0000006705523,0.));
#6150=CARTESIAN_POINT('',(32.0000004768372,49.0000007301569,44.4147938336428));
#6151=CARTESIAN_POINT('',(30.7415520435253,47.741552296845,44.4147938336428));
#6152=CARTESIAN_POINT('',(32.0000004768372,49.0000007301569,49.4147938336428));
#6153=CARTESIAN_POINT('',(30.7415520435253,47.741552296845,49.4147938336428));
#6154=CARTESIAN_POINT('',(32.0000004768372,49.0000007301569,0.));
#6155=CARTESIAN_POINT('Origin',(32.0000004768372,49.0000007301569,0.));
#6156=CARTESIAN_POINT('',(24.1130995220596,56.8869016849345,44.4147938336428));
#6157=CARTESIAN_POINT('',(24.1130995220596,56.8869016849345,49.4147938336428));
#6158=CARTESIAN_POINT('Origin',(-2.00000002980232,67.0000009983778,0.));
#6159=CARTESIAN_POINT('',(-2.00000002980232,67.0000009983778,44.4147938336428));
#6160=CARTESIAN_POINT('',(-4.00000005960464,65.0000009685755,44.4147938336428));
#6161=CARTESIAN_POINT('',(2.74155162629275,71.7415526544729,44.4147938336428));
#6162=CARTESIAN_POINT('',(-2.00000002980232,67.0000009983778,49.4147938336428));
#6163=CARTESIAN_POINT('',(-2.00000002980232,67.0000009983778,0.));
#6164=CARTESIAN_POINT('',(-4.00000005960464,65.0000009685755,49.4147938336428));
#6165=CARTESIAN_POINT('',(2.74155162629275,71.7415526544729,49.4147938336428));
#6166=CARTESIAN_POINT('',(-4.00000005960464,65.0000009685755,0.));
#6167=CARTESIAN_POINT('Origin',(-4.00000005960464,65.0000009685755,0.));
#6168=CARTESIAN_POINT('',(16.0000002384186,45.0000006705523,44.4147938336428));
#6169=CARTESIAN_POINT('',(1.1130991793329,59.8869017296379,44.4147938336428));
#6170=CARTESIAN_POINT('',(16.0000002384186,45.0000006705523,49.4147938336428));
#6171=CARTESIAN_POINT('',(1.1130991793329,59.8869017296379,49.4147938336428));
#6172=CARTESIAN_POINT('',(16.0000002384186,45.0000006705523,0.));
#6173=CARTESIAN_POINT('Origin',(16.0000002384186,45.0000006705523,0.));
#6174=CARTESIAN_POINT('',(18.0000002682209,47.0000007003546,44.4147938336428));
#6175=CARTESIAN_POINT('',(21.7415519094148,50.7415523415485,44.4147938336428));
#6176=CARTESIAN_POINT('',(18.0000002682209,47.0000007003546,49.4147938336428));
#6177=CARTESIAN_POINT('',(21.7415519094148,50.7415523415485,49.4147938336428));
#6178=CARTESIAN_POINT('',(18.0000002682209,47.0000007003546,0.));
#6179=CARTESIAN_POINT('Origin',(18.0000002682209,47.0000007003546,0.));
#6180=CARTESIAN_POINT('',(13.1130993581468,51.8869016104286,44.4147938336428));
#6181=CARTESIAN_POINT('',(13.1130993581468,51.8869016104286,49.4147938336428));
#6182=CARTESIAN_POINT('Origin',(40.0000005960464,66.0000009834766,0.));
#6183=CARTESIAN_POINT('',(40.0000005960464,66.0000009834766,44.4147938336428));
#6184=CARTESIAN_POINT('',(42.0000006258488,68.000001013279,44.4147938336428));
#6185=CARTESIAN_POINT('',(34.4915520994046,60.4915524868348,44.4147938336428));
#6186=CARTESIAN_POINT('',(40.0000005960464,66.0000009834766,49.4147938336428));
#6187=CARTESIAN_POINT('',(40.0000005960464,66.0000009834766,0.));
#6188=CARTESIAN_POINT('',(42.0000006258488,68.000001013279,49.4147938336428));
#6189=CARTESIAN_POINT('',(34.4915520994046,60.4915524868348,49.4147938336428));
#6190=CARTESIAN_POINT('',(42.0000006258488,68.000001013279,0.));
#6191=CARTESIAN_POINT('Origin',(42.0000006258488,68.000001013279,0.));
#6192=CARTESIAN_POINT('',(23.0000003427267,87.000001296401,44.4147938336428));
#6193=CARTESIAN_POINT('',(36.3630997045988,73.6369019345289,44.4147938336428));
#6194=CARTESIAN_POINT('',(23.0000003427267,87.000001296401,49.4147938336428));
#6195=CARTESIAN_POINT('',(36.3630997045988,73.6369019345289,49.4147938336428));
#6196=CARTESIAN_POINT('',(23.0000003427267,87.000001296401,0.));
#6197=CARTESIAN_POINT('Origin',(23.0000003427267,87.000001296401,0.));
#6198=CARTESIAN_POINT('',(21.0000003129244,85.0000012665987,44.4147938336428));
#6199=CARTESIAN_POINT('',(16.4915518311837,80.491552784858,44.4147938336428));
#6200=CARTESIAN_POINT('',(21.0000003129244,85.0000012665987,49.4147938336428));
#6201=CARTESIAN_POINT('',(16.4915518311837,80.491552784858,49.4147938336428));
#6202=CARTESIAN_POINT('',(21.0000003129244,85.0000012665987,0.));
#6203=CARTESIAN_POINT('Origin',(21.0000003129244,85.0000012665987,0.));
#6204=CARTESIAN_POINT('',(24.8630995332355,81.1369020462876,44.4147938336428));
#6205=CARTESIAN_POINT('',(24.8630995332355,81.1369020462876,49.4147938336428));
#6206=CARTESIAN_POINT('Origin',(30.5000004544854,84.5000012591481,0.));
#6207=CARTESIAN_POINT('',(30.5000004544854,84.5000012591481,44.4147938336428));
#6208=CARTESIAN_POINT('',(39.7500005923212,75.2500011213124,44.4147938336428));
#6209=CARTESIAN_POINT('',(31.8630996375436,83.1369020760899,44.4147938336428));
#6210=CARTESIAN_POINT('',(30.5000004544854,84.5000012591481,49.4147938336428));
#6211=CARTESIAN_POINT('',(30.5000004544854,84.5000012591481,0.));
#6212=CARTESIAN_POINT('',(39.7500005923212,75.2500011213124,49.4147938336428));
#6213=CARTESIAN_POINT('',(31.8630996375436,83.1369020760899,49.4147938336428));
#6214=CARTESIAN_POINT('',(39.7500005923212,75.2500011213124,0.));
#6215=CARTESIAN_POINT('Origin',(39.7500005923212,75.2500011213124,0.));
#6216=CARTESIAN_POINT('',(42.0000006258488,77.50000115484,44.4147938336428));
#6217=CARTESIAN_POINT('',(31.9915520621517,67.4915525911429,44.4147938336428));
#6218=CARTESIAN_POINT('',(42.0000006258488,77.50000115484,49.4147938336428));
#6219=CARTESIAN_POINT('',(31.9915520621517,67.4915525911429,49.4147938336428));
#6220=CARTESIAN_POINT('',(42.0000006258488,77.50000115484,0.));
#6221=CARTESIAN_POINT('Origin',(42.0000006258488,77.50000115484,0.));
#6222=CARTESIAN_POINT('',(42.0000006258488,78.0000011622906,44.4147938336428));
#6223=CARTESIAN_POINT('',(42.0000006258488,71.8784534937664,44.4147938336428));
#6224=CARTESIAN_POINT('',(42.0000006258488,78.0000011622906,49.4147938336428));
#6225=CARTESIAN_POINT('',(42.0000006258488,71.8784534937664,49.4147938336428));
#6226=CARTESIAN_POINT('',(42.0000006258488,78.0000011622906,0.));
#6227=CARTESIAN_POINT('Origin',(33.0000004917383,87.000001296401,0.));
#6228=CARTESIAN_POINT('',(33.0000004917383,87.000001296401,44.4147938336428));
#6229=CARTESIAN_POINT('',(23.9915519429424,77.9915527476051,44.4147938336428));
#6230=CARTESIAN_POINT('',(33.0000004917383,87.000001296401,49.4147938336428));
#6231=CARTESIAN_POINT('',(33.0000004917383,87.000001296401,0.));
#6232=CARTESIAN_POINT('',(23.9915519429424,77.9915527476051,49.4147938336428));
#6233=CARTESIAN_POINT('Origin',(42.0000006258488,78.0000011622906,0.));
#6234=CARTESIAN_POINT('',(38.8630997418517,81.1369020462876,44.4147938336428));
#6235=CARTESIAN_POINT('',(38.8630997418517,81.1369020462876,49.4147938336428));
#6236=CARTESIAN_POINT('Origin',(6.00000008940697,45.0000006705523,0.));
#6237=CARTESIAN_POINT('',(6.00000008940697,45.0000006705523,44.4147938336428));
#6238=CARTESIAN_POINT('',(8.00000011920929,47.0000007003546,44.4147938336428));
#6239=CARTESIAN_POINT('',(14.2415517976561,53.2415523788014,44.4147938336428));
#6240=CARTESIAN_POINT('',(6.00000008940697,45.0000006705523,49.4147938336428));
#6241=CARTESIAN_POINT('',(6.00000008940697,45.0000006705523,0.));
#6242=CARTESIAN_POINT('',(8.00000011920929,47.0000007003546,49.4147938336428));
#6243=CARTESIAN_POINT('',(14.2415517976561,53.2415523788014,49.4147938336428));
#6244=CARTESIAN_POINT('',(8.00000011920929,47.0000007003546,0.));
#6245=CARTESIAN_POINT('Origin',(8.00000011920929,47.0000007003546,0.));
#6246=CARTESIAN_POINT('',(-2.00000002980232,57.0000008493662,44.4147938336428));
#6247=CARTESIAN_POINT('',(5.61309924638812,49.3869015731757,44.4147938336428));
#6248=CARTESIAN_POINT('',(-2.00000002980232,57.0000008493662,49.4147938336428));
#6249=CARTESIAN_POINT('',(5.61309924638812,49.3869015731757,49.4147938336428));
#6250=CARTESIAN_POINT('',(-2.00000002980232,57.0000008493662,0.));
#6251=CARTESIAN_POINT('Origin',(-2.00000002980232,57.0000008493662,0.));
#6252=CARTESIAN_POINT('',(-4.00000005960464,55.0000008195639,44.4147938336428));
#6253=CARTESIAN_POINT('',(5.24155166354566,64.2415525427142,44.4147938336428));
#6254=CARTESIAN_POINT('',(-4.00000005960464,55.0000008195639,49.4147938336428));
#6255=CARTESIAN_POINT('',(5.24155166354565,64.2415525427142,49.4147938336428));
#6256=CARTESIAN_POINT('',(-4.00000005960464,55.0000008195639,0.));
#6257=CARTESIAN_POINT('Origin',(-4.00000005960464,55.0000008195639,0.));
#6258=CARTESIAN_POINT('',(-1.38690085792001,52.3869016178792,44.4147938336428));
#6259=CARTESIAN_POINT('',(-1.38690085792,52.3869016178792,49.4147938336428));
#6260=CARTESIAN_POINT('Origin',(-48.4143911164184,50.5000007599592,42.5010715821298));
#6261=CARTESIAN_POINT('',(-38.2071957668255,79.5000011920929,42.5010715821298));
#6262=CARTESIAN_POINT('',(-51.7071959679911,50.5000007599592,42.5010715821298));
#6263=CARTESIAN_POINT('Origin',(-28.0000004172325,79.5000011920929,50.));
#6264=CARTESIAN_POINT('',(-28.0000004172325,79.5000011920929,44.4147938336428));
#6265=CARTESIAN_POINT('',(-5.1453493284848,79.5000011920929,44.4147938336428));
#6266=CARTESIAN_POINT('',(-28.0000004172325,79.5000011920929,49.4147938336428));
#6267=CARTESIAN_POINT('',(-28.0000004172325,79.5000011920929,50.));
#6268=CARTESIAN_POINT('',(-45.4143911164184,79.5000011920929,49.4147938336428));
#6269=CARTESIAN_POINT('',(-5.1453493284848,79.5000011920929,49.4147938336428));
#6270=CARTESIAN_POINT('',(-41.6644919000326,79.5000011920929,53.1646930500286));
#6271=CARTESIAN_POINT('Origin',(-43.4143911164184,37.1602738146459,29.4147938336428));
#6272=CARTESIAN_POINT('',(-48.0000007152557,37.1602738146459,26.0000003427267));
#6273=CARTESIAN_POINT('',(-32.8026524937872,37.1602738146459,26.0000003427267));
#6274=CARTESIAN_POINT('',(-48.0000007152557,37.1602738146459,29.4147938336428));
#6275=CARTESIAN_POINT('Origin',(-48.0000007152557,37.1602738146459,29.4147938336428));
#6276=CARTESIAN_POINT('',(-48.0000007152557,37.1602738146459,26.0000003427267));
#6277=CARTESIAN_POINT('Origin',(8.64285721736295,37.1602738146459,26.0000003427267));
#6278=CARTESIAN_POINT('',(8.64285721736295,37.1602738146459,26.0000003427267));
#6279=CARTESIAN_POINT('',(12.7893921706182,37.1602738146459,29.4147938336428));
#6280=CARTESIAN_POINT('',(1.24145696468358,37.1602738146459,19.9047295464025));
#6281=CARTESIAN_POINT('',(12.7893921706183,51.7085898236694,29.4147938336428));
#6282=CARTESIAN_POINT('',(8.64285721736295,37.1602738146459,26.0000003427267));
#6283=CARTESIAN_POINT('Origin',(-48.0000007152557,37.1602738146459,26.0000003427267));
#6284=CARTESIAN_POINT('',(-32.8026524937872,37.1602738146459,26.0000003427267));
#6285=CARTESIAN_POINT('Origin',(17.7093017602629,66.2569058326929,29.4147938336428));
#6286=CARTESIAN_POINT('',(78.8329946369442,37.1602738146459,29.4147938336428));
#6287=CARTESIAN_POINT('',(78.8329946369442,37.1602738146459,29.4147938336428));
#6288=CARTESIAN_POINT('',(78.8329946369442,50.6261179843463,29.4147938336428));
#6289=CARTESIAN_POINT('',(78.8329946369442,95.3535378507398,29.4147938336428));
#6290=CARTESIAN_POINT('',(80.8329946369442,50.6261179843463,29.4147938336428));
#6291=CARTESIAN_POINT('',(50.7711481986036,50.6261179843463,29.4147938336428));
#6292=CARTESIAN_POINT('',(83.8329946369442,47.6261179843463,29.4147938336428));
#6293=CARTESIAN_POINT('',(61.8943744556872,69.5647381656032,29.4147938336428));
#6294=CARTESIAN_POINT('',(83.8329946369442,100.35353785074,29.4147938336428));
#6295=CARTESIAN_POINT('Origin',(-48.0000007152557,100.35353785074,26.0000003427267));
#6296=CARTESIAN_POINT('',(8.64285721736295,95.3535378507398,26.0000003427267));
#6297=CARTESIAN_POINT('',(8.64285721736295,100.35353785074,26.0000003427267));
#6298=CARTESIAN_POINT('',(15.4164969608442,95.3535378507398,26.0000003427267));
#6299=CARTESIAN_POINT('Origin',(8.64285721736295,100.35353785074,26.0000003427267));
#6300=CARTESIAN_POINT('',(12.7893921706182,95.3535378507398,29.4147938336428));
#6301=CARTESIAN_POINT('',(12.7893921706183,83.3052218417163,29.4147938336428));
#6302=CARTESIAN_POINT('',(22.0000003278255,95.3535378507398,37.000000551343));
#6303=CARTESIAN_POINT('Origin',(17.7093017602629,66.2569058326929,29.4147938336428));
#6304=CARTESIAN_POINT('',(83.8329946369442,83.2752469464641,29.4147938336428));
#6305=CARTESIAN_POINT('',(83.8329946369442,100.35353785074,29.4147938336428));
#6306=CARTESIAN_POINT('',(80.8329946369442,80.2752469464641,29.4147938336428));
#6307=CARTESIAN_POINT('',(62.297486139331,61.739738448851,29.4147938336428));
#6308=CARTESIAN_POINT('',(78.8329946369442,80.2752469464641,29.4147938336428));
#6309=CARTESIAN_POINT('',(50.7711481986036,80.2752469464641,29.4147938336428));
#6310=CARTESIAN_POINT('',(78.8329946369442,95.3535378507398,29.4147938336428));
#6311=CARTESIAN_POINT('',(78.8329946369442,95.3535378507398,29.4147938336428));
#6312=CARTESIAN_POINT('',(-43.4143911164184,95.3535378507398,29.4147938336428));
#6313=CARTESIAN_POINT('Origin',(-46.9143911164184,83.3052218417163,47.9147938336428));
#6314=CARTESIAN_POINT('',(-45.4143911164184,97.3535378507398,49.4147938336428));
#6315=CARTESIAN_POINT('',(-45.4143911164184,83.3052218417163,49.4147938336428));
#6316=CARTESIAN_POINT('',(-45.4143911164184,97.3535378507398,49.4147938336428));
#6317=CARTESIAN_POINT('Origin',(50.7711481986036,98.8535378507398,47.9147938336428));
#6318=CARTESIAN_POINT('',(80.8329946369442,97.3535378507398,49.4147938336428));
#6319=CARTESIAN_POINT('',(50.7711481986036,97.3535378507398,49.4147938336428));
#6320=CARTESIAN_POINT('',(80.8329946369442,97.3535378507398,49.4147938336428));
#6321=CARTESIAN_POINT('Origin',(82.3329946369442,49.2085898236694,47.9147938336428));
#6322=CARTESIAN_POINT('',(83.8329946369442,83.2752469464641,46.4147938336428));
#6323=CARTESIAN_POINT('',(83.8329946369442,49.2085898236694,46.4147938336428));
#6324=CARTESIAN_POINT('',(80.8329946369442,80.2752469464641,49.4147938336428));
#6325=CARTESIAN_POINT('',(80.8329946369442,49.2085898236694,49.4147938336428));
#6326=CARTESIAN_POINT('',(80.8329946369442,80.2752469464641,49.4147938336428));
#6327=CARTESIAN_POINT('Origin',(82.3329946369442,81.7752469464641,46.9147938336428));
#6328=CARTESIAN_POINT('',(80.8329946369442,80.2752469464641,46.9147938336428));
#6329=CARTESIAN_POINT('',(83.8329946369442,83.2752469464641,46.9147938336428));
#6330=CARTESIAN_POINT('Origin',(83.8329946369442,32.1602738146459,44.4147938336428));
#6331=CARTESIAN_POINT('Origin',(82.3329946369442,49.1261179843463,34.7204068856793));
#6332=CARTESIAN_POINT('',(83.8329946369442,47.6261179843463,46.4147938336428));
#6333=CARTESIAN_POINT('',(83.8329946369442,47.6261179843463,34.7204068856793));
#6334=CARTESIAN_POINT('',(80.8329946369442,50.6261179843463,49.4147938336428));
#6335=CARTESIAN_POINT('',(80.8329946369442,50.6261179843463,34.7204068856793));
#6336=CARTESIAN_POINT('',(80.8329946369442,50.6261179843463,49.4147938336428));
#6337=CARTESIAN_POINT('Origin',(82.3329946369442,49.2085898236694,47.9147938336428));
#6338=CARTESIAN_POINT('',(80.8329946369442,35.1602738146459,49.4147938336428));
#6339=CARTESIAN_POINT('',(80.8329946369442,49.2085898236694,49.4147938336428));
#6340=CARTESIAN_POINT('',(80.8329946369442,35.1602738146459,49.4147938336428));
#6341=CARTESIAN_POINT('',(83.8329946369442,49.2085898236694,46.4147938336428));
#6342=CARTESIAN_POINT('Origin',(-15.3525446780778,33.6602738146459,47.9147938336428));
#6343=CARTESIAN_POINT('',(-45.4143911164184,35.1602738146459,49.4147938336428));
#6344=CARTESIAN_POINT('',(-15.3525446780778,35.1602738146459,49.4147938336428));
#6345=CARTESIAN_POINT('',(-45.4143911164184,35.1602738146459,49.4147938336428));
#6346=CARTESIAN_POINT('Origin',(-46.9143911164184,83.3052218417163,47.9147938336428));
#6347=CARTESIAN_POINT('',(-45.4143911164184,50.5000007599592,49.4147938336428));
#6348=CARTESIAN_POINT('',(-45.4143911164184,83.3052218417163,49.4147938336428));
#6349=CARTESIAN_POINT('',(-48.4144920006155,50.5000007599592,46.4146929494458));
#6350=CARTESIAN_POINT('Origin',(83.8329946369442,32.1602738146459,44.4147938336428));
#6351=CARTESIAN_POINT('Origin',(-55.0000008195639,50.5000007599592,50.));
#6352=CARTESIAN_POINT('',(-28.0000004172325,50.5000007599592,49.4147938336428));
#6353=CARTESIAN_POINT('',(-18.6453495296505,50.5000007599592,49.4147938336428));
#6354=CARTESIAN_POINT('',(-28.0000004172325,50.5000007599592,44.4147938336428));
#6355=CARTESIAN_POINT('',(-28.0000004172325,50.5000007599592,50.));
#6356=CARTESIAN_POINT('',(-18.6453495296505,50.5000007599592,44.4147938336428));
#6357=CARTESIAN_POINT('Origin',(-28.0000004172325,50.5000007599592,50.));
#6358=CARTESIAN_POINT('',(-28.0000004172325,58.378453296326,49.4147938336428));
#6359=CARTESIAN_POINT('',(-28.0000004172325,58.378453296326,44.4147938336428));
#6360=CARTESIAN_POINT('Origin',(17.7093017602629,66.2569058326929,44.4147938336428));
#6361=CARTESIAN_POINT('',(78.8329946369442,95.3535378507398,44.4147938336428));
#6362=CARTESIAN_POINT('',(48.2711481986036,95.3535378507398,44.4147938336428));
#6363=CARTESIAN_POINT('',(78.8329946369442,80.2752469464641,44.4147938336428));
#6364=CARTESIAN_POINT('',(78.8329946369442,51.7085898236694,44.4147938336428));
#6365=CARTESIAN_POINT('',(53.8329946369442,80.2752469464641,44.4147938336428));
#6366=CARTESIAN_POINT('',(50.7711481986036,80.2752469464641,44.4147938336428));
#6367=CARTESIAN_POINT('',(53.8329946369442,50.6261179843463,44.4147938336428));
#6368=CARTESIAN_POINT('',(53.8329946369442,65.853794149049,44.4147938336428));
#6369=CARTESIAN_POINT('',(78.8329946369442,50.6261179843463,44.4147938336428));
#6370=CARTESIAN_POINT('',(50.7711481986036,50.6261179843463,44.4147938336428));
#6371=CARTESIAN_POINT('',(78.8329946369442,37.1602738146459,44.4147938336428));
#6372=CARTESIAN_POINT('',(78.8329946369442,51.7085898236694,44.4147938336428));
#6373=CARTESIAN_POINT('',(-12.8525446780778,37.1602738146459,44.4147938336428));
#6374=CARTESIAN_POINT('Origin',(83.8329946369442,50.6261179843463,25.0260199377157));
#6375=CARTESIAN_POINT('',(78.8329946369442,50.6261179843463,34.7204068856793));
#6376=CARTESIAN_POINT('',(53.8329946369442,50.6261179843463,49.4147938336428));
#6377=CARTESIAN_POINT('',(53.8329946369442,50.6261179843463,25.0260199377157));
#6378=CARTESIAN_POINT('',(50.7711481986036,50.6261179843463,49.4147938336428));
#6379=CARTESIAN_POINT('Origin',(83.8329946369442,80.2752469464641,49.4147938336428));
#6380=CARTESIAN_POINT('',(53.8329946369442,80.2752469464641,49.4147938336428));
#6381=CARTESIAN_POINT('',(50.7711481986036,80.2752469464641,49.4147938336428));
#6382=CARTESIAN_POINT('',(53.8329946369442,80.2752469464641,50.8937912848819));
#6383=CARTESIAN_POINT('',(78.8329946369442,80.2752469464641,46.9147938336428));
#6384=CARTESIAN_POINT('Origin',(53.8329946369442,65.4506824654052,37.2204068856793));
#6385=CARTESIAN_POINT('',(53.8329946369442,65.853794149049,49.4147938336428));
#6386=CARTESIAN_POINT('Origin',(17.7093017602629,66.2569058326929,49.4147938336428));
#6387=CARTESIAN_POINT('Origin',(78.8329946369442,37.1602738146459,44.4147938336428));
#6388=CARTESIAN_POINT('',(78.8329946369442,95.3535378507398,44.4147938336428));
#6389=CARTESIAN_POINT('Origin',(78.8329946369442,37.1602738146459,44.4147938336428));
#6390=CARTESIAN_POINT('',(78.8329946369442,37.1602738146459,44.4147938336428));
#6391=CARTESIAN_POINT('Origin',(78.8329946369442,95.3535378507398,44.4147938336428));
#6392=CARTESIAN_POINT('Origin',(-43.4143911164184,37.1602738146459,44.4147938336428));
#6393=CARTESIAN_POINT('',(0.,0.,0.));
#6394=CARTESIAN_POINT('Origin',(12.5613995922531,68.2775627527315,-5.));
#6395=CARTESIAN_POINT('',(12.5613995922531,68.2775627527315,-5.));
#6396=CARTESIAN_POINT('',(12.5613995922531,69.4576441202241,-5.));
#6397=CARTESIAN_POINT('',(12.5613995922531,67.2722556666979,-5.));
#6398=CARTESIAN_POINT('',(12.5613995922531,68.2775627527315,-4.));
#6399=CARTESIAN_POINT('',(12.5613995922531,68.2775627527315,-5.));
#6400=CARTESIAN_POINT('',(12.5613995922531,69.4576441202241,-4.));
#6401=CARTESIAN_POINT('',(12.5613995922531,68.2775627527315,-4.));
#6402=CARTESIAN_POINT('',(12.5613995922531,69.4576441202241,-5.));
#6403=CARTESIAN_POINT('Origin',(6.42224515804903,68.2775627527315,-5.));
#6404=CARTESIAN_POINT('',(6.42224515804903,68.2775627527315,-5.));
#6405=CARTESIAN_POINT('',(12.1547596610163,68.2775627527315,-5.));
#6406=CARTESIAN_POINT('',(6.42224515804903,68.2775627527315,-4.));
#6407=CARTESIAN_POINT('',(6.42224515804903,68.2775627527315,-5.));
#6408=CARTESIAN_POINT('',(6.42224515804903,68.2775627527315,-4.));
#6409=CARTESIAN_POINT('Origin',(6.42224515804903,64.8737423572618,-5.));
#6410=CARTESIAN_POINT('',(6.42224515804903,64.8737423572618,-5.));
#6411=CARTESIAN_POINT('',(6.42224515804903,65.5703454689631,-5.));
#6412=CARTESIAN_POINT('',(6.42224515804903,64.8737423572618,-4.));
#6413=CARTESIAN_POINT('',(6.42224515804903,64.8737423572618,-5.));
#6414=CARTESIAN_POINT('',(6.42224515804903,64.8737423572618,-4.));
#6415=CARTESIAN_POINT('Origin',(11.9543048275437,64.8737423572618,-5.));
#6416=CARTESIAN_POINT('',(11.9543048275437,64.8737423572618,-5.));
#6417=CARTESIAN_POINT('',(14.9207894957636,64.8737423572618,-5.));
#6418=CARTESIAN_POINT('',(11.9543048275437,64.8737423572618,-4.));
#6419=CARTESIAN_POINT('',(11.9543048275437,64.8737423572618,-5.));
#6420=CARTESIAN_POINT('',(11.9543048275437,64.8737423572618,-4.));
#6421=CARTESIAN_POINT('Origin',(11.9543048275437,63.7004815492708,-5.));
#6422=CARTESIAN_POINT('',(11.9543048275437,63.7004815492708,-5.));
#6423=CARTESIAN_POINT('',(11.9543048275437,64.9837150649675,-5.));
#6424=CARTESIAN_POINT('',(11.9543048275437,63.7004815492708,-4.));
#6425=CARTESIAN_POINT('',(11.9543048275437,63.7004815492708,-5.));
#6426=CARTESIAN_POINT('',(11.9543048275437,63.7004815492708,-4.));
#6427=CARTESIAN_POINT('Origin',(6.42224515804903,63.7004815492708,-5.));
#6428=CARTESIAN_POINT('',(6.42224515804903,63.7004815492708,-5.));
#6429=CARTESIAN_POINT('',(12.1547596610163,63.7004815492708,-5.));
#6430=CARTESIAN_POINT('',(6.42224515804903,63.7004815492708,-4.));
#6431=CARTESIAN_POINT('',(6.42224515804903,63.7004815492708,-5.));
#6432=CARTESIAN_POINT('',(6.42224515804903,63.7004815492708,-4.));
#6433=CARTESIAN_POINT('Origin',(6.42224515804903,60.6377260837633,-5.));
#6434=CARTESIAN_POINT('',(6.42224515804903,60.6377260837633,-5.));
#6435=CARTESIAN_POINT('',(6.42224515804903,63.4523373322138,-5.));
#6436=CARTESIAN_POINT('',(6.42224515804903,60.6377260837633,-4.));
#6437=CARTESIAN_POINT('',(6.42224515804903,60.6377260837633,-5.));
#6438=CARTESIAN_POINT('',(6.42224515804903,60.6377260837633,-4.));
#6439=CARTESIAN_POINT('Origin',(12.3294755352463,60.6377260837633,-5.));
#6440=CARTESIAN_POINT('',(12.3294755352463,60.6377260837633,-5.));
#6441=CARTESIAN_POINT('',(15.108374849615,60.6377260837633,-5.));
#6442=CARTESIAN_POINT('',(12.3294755352463,60.6377260837633,-4.));
#6443=CARTESIAN_POINT('',(12.3294755352463,60.6377260837633,-5.));
#6444=CARTESIAN_POINT('',(12.3294755352463,60.6377260837633,-4.));
#6445=CARTESIAN_POINT('Origin',(12.3294755352463,59.4576441202241,-5.));
#6446=CARTESIAN_POINT('',(12.3294755352463,59.4576441202241,-5.));
#6447=CARTESIAN_POINT('',(12.3294755352463,62.8622963504442,-5.));
#6448=CARTESIAN_POINT('',(12.3294755352463,59.4576441202241,-4.));
#6449=CARTESIAN_POINT('',(12.3294755352463,59.4576441202241,-5.));
#6450=CARTESIAN_POINT('',(12.3294755352463,59.4576441202241,-4.));
#6451=CARTESIAN_POINT('Origin',(5.09891594776766,59.4576441202241,-5.));
#6452=CARTESIAN_POINT('',(5.09891594776766,59.4576441202241,-5.));
#6453=CARTESIAN_POINT('',(11.4930950558756,59.4576441202241,-5.));
#6454=CARTESIAN_POINT('',(5.09891594776766,59.4576441202241,-4.));
#6455=CARTESIAN_POINT('',(5.09891594776766,59.4576441202241,-5.));
#6456=CARTESIAN_POINT('',(5.09891594776766,59.4576441202241,-4.));
#6457=CARTESIAN_POINT('Origin',(5.09891594776766,69.4576441202241,-5.));
#6458=CARTESIAN_POINT('',(5.09891594776766,69.4576441202241,-5.));
#6459=CARTESIAN_POINT('',(5.09891594776766,67.8622963504442,-5.));
#6460=CARTESIAN_POINT('',(5.09891594776766,69.4576441202241,-4.));
#6461=CARTESIAN_POINT('',(5.09891594776766,69.4576441202241,-5.));
#6462=CARTESIAN_POINT('',(5.09891594776766,69.4576441202241,-4.));
#6463=CARTESIAN_POINT('Origin',(12.5613995922531,69.4576441202241,-5.));
#6464=CARTESIAN_POINT('',(15.2243368781184,69.4576441202241,-5.));
#6465=CARTESIAN_POINT('',(12.5613995922531,69.4576441202241,-4.));
#6466=CARTESIAN_POINT('Origin',(15.300142532381,64.4542341384965,-4.));
#6467=CARTESIAN_POINT('Ctrl Pts',(18.7824078930344,60.4194455299455,-5.));
#6468=CARTESIAN_POINT('Ctrl Pts',(18.7824078930344,60.4194455299455,-4.));
#6469=CARTESIAN_POINT('Ctrl Pts',(18.3305580103112,60.4594704702103,-5.));
#6470=CARTESIAN_POINT('Ctrl Pts',(18.3305580103112,60.4594704702103,-4.));
#6471=CARTESIAN_POINT('Ctrl Pts',(17.4279347445747,60.5394249942107,-5.));
#6472=CARTESIAN_POINT('Ctrl Pts',(17.4279347445747,60.5394249942107,-4.));
#6473=CARTESIAN_POINT('Ctrl Pts',(16.7185389940913,61.1031370464935,-5.));
#6474=CARTESIAN_POINT('Ctrl Pts',(16.7185389940913,61.1031370464935,-4.));
#6475=CARTESIAN_POINT('Ctrl Pts',(16.3642641437973,61.3846569213945,-5.));
#6476=CARTESIAN_POINT('Ctrl Pts',(16.3642641437973,61.3846569213945,-4.));
#6477=CARTESIAN_POINT('',(18.7824078930344,60.4194455299455,-5.));
#6478=CARTESIAN_POINT('',(16.3642641437973,61.3846569213945,-5.));
#6479=CARTESIAN_POINT('Ctrl Pts',(18.7824078930344,60.4194455299455,-5.));
#6480=CARTESIAN_POINT('Ctrl Pts',(18.3305580103112,60.4594704702103,-5.));
#6481=CARTESIAN_POINT('Ctrl Pts',(17.4279347445747,60.5394249942107,-5.));
#6482=CARTESIAN_POINT('Ctrl Pts',(16.7185389940913,61.1031370464935,-5.));
#6483=CARTESIAN_POINT('Ctrl Pts',(16.3642641437973,61.3846569213945,-5.));
#6484=CARTESIAN_POINT('',(18.7824078930344,60.4194455299455,-4.));
#6485=CARTESIAN_POINT('',(18.7824078930344,60.4194455299455,-5.));
#6486=CARTESIAN_POINT('',(16.3642641437973,61.3846569213945,-4.));
#6487=CARTESIAN_POINT('Ctrl Pts',(18.7824078930344,60.4194455299455,-4.));
#6488=CARTESIAN_POINT('Ctrl Pts',(18.3305580103112,60.4594704702103,-4.));
#6489=CARTESIAN_POINT('Ctrl Pts',(17.4279347445747,60.5394249942107,-4.));
#6490=CARTESIAN_POINT('Ctrl Pts',(16.7185389940913,61.1031370464935,-4.));
#6491=CARTESIAN_POINT('Ctrl Pts',(16.3642641437973,61.3846569213945,-4.));
#6492=CARTESIAN_POINT('',(16.3642641437973,61.3846569213945,-5.));
#6493=CARTESIAN_POINT('Ctrl Pts',(20.5661746395554,60.9208094034273,-5.));
#6494=CARTESIAN_POINT('Ctrl Pts',(20.5661746395554,60.9208094034273,-4.));
#6495=CARTESIAN_POINT('Ctrl Pts',(20.2909945204327,60.7745858362939,-5.));
#6496=CARTESIAN_POINT('Ctrl Pts',(20.2909945204327,60.7745858362939,-4.));
#6497=CARTESIAN_POINT('Ctrl Pts',(19.7330398541998,60.4781032202698,-5.));
#6498=CARTESIAN_POINT('Ctrl Pts',(19.7330398541998,60.4781032202698,-4.));
#6499=CARTESIAN_POINT('Ctrl Pts',(19.102147611865,60.4391747145067,-5.));
#6500=CARTESIAN_POINT('Ctrl Pts',(19.102147611865,60.4391747145067,-4.));
#6501=CARTESIAN_POINT('Ctrl Pts',(18.7824078930344,60.4194455299455,-5.));
#6502=CARTESIAN_POINT('Ctrl Pts',(18.7824078930344,60.4194455299455,-4.));
#6503=CARTESIAN_POINT('',(20.5661746395554,60.9208094034273,-5.));
#6504=CARTESIAN_POINT('Ctrl Pts',(20.5661746395554,60.9208094034273,-5.));
#6505=CARTESIAN_POINT('Ctrl Pts',(20.2909945204327,60.7745858362939,-5.));
#6506=CARTESIAN_POINT('Ctrl Pts',(19.7330398541998,60.4781032202698,-5.));
#6507=CARTESIAN_POINT('Ctrl Pts',(19.102147611865,60.4391747145067,-5.));
#6508=CARTESIAN_POINT('Ctrl Pts',(18.7824078930344,60.4194455299455,-5.));
#6509=CARTESIAN_POINT('',(20.5661746395554,60.9208094034273,-4.));
#6510=CARTESIAN_POINT('',(20.5661746395554,60.9208094034273,-5.));
#6511=CARTESIAN_POINT('Ctrl Pts',(20.5661746395554,60.9208094034273,-4.));
#6512=CARTESIAN_POINT('Ctrl Pts',(20.2909945204327,60.7745858362939,-4.));
#6513=CARTESIAN_POINT('Ctrl Pts',(19.7330398541998,60.4781032202698,-4.));
#6514=CARTESIAN_POINT('Ctrl Pts',(19.102147611865,60.4391747145067,-4.));
#6515=CARTESIAN_POINT('Ctrl Pts',(18.7824078930344,60.4194455299455,-4.));
#6516=CARTESIAN_POINT('Ctrl Pts',(21.7735406292404,62.3328148279268,-5.));
#6517=CARTESIAN_POINT('Ctrl Pts',(21.7735406292404,62.3328148279268,-4.));
#6518=CARTESIAN_POINT('Ctrl Pts',(21.6223169146962,62.0477585662597,-5.));
#6519=CARTESIAN_POINT('Ctrl Pts',(21.6223169146962,62.0477585662597,-4.));
#6520=CARTESIAN_POINT('Ctrl Pts',(21.3247888409354,61.4869190133968,-5.));
#6521=CARTESIAN_POINT('Ctrl Pts',(21.3247888409354,61.4869190133968,-4.));
#6522=CARTESIAN_POINT('Ctrl Pts',(20.8162432609063,61.1074210558865,-5.));
#6523=CARTESIAN_POINT('Ctrl Pts',(20.8162432609063,61.1074210558865,-4.));
#6524=CARTESIAN_POINT('Ctrl Pts',(20.5661746395554,60.9208094034273,-5.));
#6525=CARTESIAN_POINT('Ctrl Pts',(20.5661746395554,60.9208094034273,-4.));
#6526=CARTESIAN_POINT('',(21.7735406292404,62.3328148279268,-5.));
#6527=CARTESIAN_POINT('Ctrl Pts',(21.7735406292404,62.3328148279268,-5.));
#6528=CARTESIAN_POINT('Ctrl Pts',(21.6223169146962,62.0477585662597,-5.));
#6529=CARTESIAN_POINT('Ctrl Pts',(21.3247888409354,61.4869190133968,-5.));
#6530=CARTESIAN_POINT('Ctrl Pts',(20.8162432609063,61.1074210558865,-5.));
#6531=CARTESIAN_POINT('Ctrl Pts',(20.5661746395554,60.9208094034273,-5.));
#6532=CARTESIAN_POINT('',(21.7735406292404,62.3328148279268,-4.));
#6533=CARTESIAN_POINT('',(21.7735406292404,62.3328148279268,-5.));
#6534=CARTESIAN_POINT('Ctrl Pts',(21.7735406292404,62.3328148279268,-4.));
#6535=CARTESIAN_POINT('Ctrl Pts',(21.6223169146962,62.0477585662597,-4.));
#6536=CARTESIAN_POINT('Ctrl Pts',(21.3247888409354,61.4869190133968,-4.));
#6537=CARTESIAN_POINT('Ctrl Pts',(20.8162432609063,61.1074210558865,-4.));
#6538=CARTESIAN_POINT('Ctrl Pts',(20.5661746395554,60.9208094034273,-4.));
#6539=CARTESIAN_POINT('Ctrl Pts',(22.1862288845505,64.4644664678651,-5.));
#6540=CARTESIAN_POINT('Ctrl Pts',(22.1862288845505,64.4644664678651,-4.));
#6541=CARTESIAN_POINT('Ctrl Pts',(22.1728662304821,64.0791354134072,-5.));
#6542=CARTESIAN_POINT('Ctrl Pts',(22.1728662304821,64.0791354134072,-4.));
#6543=CARTESIAN_POINT('Ctrl Pts',(22.1474502672885,63.3462301202395,-5.));
#6544=CARTESIAN_POINT('Ctrl Pts',(22.1474502672885,63.3462301202395,-4.));
#6545=CARTESIAN_POINT('Ctrl Pts',(21.8938218136188,62.6588154955288,-5.));
#6546=CARTESIAN_POINT('Ctrl Pts',(21.8938218136188,62.6588154955288,-4.));
#6547=CARTESIAN_POINT('Ctrl Pts',(21.7735406292404,62.3328148279268,-5.));
#6548=CARTESIAN_POINT('Ctrl Pts',(21.7735406292404,62.3328148279268,-4.));
#6549=CARTESIAN_POINT('',(22.1862288845505,64.4644664678651,-5.));
#6550=CARTESIAN_POINT('Ctrl Pts',(22.1862288845505,64.4644664678651,-5.));
#6551=CARTESIAN_POINT('Ctrl Pts',(22.1728662304821,64.0791354134072,-5.));
#6552=CARTESIAN_POINT('Ctrl Pts',(22.1474502672885,63.3462301202395,-5.));
#6553=CARTESIAN_POINT('Ctrl Pts',(21.8938218136188,62.6588154955288,-5.));
#6554=CARTESIAN_POINT('Ctrl Pts',(21.7735406292404,62.3328148279268,-5.));
#6555=CARTESIAN_POINT('',(22.1862288845505,64.4644664678651,-4.));
#6556=CARTESIAN_POINT('',(22.1862288845505,64.4644664678651,-5.));
#6557=CARTESIAN_POINT('Ctrl Pts',(22.1862288845505,64.4644664678651,-4.));
#6558=CARTESIAN_POINT('Ctrl Pts',(22.1728662304821,64.0791354134072,-4.));
#6559=CARTESIAN_POINT('Ctrl Pts',(22.1474502672885,63.3462301202395,-4.));
#6560=CARTESIAN_POINT('Ctrl Pts',(21.8938218136188,62.6588154955288,-4.));
#6561=CARTESIAN_POINT('Ctrl Pts',(21.7735406292404,62.3328148279268,-4.));
#6562=CARTESIAN_POINT('Ctrl Pts',(21.2210174931015,67.4453662786562,-5.));
#6563=CARTESIAN_POINT('Ctrl Pts',(21.2210174931015,67.4453662786562,-4.));
#6564=CARTESIAN_POINT('Ctrl Pts',(21.5020240468392,67.0354352024786,-5.));
#6565=CARTESIAN_POINT('Ctrl Pts',(21.5020240468392,67.0354352024786,-4.));
#6566=CARTESIAN_POINT('Ctrl Pts',(22.1149913188296,66.1412413478286,-5.));
#6567=CARTESIAN_POINT('Ctrl Pts',(22.1149913188296,66.1412413478286,-4.));
#6568=CARTESIAN_POINT('Ctrl Pts',(22.1612025611402,65.0535308190624,-5.));
#6569=CARTESIAN_POINT('Ctrl Pts',(22.1612025611402,65.0535308190624,-4.));
#6570=CARTESIAN_POINT('Ctrl Pts',(22.1862288845505,64.4644664678651,-5.));
#6571=CARTESIAN_POINT('Ctrl Pts',(22.1862288845505,64.4644664678651,-4.));
#6572=CARTESIAN_POINT('',(21.2210174931015,67.4453662786562,-5.));
#6573=CARTESIAN_POINT('Ctrl Pts',(21.2210174931015,67.4453662786562,-5.));
#6574=CARTESIAN_POINT('Ctrl Pts',(21.5020240468392,67.0354352024786,-5.));
#6575=CARTESIAN_POINT('Ctrl Pts',(22.1149913188296,66.1412413478286,-5.));
#6576=CARTESIAN_POINT('Ctrl Pts',(22.1612025611402,65.0535308190624,-5.));
#6577=CARTESIAN_POINT('Ctrl Pts',(22.1862288845505,64.4644664678651,-5.));
#6578=CARTESIAN_POINT('',(21.2210174931015,67.4453662786562,-4.));
#6579=CARTESIAN_POINT('',(21.2210174931015,67.4453662786562,-5.));
#6580=CARTESIAN_POINT('Ctrl Pts',(21.2210174931015,67.4453662786562,-4.));
#6581=CARTESIAN_POINT('Ctrl Pts',(21.5020240468392,67.0354352024786,-4.));
#6582=CARTESIAN_POINT('Ctrl Pts',(22.1149913188296,66.1412413478286,-4.));
#6583=CARTESIAN_POINT('Ctrl Pts',(22.1612025611402,65.0535308190624,-4.));
#6584=CARTESIAN_POINT('Ctrl Pts',(22.1862288845505,64.4644664678651,-4.));
#6585=CARTESIAN_POINT('Ctrl Pts',(18.7619444263901,68.4958433065492,-5.));
#6586=CARTESIAN_POINT('Ctrl Pts',(18.7619444263901,68.4958433065492,-4.));
#6587=CARTESIAN_POINT('Ctrl Pts',(19.2356988862828,68.4544140807448,-5.));
#6588=CARTESIAN_POINT('Ctrl Pts',(19.2356988862828,68.4544140807448,-4.));
#6589=CARTESIAN_POINT('Ctrl Pts',(20.1709486257818,68.3726276788815,-5.));
#6590=CARTESIAN_POINT('Ctrl Pts',(20.1709486257818,68.3726276788815,-4.));
#6591=CARTESIAN_POINT('Ctrl Pts',(20.8740666760941,67.7517405655244,-5.));
#6592=CARTESIAN_POINT('Ctrl Pts',(20.8740666760941,67.7517405655244,-4.));
#6593=CARTESIAN_POINT('Ctrl Pts',(21.2210174931015,67.4453662786562,-5.));
#6594=CARTESIAN_POINT('Ctrl Pts',(21.2210174931015,67.4453662786562,-4.));
#6595=CARTESIAN_POINT('',(18.7619444263901,68.4958433065492,-5.));
#6596=CARTESIAN_POINT('Ctrl Pts',(18.7619444263901,68.4958433065492,-5.));
#6597=CARTESIAN_POINT('Ctrl Pts',(19.2356988862828,68.4544140807448,-5.));
#6598=CARTESIAN_POINT('Ctrl Pts',(20.1709486257818,68.3726276788815,-5.));
#6599=CARTESIAN_POINT('Ctrl Pts',(20.8740666760941,67.7517405655244,-5.));
#6600=CARTESIAN_POINT('Ctrl Pts',(21.2210174931015,67.4453662786562,-5.));
#6601=CARTESIAN_POINT('',(18.7619444263901,68.4958433065492,-4.));
#6602=CARTESIAN_POINT('',(18.7619444263901,68.4958433065492,-5.));
#6603=CARTESIAN_POINT('Ctrl Pts',(18.7619444263901,68.4958433065492,-4.));
#6604=CARTESIAN_POINT('Ctrl Pts',(19.2356988862828,68.4544140807448,-4.));
#6605=CARTESIAN_POINT('Ctrl Pts',(20.1709486257818,68.3726276788815,-4.));
#6606=CARTESIAN_POINT('Ctrl Pts',(20.8740666760941,67.7517405655244,-4.));
#6607=CARTESIAN_POINT('Ctrl Pts',(21.2210174931015,67.4453662786562,-4.));
#6608=CARTESIAN_POINT('Ctrl Pts',(16.3233372105087,67.4555980119783,-5.));
#6609=CARTESIAN_POINT('Ctrl Pts',(16.3233372105087,67.4555980119783,-4.));
#6610=CARTESIAN_POINT('Ctrl Pts',(16.6699792145488,67.7589969480941,-5.));
#6611=CARTESIAN_POINT('Ctrl Pts',(16.6699792145488,67.7589969480941,-4.));
#6612=CARTESIAN_POINT('Ctrl Pts',(17.3691478756363,68.3709453717334,-5.));
#6613=CARTESIAN_POINT('Ctrl Pts',(17.3691478756363,68.3709453717334,-4.));
#6614=CARTESIAN_POINT('Ctrl Pts',(18.2950811595124,68.4539777104269,-5.));
#6615=CARTESIAN_POINT('Ctrl Pts',(18.2950811595124,68.4539777104269,-4.));
#6616=CARTESIAN_POINT('Ctrl Pts',(18.7619444263901,68.4958433065492,-5.));
#6617=CARTESIAN_POINT('Ctrl Pts',(18.7619444263901,68.4958433065492,-4.));
#6618=CARTESIAN_POINT('',(16.3233372105087,67.4555980119783,-5.));
#6619=CARTESIAN_POINT('Ctrl Pts',(16.3233372105087,67.4555980119783,-5.));
#6620=CARTESIAN_POINT('Ctrl Pts',(16.6699792145488,67.7589969480941,-5.));
#6621=CARTESIAN_POINT('Ctrl Pts',(17.3691478756363,68.3709453717334,-5.));
#6622=CARTESIAN_POINT('Ctrl Pts',(18.2950811595124,68.4539777104269,-5.));
#6623=CARTESIAN_POINT('Ctrl Pts',(18.7619444263901,68.4958433065492,-5.));
#6624=CARTESIAN_POINT('',(16.3233372105087,67.4555980119783,-4.));
#6625=CARTESIAN_POINT('',(16.3233372105087,67.4555980119783,-5.));
#6626=CARTESIAN_POINT('Ctrl Pts',(16.3233372105087,67.4555980119783,-4.));
#6627=CARTESIAN_POINT('Ctrl Pts',(16.6699792145488,67.7589969480941,-4.));
#6628=CARTESIAN_POINT('Ctrl Pts',(17.3691478756363,68.3709453717334,-4.));
#6629=CARTESIAN_POINT('Ctrl Pts',(18.2950811595124,68.4539777104269,-4.));
#6630=CARTESIAN_POINT('Ctrl Pts',(18.7619444263901,68.4958433065492,-4.));
#6631=CARTESIAN_POINT('Ctrl Pts',(15.3513046635117,64.6077131185609,-5.));
#6632=CARTESIAN_POINT('Ctrl Pts',(15.3513046635117,64.6077131185609,-4.));
#6633=CARTESIAN_POINT('Ctrl Pts',(15.3799792796384,65.1649257023003,-5.));
#6634=CARTESIAN_POINT('Ctrl Pts',(15.3799792796384,65.1649257023003,-4.));
#6635=CARTESIAN_POINT('Ctrl Pts',(15.4337775438469,66.2103475369913,-5.));
#6636=CARTESIAN_POINT('Ctrl Pts',(15.4337775438469,66.2103475369913,-4.));
#6637=CARTESIAN_POINT('Ctrl Pts',(16.0401587703979,67.059190553019,-5.));
#6638=CARTESIAN_POINT('Ctrl Pts',(16.0401587703979,67.059190553019,-4.));
#6639=CARTESIAN_POINT('Ctrl Pts',(16.3233372105087,67.4555980119783,-5.));
#6640=CARTESIAN_POINT('Ctrl Pts',(16.3233372105087,67.4555980119783,-4.));
#6641=CARTESIAN_POINT('',(15.3513046635117,64.6077131185609,-5.));
#6642=CARTESIAN_POINT('Ctrl Pts',(15.3513046635117,64.6077131185609,-5.));
#6643=CARTESIAN_POINT('Ctrl Pts',(15.3799792796384,65.1649257023003,-5.));
#6644=CARTESIAN_POINT('Ctrl Pts',(15.4337775438469,66.2103475369913,-5.));
#6645=CARTESIAN_POINT('Ctrl Pts',(16.0401587703979,67.059190553019,-5.));
#6646=CARTESIAN_POINT('Ctrl Pts',(16.3233372105087,67.4555980119783,-5.));
#6647=CARTESIAN_POINT('',(15.3513046635117,64.6077131185609,-4.));
#6648=CARTESIAN_POINT('',(15.3513046635117,64.6077131185609,-5.));
#6649=CARTESIAN_POINT('Ctrl Pts',(15.3513046635117,64.6077131185609,-4.));
#6650=CARTESIAN_POINT('Ctrl Pts',(15.3799792796384,65.1649257023003,-4.));
#6651=CARTESIAN_POINT('Ctrl Pts',(15.4337775438469,66.2103475369913,-4.));
#6652=CARTESIAN_POINT('Ctrl Pts',(16.0401587703979,67.059190553019,-4.));
#6653=CARTESIAN_POINT('Ctrl Pts',(16.3233372105087,67.4555980119783,-4.));
#6654=CARTESIAN_POINT('Ctrl Pts',(16.3642641437973,61.3846569213945,-5.));
#6655=CARTESIAN_POINT('Ctrl Pts',(16.3642641437973,61.3846569213945,-4.));
#6656=CARTESIAN_POINT('Ctrl Pts',(16.0701202804107,61.8000353912483,-5.));
#6657=CARTESIAN_POINT('Ctrl Pts',(16.0701202804107,61.8000353912483,-4.));
#6658=CARTESIAN_POINT('Ctrl Pts',(15.3922518172355,62.7572947464292,-5.));
#6659=CARTESIAN_POINT('Ctrl Pts',(15.3922518172355,62.7572947464292,-4.));
#6660=CARTESIAN_POINT('Ctrl Pts',(15.3661054668734,63.9388588522139,-5.));
#6661=CARTESIAN_POINT('Ctrl Pts',(15.3661054668734,63.9388588522139,-4.));
#6662=CARTESIAN_POINT('Ctrl Pts',(15.3513046635117,64.6077131185609,-5.));
#6663=CARTESIAN_POINT('Ctrl Pts',(15.3513046635117,64.6077131185609,-4.));
#6664=CARTESIAN_POINT('Ctrl Pts',(16.3642641437973,61.3846569213945,-5.));
#6665=CARTESIAN_POINT('Ctrl Pts',(16.0701202804107,61.8000353912483,-5.));
#6666=CARTESIAN_POINT('Ctrl Pts',(15.3922518172355,62.7572947464292,-5.));
#6667=CARTESIAN_POINT('Ctrl Pts',(15.3661054668734,63.9388588522139,-5.));
#6668=CARTESIAN_POINT('Ctrl Pts',(15.3513046635117,64.6077131185609,-5.));
#6669=CARTESIAN_POINT('Ctrl Pts',(16.3642641437973,61.3846569213945,-4.));
#6670=CARTESIAN_POINT('Ctrl Pts',(16.0701202804107,61.8000353912483,-4.));
#6671=CARTESIAN_POINT('Ctrl Pts',(15.3922518172355,62.7572947464292,-4.));
#6672=CARTESIAN_POINT('Ctrl Pts',(15.3661054668734,63.9388588522139,-4.));
#6673=CARTESIAN_POINT('Ctrl Pts',(15.3513046635117,64.6077131185609,-4.));
#6674=CARTESIAN_POINT('Ctrl Pts',(16.2448927296128,68.9460479173738,-5.));
#6675=CARTESIAN_POINT('Ctrl Pts',(16.2448927296128,68.9460479173738,-4.));
#6676=CARTESIAN_POINT('Ctrl Pts',(15.8965801333302,68.697629019611,-5.));
#6677=CARTESIAN_POINT('Ctrl Pts',(15.8965801333302,68.697629019611,-4.));
#6678=CARTESIAN_POINT('Ctrl Pts',(15.1989064150857,68.2000434084843,-5.));
#6679=CARTESIAN_POINT('Ctrl Pts',(15.1989064150857,68.2000434084843,-4.));
#6680=CARTESIAN_POINT('Ctrl Pts',(14.773204686168,67.4562789891464,-5.));
#6681=CARTESIAN_POINT('Ctrl Pts',(14.773204686168,67.4562789891464,-4.));
#6682=CARTESIAN_POINT('Ctrl Pts',(14.560033930632,67.0838378820497,-5.));
#6683=CARTESIAN_POINT('Ctrl Pts',(14.560033930632,67.0838378820497,-4.));
#6684=CARTESIAN_POINT('',(16.2448927296128,68.9460479173738,-5.));
#6685=CARTESIAN_POINT('',(14.560033930632,67.0838378820497,-5.));
#6686=CARTESIAN_POINT('Ctrl Pts',(16.2448927296128,68.9460479173738,-5.));
#6687=CARTESIAN_POINT('Ctrl Pts',(15.8965801333302,68.697629019611,-5.));
#6688=CARTESIAN_POINT('Ctrl Pts',(15.1989064150857,68.2000434084843,-5.));
#6689=CARTESIAN_POINT('Ctrl Pts',(14.773204686168,67.4562789891464,-5.));
#6690=CARTESIAN_POINT('Ctrl Pts',(14.560033930632,67.0838378820497,-5.));
#6691=CARTESIAN_POINT('',(16.2448927296128,68.9460479173738,-4.));
#6692=CARTESIAN_POINT('',(16.2448927296128,68.9460479173738,-5.));
#6693=CARTESIAN_POINT('',(14.560033930632,67.0838378820497,-4.));
#6694=CARTESIAN_POINT('Ctrl Pts',(16.2448927296128,68.9460479173738,-4.));
#6695=CARTESIAN_POINT('Ctrl Pts',(15.8965801333302,68.697629019611,-4.));
#6696=CARTESIAN_POINT('Ctrl Pts',(15.1989064150857,68.2000434084843,-4.));
#6697=CARTESIAN_POINT('Ctrl Pts',(14.773204686168,67.4562789891464,-4.));
#6698=CARTESIAN_POINT('Ctrl Pts',(14.560033930632,67.0838378820497,-4.));
#6699=CARTESIAN_POINT('',(14.560033930632,67.0838378820497,-5.));
#6700=CARTESIAN_POINT('Ctrl Pts',(18.7687655819382,69.6281765852052,-5.));
#6701=CARTESIAN_POINT('Ctrl Pts',(18.7687655819382,69.6281765852052,-4.));
#6702=CARTESIAN_POINT('Ctrl Pts',(18.314664529971,69.6022136613169,-5.));
#6703=CARTESIAN_POINT('Ctrl Pts',(18.314664529971,69.6022136613169,-4.));
#6704=CARTESIAN_POINT('Ctrl Pts',(17.4251063162929,69.5513537654943,-5.));
#6705=CARTESIAN_POINT('Ctrl Pts',(17.4251063162929,69.5513537654943,-4.));
#6706=CARTESIAN_POINT('Ctrl Pts',(16.6327617824662,69.1449775082943,-5.));
#6707=CARTESIAN_POINT('Ctrl Pts',(16.6327617824662,69.1449775082943,-4.));
#6708=CARTESIAN_POINT('Ctrl Pts',(16.2448927296128,68.9460479173738,-5.));
#6709=CARTESIAN_POINT('Ctrl Pts',(16.2448927296128,68.9460479173738,-4.));
#6710=CARTESIAN_POINT('',(18.7687655819382,69.6281765852052,-5.));
#6711=CARTESIAN_POINT('Ctrl Pts',(18.7687655819382,69.6281765852052,-5.));
#6712=CARTESIAN_POINT('Ctrl Pts',(18.314664529971,69.6022136613169,-5.));
#6713=CARTESIAN_POINT('Ctrl Pts',(17.4251063162929,69.5513537654943,-5.));
#6714=CARTESIAN_POINT('Ctrl Pts',(16.6327617824662,69.1449775082943,-5.));
#6715=CARTESIAN_POINT('Ctrl Pts',(16.2448927296128,68.9460479173738,-5.));
#6716=CARTESIAN_POINT('',(18.7687655819382,69.6281765852052,-4.));
#6717=CARTESIAN_POINT('',(18.7687655819382,69.6281765852052,-5.));
#6718=CARTESIAN_POINT('Ctrl Pts',(18.7687655819382,69.6281765852052,-4.));
#6719=CARTESIAN_POINT('Ctrl Pts',(18.314664529971,69.6022136613169,-4.));
#6720=CARTESIAN_POINT('Ctrl Pts',(17.4251063162929,69.5513537654943,-4.));
#6721=CARTESIAN_POINT('Ctrl Pts',(16.6327617824662,69.1449775082943,-4.));
#6722=CARTESIAN_POINT('Ctrl Pts',(16.2448927296128,68.9460479173738,-4.));
#6723=CARTESIAN_POINT('Ctrl Pts',(21.1971422565903,69.0108500871736,-5.));
#6724=CARTESIAN_POINT('Ctrl Pts',(21.1971422565903,69.0108500871736,-4.));
#6725=CARTESIAN_POINT('Ctrl Pts',(20.8137443199927,69.1909033216256,-5.));
#6726=CARTESIAN_POINT('Ctrl Pts',(20.8137443199927,69.1909033216256,-4.));
#6727=CARTESIAN_POINT('Ctrl Pts',(20.0439580084891,69.5524141749524,-5.));
#6728=CARTESIAN_POINT('Ctrl Pts',(20.0439580084891,69.5524141749524,-4.));
#6729=CARTESIAN_POINT('Ctrl Pts',(19.1949291497616,69.6028571287938,-5.));
#6730=CARTESIAN_POINT('Ctrl Pts',(19.1949291497616,69.6028571287938,-4.));
#6731=CARTESIAN_POINT('Ctrl Pts',(18.7687655819382,69.6281765852052,-5.));
#6732=CARTESIAN_POINT('Ctrl Pts',(18.7687655819382,69.6281765852052,-4.));
#6733=CARTESIAN_POINT('',(21.1971422565903,69.0108500871736,-5.));
#6734=CARTESIAN_POINT('Ctrl Pts',(21.1971422565903,69.0108500871736,-5.));
#6735=CARTESIAN_POINT('Ctrl Pts',(20.8137443199927,69.1909033216256,-5.));
#6736=CARTESIAN_POINT('Ctrl Pts',(20.0439580084891,69.5524141749524,-5.));
#6737=CARTESIAN_POINT('Ctrl Pts',(19.1949291497616,69.6028571287938,-5.));
#6738=CARTESIAN_POINT('Ctrl Pts',(18.7687655819382,69.6281765852052,-5.));
#6739=CARTESIAN_POINT('',(21.1971422565903,69.0108500871736,-4.));
#6740=CARTESIAN_POINT('',(21.1971422565903,69.0108500871736,-5.));
#6741=CARTESIAN_POINT('Ctrl Pts',(21.1971422565903,69.0108500871736,-4.));
#6742=CARTESIAN_POINT('Ctrl Pts',(20.8137443199927,69.1909033216256,-4.));
#6743=CARTESIAN_POINT('Ctrl Pts',(20.0439580084891,69.5524141749524,-4.));
#6744=CARTESIAN_POINT('Ctrl Pts',(19.1949291497616,69.6028571287938,-4.));
#6745=CARTESIAN_POINT('Ctrl Pts',(18.7687655819382,69.6281765852052,-4.));
#6746=CARTESIAN_POINT('Ctrl Pts',(22.9365702999558,67.192978755005,-5.));
#6747=CARTESIAN_POINT('Ctrl Pts',(22.9365702999558,67.192978755005,-4.));
#6748=CARTESIAN_POINT('Ctrl Pts',(22.713138642985,67.5674625882217,-5.));
#6749=CARTESIAN_POINT('Ctrl Pts',(22.713138642985,67.5674625882217,-4.));
#6750=CARTESIAN_POINT('Ctrl Pts',(22.2720725987058,68.3067137095836,-5.));
#6751=CARTESIAN_POINT('Ctrl Pts',(22.2720725987058,68.3067137095836,-4.));
#6752=CARTESIAN_POINT('Ctrl Pts',(21.5522988576597,68.7782036795357,-5.));
#6753=CARTESIAN_POINT('Ctrl Pts',(21.5522988576597,68.7782036795357,-4.));
#6754=CARTESIAN_POINT('Ctrl Pts',(21.1971422565903,69.0108500871736,-5.));
#6755=CARTESIAN_POINT('Ctrl Pts',(21.1971422565903,69.0108500871736,-4.));
#6756=CARTESIAN_POINT('',(22.9365702999558,67.192978755005,-5.));
#6757=CARTESIAN_POINT('Ctrl Pts',(22.9365702999558,67.192978755005,-5.));
#6758=CARTESIAN_POINT('Ctrl Pts',(22.713138642985,67.5674625882217,-5.));
#6759=CARTESIAN_POINT('Ctrl Pts',(22.2720725987058,68.3067137095836,-5.));
#6760=CARTESIAN_POINT('Ctrl Pts',(21.5522988576597,68.7782036795357,-5.));
#6761=CARTESIAN_POINT('Ctrl Pts',(21.1971422565903,69.0108500871736,-5.));
#6762=CARTESIAN_POINT('',(22.9365702999558,67.192978755005,-4.));
#6763=CARTESIAN_POINT('',(22.9365702999558,67.192978755005,-5.));
#6764=CARTESIAN_POINT('Ctrl Pts',(22.9365702999558,67.192978755005,-4.));
#6765=CARTESIAN_POINT('Ctrl Pts',(22.713138642985,67.5674625882217,-4.));
#6766=CARTESIAN_POINT('Ctrl Pts',(22.2720725987058,68.3067137095836,-4.));
#6767=CARTESIAN_POINT('Ctrl Pts',(21.5522988576597,68.7782036795357,-4.));
#6768=CARTESIAN_POINT('Ctrl Pts',(21.1971422565903,69.0108500871736,-4.));
#6769=CARTESIAN_POINT('Ctrl Pts',(23.5504838360275,64.4712876234132,-5.));
#6770=CARTESIAN_POINT('Ctrl Pts',(23.5504838360275,64.4712876234132,-4.));
#6771=CARTESIAN_POINT('Ctrl Pts',(23.5282709477342,64.9582635210837,-5.));
#6772=CARTESIAN_POINT('Ctrl Pts',(23.5282709477342,64.9582635210837,-4.));
#6773=CARTESIAN_POINT('Ctrl Pts',(23.4851970806388,65.9025772374271,-5.));
#6774=CARTESIAN_POINT('Ctrl Pts',(23.4851970806388,65.9025772374271,-4.));
#6775=CARTESIAN_POINT('Ctrl Pts',(23.1155789685691,66.7719401441106,-5.));
#6776=CARTESIAN_POINT('Ctrl Pts',(23.1155789685691,66.7719401441106,-4.));
#6777=CARTESIAN_POINT('Ctrl Pts',(22.9365702999558,67.192978755005,-5.));
#6778=CARTESIAN_POINT('Ctrl Pts',(22.9365702999558,67.192978755005,-4.));
#6779=CARTESIAN_POINT('',(23.5504838360275,64.4712876234132,-5.));
#6780=CARTESIAN_POINT('Ctrl Pts',(23.5504838360275,64.4712876234132,-5.));
#6781=CARTESIAN_POINT('Ctrl Pts',(23.5282709477342,64.9582635210837,-5.));
#6782=CARTESIAN_POINT('Ctrl Pts',(23.4851970806388,65.9025772374271,-5.));
#6783=CARTESIAN_POINT('Ctrl Pts',(23.1155789685691,66.7719401441106,-5.));
#6784=CARTESIAN_POINT('Ctrl Pts',(22.9365702999558,67.192978755005,-5.));
#6785=CARTESIAN_POINT('',(23.5504838360275,64.4712876234132,-4.));
#6786=CARTESIAN_POINT('',(23.5504838360275,64.4712876234132,-5.));
#6787=CARTESIAN_POINT('Ctrl Pts',(23.5504838360275,64.4712876234132,-4.));
#6788=CARTESIAN_POINT('Ctrl Pts',(23.5282709477342,64.9582635210837,-4.));
#6789=CARTESIAN_POINT('Ctrl Pts',(23.4851970806388,65.9025772374271,-4.));
#6790=CARTESIAN_POINT('Ctrl Pts',(23.1155789685691,66.7719401441106,-4.));
#6791=CARTESIAN_POINT('Ctrl Pts',(22.9365702999558,67.192978755005,-4.));
#6792=CARTESIAN_POINT('Ctrl Pts',(22.9672643078293,61.7871122512895,-5.));
#6793=CARTESIAN_POINT('Ctrl Pts',(22.9672643078293,61.7871122512895,-4.));
#6794=CARTESIAN_POINT('Ctrl Pts',(23.1373174450636,62.2026748937294,-5.));
#6795=CARTESIAN_POINT('Ctrl Pts',(23.1373174450636,62.2026748937294,-4.));
#6796=CARTESIAN_POINT('Ctrl Pts',(23.4891867144649,63.0625456715581,-5.));
#6797=CARTESIAN_POINT('Ctrl Pts',(23.4891867144649,63.0625456715581,-4.));
#6798=CARTESIAN_POINT('Ctrl Pts',(23.5296011108813,63.9913569148814,-5.));
#6799=CARTESIAN_POINT('Ctrl Pts',(23.5296011108813,63.9913569148814,-4.));
#6800=CARTESIAN_POINT('Ctrl Pts',(23.5504838360275,64.4712876234132,-5.));
#6801=CARTESIAN_POINT('Ctrl Pts',(23.5504838360275,64.4712876234132,-4.));
#6802=CARTESIAN_POINT('',(22.9672643078293,61.7871122512895,-5.));
#6803=CARTESIAN_POINT('Ctrl Pts',(22.9672643078293,61.7871122512895,-5.));
#6804=CARTESIAN_POINT('Ctrl Pts',(23.1373174450636,62.2026748937294,-5.));
#6805=CARTESIAN_POINT('Ctrl Pts',(23.4891867144649,63.0625456715581,-5.));
#6806=CARTESIAN_POINT('Ctrl Pts',(23.5296011108813,63.9913569148814,-5.));
#6807=CARTESIAN_POINT('Ctrl Pts',(23.5504838360275,64.4712876234132,-5.));
#6808=CARTESIAN_POINT('',(22.9672643078293,61.7871122512895,-4.));
#6809=CARTESIAN_POINT('',(22.9672643078293,61.7871122512895,-5.));
#6810=CARTESIAN_POINT('Ctrl Pts',(22.9672643078293,61.7871122512895,-4.));
#6811=CARTESIAN_POINT('Ctrl Pts',(23.1373174450636,62.2026748937294,-4.));
#6812=CARTESIAN_POINT('Ctrl Pts',(23.4891867144649,63.0625456715581,-4.));
#6813=CARTESIAN_POINT('Ctrl Pts',(23.5296011108813,63.9913569148814,-4.));
#6814=CARTESIAN_POINT('Ctrl Pts',(23.5504838360275,64.4712876234132,-4.));
#6815=CARTESIAN_POINT('Ctrl Pts',(21.2721773518051,59.9419557008821,-5.));
#6816=CARTESIAN_POINT('Ctrl Pts',(21.2721773518051,59.9419557008821,-4.));
#6817=CARTESIAN_POINT('Ctrl Pts',(21.621271805587,60.1852700182854,-5.));
#6818=CARTESIAN_POINT('Ctrl Pts',(21.621271805587,60.1852700182854,-4.));
#6819=CARTESIAN_POINT('Ctrl Pts',(22.3231119735791,60.6744435343674,-5.));
#6820=CARTESIAN_POINT('Ctrl Pts',(22.3231119735791,60.6744435343674,-4.));
#6821=CARTESIAN_POINT('Ctrl Pts',(22.7518034534409,61.4149385593657,-5.));
#6822=CARTESIAN_POINT('Ctrl Pts',(22.7518034534409,61.4149385593657,-4.));
#6823=CARTESIAN_POINT('Ctrl Pts',(22.9672643078293,61.7871122512895,-5.));
#6824=CARTESIAN_POINT('Ctrl Pts',(22.9672643078293,61.7871122512895,-4.));
#6825=CARTESIAN_POINT('',(21.2721773518051,59.9419557008821,-5.));
#6826=CARTESIAN_POINT('Ctrl Pts',(21.2721773518051,59.9419557008821,-5.));
#6827=CARTESIAN_POINT('Ctrl Pts',(21.621271805587,60.1852700182854,-5.));
#6828=CARTESIAN_POINT('Ctrl Pts',(22.3231119735791,60.6744435343674,-5.));
#6829=CARTESIAN_POINT('Ctrl Pts',(22.7518034534409,61.4149385593657,-5.));
#6830=CARTESIAN_POINT('Ctrl Pts',(22.9672643078293,61.7871122512895,-5.));
#6831=CARTESIAN_POINT('',(21.2721773518051,59.9419557008821,-4.));
#6832=CARTESIAN_POINT('',(21.2721773518051,59.9419557008821,-5.));
#6833=CARTESIAN_POINT('Ctrl Pts',(21.2721773518051,59.9419557008821,-4.));
#6834=CARTESIAN_POINT('Ctrl Pts',(21.621271805587,60.1852700182854,-4.));
#6835=CARTESIAN_POINT('Ctrl Pts',(22.3231119735791,60.6744435343674,-4.));
#6836=CARTESIAN_POINT('Ctrl Pts',(22.7518034534409,61.4149385593657,-4.));
#6837=CARTESIAN_POINT('Ctrl Pts',(22.9672643078293,61.7871122512895,-4.));
#6838=CARTESIAN_POINT('Ctrl Pts',(18.7755867374863,59.2802916917879,-5.));
#6839=CARTESIAN_POINT('Ctrl Pts',(18.7755867374863,59.2802916917879,-4.));
#6840=CARTESIAN_POINT('Ctrl Pts',(19.2223445596627,59.3058325282133,-5.));
#6841=CARTESIAN_POINT('Ctrl Pts',(19.2223445596627,59.3058325282133,-4.));
#6842=CARTESIAN_POINT('Ctrl Pts',(20.1001433359006,59.3560156785587,-5.));
#6843=CARTESIAN_POINT('Ctrl Pts',(20.1001433359006,59.3560156785587,-4.));
#6844=CARTESIAN_POINT('Ctrl Pts',(20.8861907036977,59.7489877305506,-5.));
#6845=CARTESIAN_POINT('Ctrl Pts',(20.8861907036977,59.7489877305506,-4.));
#6846=CARTESIAN_POINT('Ctrl Pts',(21.2721773518051,59.9419557008821,-5.));
#6847=CARTESIAN_POINT('Ctrl Pts',(21.2721773518051,59.9419557008821,-4.));
#6848=CARTESIAN_POINT('',(18.7755867374863,59.2802916917879,-5.));
#6849=CARTESIAN_POINT('Ctrl Pts',(18.7755867374863,59.2802916917879,-5.));
#6850=CARTESIAN_POINT('Ctrl Pts',(19.2223445596627,59.3058325282133,-5.));
#6851=CARTESIAN_POINT('Ctrl Pts',(20.1001433359006,59.3560156785587,-5.));
#6852=CARTESIAN_POINT('Ctrl Pts',(20.8861907036977,59.7489877305506,-5.));
#6853=CARTESIAN_POINT('Ctrl Pts',(21.2721773518051,59.9419557008821,-5.));
#6854=CARTESIAN_POINT('',(18.7755867374863,59.2802916917879,-4.));
#6855=CARTESIAN_POINT('',(18.7755867374863,59.2802916917879,-5.));
#6856=CARTESIAN_POINT('Ctrl Pts',(18.7755867374863,59.2802916917879,-4.));
#6857=CARTESIAN_POINT('Ctrl Pts',(19.2223445596627,59.3058325282133,-4.));
#6858=CARTESIAN_POINT('Ctrl Pts',(20.1001433359006,59.3560156785587,-4.));
#6859=CARTESIAN_POINT('Ctrl Pts',(20.8861907036977,59.7489877305506,-4.));
#6860=CARTESIAN_POINT('Ctrl Pts',(21.2721773518051,59.9419557008821,-4.));
#6861=CARTESIAN_POINT('Ctrl Pts',(15.3240176571335,60.6888859424669,-5.));
#6862=CARTESIAN_POINT('Ctrl Pts',(15.3240176571335,60.6888859424669,-4.));
#6863=CARTESIAN_POINT('Ctrl Pts',(15.8101985563836,60.2781123071065,-5.));
#6864=CARTESIAN_POINT('Ctrl Pts',(15.8101985563836,60.2781123071065,-4.));
#6865=CARTESIAN_POINT('Ctrl Pts',(16.8065458542976,59.4362997178483,-5.));
#6866=CARTESIAN_POINT('Ctrl Pts',(16.8065458542976,59.4362997178483,-4.));
#6867=CARTESIAN_POINT('Ctrl Pts',(18.108789947998,59.3331223119135,-5.));
#6868=CARTESIAN_POINT('Ctrl Pts',(18.108789947998,59.3331223119135,-4.));
#6869=CARTESIAN_POINT('Ctrl Pts',(18.7755867374863,59.2802916917879,-5.));
#6870=CARTESIAN_POINT('Ctrl Pts',(18.7755867374863,59.2802916917879,-4.));
#6871=CARTESIAN_POINT('',(15.3240176571335,60.6888859424669,-5.));
#6872=CARTESIAN_POINT('Ctrl Pts',(15.3240176571335,60.6888859424669,-5.));
#6873=CARTESIAN_POINT('Ctrl Pts',(15.8101985563836,60.2781123071065,-5.));
#6874=CARTESIAN_POINT('Ctrl Pts',(16.8065458542976,59.4362997178483,-5.));
#6875=CARTESIAN_POINT('Ctrl Pts',(18.108789947998,59.3331223119135,-5.));
#6876=CARTESIAN_POINT('Ctrl Pts',(18.7755867374863,59.2802916917879,-5.));
#6877=CARTESIAN_POINT('',(15.3240176571335,60.6888859424669,-4.));
#6878=CARTESIAN_POINT('',(15.3240176571335,60.6888859424669,-5.));
#6879=CARTESIAN_POINT('Ctrl Pts',(15.3240176571335,60.6888859424669,-4.));
#6880=CARTESIAN_POINT('Ctrl Pts',(15.8101985563836,60.2781123071065,-4.));
#6881=CARTESIAN_POINT('Ctrl Pts',(16.8065458542976,59.4362997178483,-4.));
#6882=CARTESIAN_POINT('Ctrl Pts',(18.108789947998,59.3331223119135,-4.));
#6883=CARTESIAN_POINT('Ctrl Pts',(18.7755867374863,59.2802916917879,-4.));
#6884=CARTESIAN_POINT('Ctrl Pts',(13.9870473278488,64.5872484598238,-5.));
#6885=CARTESIAN_POINT('Ctrl Pts',(13.9870473278488,64.5872484598238,-4.));
#6886=CARTESIAN_POINT('Ctrl Pts',(14.0257253733814,63.8213715102075,-5.));
#6887=CARTESIAN_POINT('Ctrl Pts',(14.0257253733814,63.8213715102075,-4.));
#6888=CARTESIAN_POINT('Ctrl Pts',(14.0981019371102,62.3882189015601,-5.));
#6889=CARTESIAN_POINT('Ctrl Pts',(14.0981019371102,62.3882189015601,-4.));
#6890=CARTESIAN_POINT('Ctrl Pts',(14.934561976793,61.2287394274162,-5.));
#6891=CARTESIAN_POINT('Ctrl Pts',(14.934561976793,61.2287394274162,-4.));
#6892=CARTESIAN_POINT('Ctrl Pts',(15.3240176571335,60.6888859424669,-5.));
#6893=CARTESIAN_POINT('Ctrl Pts',(15.3240176571335,60.6888859424669,-4.));
#6894=CARTESIAN_POINT('',(13.9870473278488,64.5872484598238,-5.));
#6895=CARTESIAN_POINT('Ctrl Pts',(13.9870473278488,64.5872484598238,-5.));
#6896=CARTESIAN_POINT('Ctrl Pts',(14.0257253733814,63.8213715102075,-5.));
#6897=CARTESIAN_POINT('Ctrl Pts',(14.0981019371102,62.3882189015601,-5.));
#6898=CARTESIAN_POINT('Ctrl Pts',(14.934561976793,61.2287394274162,-5.));
#6899=CARTESIAN_POINT('Ctrl Pts',(15.3240176571335,60.6888859424669,-5.));
#6900=CARTESIAN_POINT('',(13.9870473278488,64.5872484598238,-4.));
#6901=CARTESIAN_POINT('',(13.9870473278488,64.5872484598238,-5.));
#6902=CARTESIAN_POINT('Ctrl Pts',(13.9870473278488,64.5872484598238,-4.));
#6903=CARTESIAN_POINT('Ctrl Pts',(14.0257253733814,63.8213715102075,-4.));
#6904=CARTESIAN_POINT('Ctrl Pts',(14.0981019371102,62.3882189015601,-4.));
#6905=CARTESIAN_POINT('Ctrl Pts',(14.934561976793,61.2287394274162,-4.));
#6906=CARTESIAN_POINT('Ctrl Pts',(15.3240176571335,60.6888859424669,-4.));
#6907=CARTESIAN_POINT('Ctrl Pts',(14.560033930632,67.0838378820497,-5.));
#6908=CARTESIAN_POINT('Ctrl Pts',(14.560033930632,67.0838378820497,-4.));
#6909=CARTESIAN_POINT('Ctrl Pts',(14.3929128788782,66.6845904658808,-5.));
#6910=CARTESIAN_POINT('Ctrl Pts',(14.3929128788782,66.6845904658808,-4.));
#6911=CARTESIAN_POINT('Ctrl Pts',(14.0583616676485,65.8853571840297,-5.));
#6912=CARTESIAN_POINT('Ctrl Pts',(14.0583616676485,65.8853571840297,-4.));
#6913=CARTESIAN_POINT('Ctrl Pts',(14.010833412318,65.0202178156493,-5.));
#6914=CARTESIAN_POINT('Ctrl Pts',(14.010833412318,65.0202178156493,-4.));
#6915=CARTESIAN_POINT('Ctrl Pts',(13.9870473278488,64.5872484598238,-5.));
#6916=CARTESIAN_POINT('Ctrl Pts',(13.9870473278488,64.5872484598238,-4.));
#6917=CARTESIAN_POINT('Ctrl Pts',(14.560033930632,67.0838378820497,-5.));
#6918=CARTESIAN_POINT('Ctrl Pts',(14.3929128788782,66.6845904658808,-5.));
#6919=CARTESIAN_POINT('Ctrl Pts',(14.0583616676485,65.8853571840297,-5.));
#6920=CARTESIAN_POINT('Ctrl Pts',(14.010833412318,65.0202178156493,-5.));
#6921=CARTESIAN_POINT('Ctrl Pts',(13.9870473278488,64.5872484598238,-5.));
#6922=CARTESIAN_POINT('Ctrl Pts',(14.560033930632,67.0838378820497,-4.));
#6923=CARTESIAN_POINT('Ctrl Pts',(14.3929128788782,66.6845904658808,-4.));
#6924=CARTESIAN_POINT('Ctrl Pts',(14.0583616676485,65.8853571840297,-4.));
#6925=CARTESIAN_POINT('Ctrl Pts',(14.010833412318,65.0202178156493,-4.));
#6926=CARTESIAN_POINT('Ctrl Pts',(13.9870473278488,64.5872484598238,-4.));
#6927=CARTESIAN_POINT('Origin',(15.300142532381,64.4542341384965,-4.));
#6928=CARTESIAN_POINT('Origin',(30.4740854633774,61.8382715139467,-5.));
#6929=CARTESIAN_POINT('',(30.4740854633774,61.8382715139467,-5.));
#6930=CARTESIAN_POINT('',(28.3526655567612,69.4576441202241,-5.));
#6931=CARTESIAN_POINT('',(29.4491468064763,65.5194802652889,-5.));
#6932=CARTESIAN_POINT('',(30.4740854633774,61.8382715139467,-4.));
#6933=CARTESIAN_POINT('',(30.4740854633774,61.8382715139467,-5.));
#6934=CARTESIAN_POINT('',(28.3526655567612,69.4576441202241,-4.));
#6935=CARTESIAN_POINT('',(30.4740854633774,61.8382715139467,-4.));
#6936=CARTESIAN_POINT('',(28.3526655567612,69.4576441202241,-5.));
#6937=CARTESIAN_POINT('Ctrl Pts',(30.7673999203171,60.6650113020021,-5.));
#6938=CARTESIAN_POINT('Ctrl Pts',(30.7673999203171,60.6650113020021,-4.));
#6939=CARTESIAN_POINT('Ctrl Pts',(30.71823247339,60.8779654804245,-5.));
#6940=CARTESIAN_POINT('Ctrl Pts',(30.71823247339,60.8779654804245,-4.));
#6941=CARTESIAN_POINT('Ctrl Pts',(30.6275275941349,61.2708266975083,-5.));
#6942=CARTESIAN_POINT('Ctrl Pts',(30.6275275941349,61.2708266975083,-4.));
#6943=CARTESIAN_POINT('Ctrl Pts',(30.5222817785076,61.6600365724932,-5.));
#6944=CARTESIAN_POINT('Ctrl Pts',(30.5222817785076,61.6600365724932,-4.));
#6945=CARTESIAN_POINT('Ctrl Pts',(30.4740854633774,61.8382715139467,-5.));
#6946=CARTESIAN_POINT('Ctrl Pts',(30.4740854633774,61.8382715139467,-4.));
#6947=CARTESIAN_POINT('',(30.7673999203171,60.6650113020021,-5.));
#6948=CARTESIAN_POINT('Ctrl Pts',(30.7673999203171,60.6650113020021,-5.));
#6949=CARTESIAN_POINT('Ctrl Pts',(30.71823247339,60.8779654804245,-5.));
#6950=CARTESIAN_POINT('Ctrl Pts',(30.6275275941349,61.2708266975083,-5.));
#6951=CARTESIAN_POINT('Ctrl Pts',(30.5222817785076,61.6600365724932,-5.));
#6952=CARTESIAN_POINT('Ctrl Pts',(30.4740854633774,61.8382715139467,-5.));
#6953=CARTESIAN_POINT('',(30.7673999203171,60.6650113020021,-4.));
#6954=CARTESIAN_POINT('',(30.7673999203171,60.6650113020021,-5.));
#6955=CARTESIAN_POINT('Ctrl Pts',(30.7673999203171,60.6650113020021,-4.));
#6956=CARTESIAN_POINT('Ctrl Pts',(30.71823247339,60.8779654804245,-4.));
#6957=CARTESIAN_POINT('Ctrl Pts',(30.6275275941349,61.2708266975083,-4.));
#6958=CARTESIAN_POINT('Ctrl Pts',(30.5222817785076,61.6600365724932,-4.));
#6959=CARTESIAN_POINT('Ctrl Pts',(30.4740854633774,61.8382715139467,-4.));
#6960=CARTESIAN_POINT('Ctrl Pts',(31.0811778439011,61.8382715139467,-5.));
#6961=CARTESIAN_POINT('Ctrl Pts',(31.0811778439011,61.8382715139467,-4.));
#6962=CARTESIAN_POINT('Ctrl Pts',(31.009099777401,61.5817572570657,-5.));
#6963=CARTESIAN_POINT('Ctrl Pts',(31.009099777401,61.5817572570657,-4.));
#6964=CARTESIAN_POINT('Ctrl Pts',(30.8995744037673,61.1919740512794,-5.));
#6965=CARTESIAN_POINT('Ctrl Pts',(30.8995744037673,61.1919740512794,-4.));
#6966=CARTESIAN_POINT('Ctrl Pts',(30.8010767808816,60.7992766349685,-5.));
#6967=CARTESIAN_POINT('Ctrl Pts',(30.8010767808816,60.7992766349685,-4.));
#6968=CARTESIAN_POINT('Ctrl Pts',(30.7673999203171,60.6650113020021,-5.));
#6969=CARTESIAN_POINT('Ctrl Pts',(30.7673999203171,60.6650113020021,-4.));
#6970=CARTESIAN_POINT('',(31.0811778439011,61.8382715139467,-5.));
#6971=CARTESIAN_POINT('Ctrl Pts',(31.0811778439011,61.8382715139467,-5.));
#6972=CARTESIAN_POINT('Ctrl Pts',(31.009099777401,61.5817572570657,-5.));
#6973=CARTESIAN_POINT('Ctrl Pts',(30.8995744037673,61.1919740512794,-5.));
#6974=CARTESIAN_POINT('Ctrl Pts',(30.8010767808816,60.7992766349685,-5.));
#6975=CARTESIAN_POINT('Ctrl Pts',(30.7673999203171,60.6650113020021,-5.));
#6976=CARTESIAN_POINT('',(31.0811778439011,61.8382715139467,-4.));
#6977=CARTESIAN_POINT('',(31.0811778439011,61.8382715139467,-5.));
#6978=CARTESIAN_POINT('Ctrl Pts',(31.0811778439011,61.8382715139467,-4.));
#6979=CARTESIAN_POINT('Ctrl Pts',(31.009099777401,61.5817572570657,-4.));
#6980=CARTESIAN_POINT('Ctrl Pts',(30.8995744037673,61.1919740512794,-4.));
#6981=CARTESIAN_POINT('Ctrl Pts',(30.8010767808816,60.7992766349685,-4.));
#6982=CARTESIAN_POINT('Ctrl Pts',(30.7673999203171,60.6650113020021,-4.));
#6983=CARTESIAN_POINT('Origin',(33.1889554394211,69.4576441202241,-5.));
#6984=CARTESIAN_POINT('',(33.1889554394211,69.4576441202241,-5.));
#6985=CARTESIAN_POINT('',(32.2351297123725,66.0096742626434,-5.));
#6986=CARTESIAN_POINT('',(33.1889554394211,69.4576441202241,-4.));
#6987=CARTESIAN_POINT('',(33.1889554394211,69.4576441202241,-5.));
#6988=CARTESIAN_POINT('',(33.1889554394211,69.4576441202241,-4.));
#6989=CARTESIAN_POINT('Origin',(34.4645329845871,69.4576441202241,-5.));
#6990=CARTESIAN_POINT('',(34.4645329845871,69.4576441202241,-5.));
#6991=CARTESIAN_POINT('',(26.1759035742854,69.4576441202241,-5.));
#6992=CARTESIAN_POINT('',(34.4645329845871,69.4576441202241,-4.));
#6993=CARTESIAN_POINT('',(34.4645329845871,69.4576441202241,-5.));
#6994=CARTESIAN_POINT('',(34.4645329845871,69.4576441202241,-4.));
#6995=CARTESIAN_POINT('Origin',(37.206689967009,59.4576441202241,-5.));
#6996=CARTESIAN_POINT('',(37.206689967009,59.4576441202241,-5.));
#6997=CARTESIAN_POINT('',(35.6628167806917,65.0877856336897,-5.));
#6998=CARTESIAN_POINT('',(37.206689967009,59.4576441202241,-4.));
#6999=CARTESIAN_POINT('',(37.206689967009,59.4576441202241,-5.));
#7000=CARTESIAN_POINT('',(37.206689967009,59.4576441202241,-4.));
#7001=CARTESIAN_POINT('Origin',(35.8765431774582,59.4576441202241,-5.));
#7002=CARTESIAN_POINT('',(35.8765431774582,59.4576441202241,-5.));
#7003=CARTESIAN_POINT('',(26.8819086707209,59.4576441202241,-5.));
#7004=CARTESIAN_POINT('',(35.8765431774582,59.4576441202241,-4.));
#7005=CARTESIAN_POINT('',(35.8765431774582,59.4576441202241,-5.));
#7006=CARTESIAN_POINT('',(35.8765431774582,59.4576441202241,-4.));
#7007=CARTESIAN_POINT('Origin',(34.3076440227951,65.8832918558198,-5.));
#7008=CARTESIAN_POINT('',(34.3076440227951,65.8832918558198,-5.));
#7009=CARTESIAN_POINT('',(33.8015280292628,67.9561612802974,-5.));
#7010=CARTESIAN_POINT('',(34.3076440227951,65.8832918558198,-4.));
#7011=CARTESIAN_POINT('',(34.3076440227951,65.8832918558198,-5.));
#7012=CARTESIAN_POINT('',(34.3076440227951,65.8832918558198,-4.));
#7013=CARTESIAN_POINT('Ctrl Pts',(33.8096925152268,68.0592810068208,-5.));
#7014=CARTESIAN_POINT('Ctrl Pts',(33.8096925152268,68.0592810068208,-4.));
#7015=CARTESIAN_POINT('Ctrl Pts',(33.8812205202125,67.7195114913973,-5.));
#7016=CARTESIAN_POINT('Ctrl Pts',(33.8812205202125,67.7195114913973,-4.));
#7017=CARTESIAN_POINT('Ctrl Pts',(34.0345250353227,66.991290414609,-5.));
#7018=CARTESIAN_POINT('Ctrl Pts',(34.0345250353227,66.991290414609,-4.));
#7019=CARTESIAN_POINT('Ctrl Pts',(34.2126354289627,66.2687260067483,-5.));
#7020=CARTESIAN_POINT('Ctrl Pts',(34.2126354289627,66.2687260067483,-4.));
#7021=CARTESIAN_POINT('Ctrl Pts',(34.3076440227951,65.8832918558198,-5.));
#7022=CARTESIAN_POINT('Ctrl Pts',(34.3076440227951,65.8832918558198,-4.));
#7023=CARTESIAN_POINT('',(33.8096925152268,68.0592810068208,-5.));
#7024=CARTESIAN_POINT('Ctrl Pts',(33.8096925152268,68.0592810068208,-5.));
#7025=CARTESIAN_POINT('Ctrl Pts',(33.8812205202125,67.7195114913973,-5.));
#7026=CARTESIAN_POINT('Ctrl Pts',(34.0345250353227,66.991290414609,-5.));
#7027=CARTESIAN_POINT('Ctrl Pts',(34.2126354289627,66.2687260067483,-5.));
#7028=CARTESIAN_POINT('Ctrl Pts',(34.3076440227951,65.8832918558198,-5.));
#7029=CARTESIAN_POINT('',(33.8096925152268,68.0592810068208,-4.));
#7030=CARTESIAN_POINT('',(33.8096925152268,68.0592810068208,-5.));
#7031=CARTESIAN_POINT('Ctrl Pts',(33.8096925152268,68.0592810068208,-4.));
#7032=CARTESIAN_POINT('Ctrl Pts',(33.8812205202125,67.7195114913973,-4.));
#7033=CARTESIAN_POINT('Ctrl Pts',(34.0345250353227,66.991290414609,-4.));
#7034=CARTESIAN_POINT('Ctrl Pts',(34.2126354289627,66.2687260067483,-4.));
#7035=CARTESIAN_POINT('Ctrl Pts',(34.3076440227951,65.8832918558198,-4.));
#7036=CARTESIAN_POINT('Ctrl Pts',(33.0320664776291,64.5190357122499,-5.));
#7037=CARTESIAN_POINT('Ctrl Pts',(33.0320664776291,64.5190357122499,-4.));
#7038=CARTESIAN_POINT('Ctrl Pts',(33.1974629271194,65.1254821868017,-5.));
#7039=CARTESIAN_POINT('Ctrl Pts',(33.1974629271194,65.1254821868017,-4.));
#7040=CARTESIAN_POINT('Ctrl Pts',(33.5157881588134,66.292660896602,-5.));
#7041=CARTESIAN_POINT('Ctrl Pts',(33.5157881588134,66.292660896602,-4.));
#7042=CARTESIAN_POINT('Ctrl Pts',(33.714316276542,67.4859870844249,-5.));
#7043=CARTESIAN_POINT('Ctrl Pts',(33.714316276542,67.4859870844249,-4.));
#7044=CARTESIAN_POINT('Ctrl Pts',(33.8096925152268,68.0592810068208,-5.));
#7045=CARTESIAN_POINT('Ctrl Pts',(33.8096925152268,68.0592810068208,-4.));
#7046=CARTESIAN_POINT('',(33.0320664776291,64.5190357122499,-5.));
#7047=CARTESIAN_POINT('Ctrl Pts',(33.0320664776291,64.5190357122499,-5.));
#7048=CARTESIAN_POINT('Ctrl Pts',(33.1974629271194,65.1254821868017,-5.));
#7049=CARTESIAN_POINT('Ctrl Pts',(33.5157881588134,66.292660896602,-5.));
#7050=CARTESIAN_POINT('Ctrl Pts',(33.714316276542,67.4859870844249,-5.));
#7051=CARTESIAN_POINT('Ctrl Pts',(33.8096925152268,68.0592810068208,-5.));
#7052=CARTESIAN_POINT('',(33.0320664776291,64.5190357122499,-4.));
#7053=CARTESIAN_POINT('',(33.0320664776291,64.5190357122499,-5.));
#7054=CARTESIAN_POINT('Ctrl Pts',(33.0320664776291,64.5190357122499,-4.));
#7055=CARTESIAN_POINT('Ctrl Pts',(33.1974629271194,65.1254821868017,-4.));
#7056=CARTESIAN_POINT('Ctrl Pts',(33.5157881588134,66.292660896602,-4.));
#7057=CARTESIAN_POINT('Ctrl Pts',(33.714316276542,67.4859870844249,-4.));
#7058=CARTESIAN_POINT('Ctrl Pts',(33.8096925152268,68.0592810068208,-4.));
#7059=CARTESIAN_POINT('Origin',(31.5995952022995,59.4576441202241,-5.));
#7060=CARTESIAN_POINT('',(31.5995952022995,59.4576441202241,-5.));
#7061=CARTESIAN_POINT('',(31.9832674676938,60.8132842727382,-5.));
#7062=CARTESIAN_POINT('',(31.5995952022995,59.4576441202241,-4.));
#7063=CARTESIAN_POINT('',(31.5995952022995,59.4576441202241,-5.));
#7064=CARTESIAN_POINT('',(31.5995952022995,59.4576441202241,-4.));
#7065=CARTESIAN_POINT('Origin',(30.0034161938156,59.4576441202241,-5.));
#7066=CARTESIAN_POINT('',(30.0034161938156,59.4576441202241,-5.));
#7067=CARTESIAN_POINT('',(23.9453451788996,59.4576441202241,-5.));
#7068=CARTESIAN_POINT('',(30.0034161938156,59.4576441202241,-4.));
#7069=CARTESIAN_POINT('',(30.0034161938156,59.4576441202241,-5.));
#7070=CARTESIAN_POINT('',(30.0034161938156,59.4576441202241,-4.));
#7071=CARTESIAN_POINT('Origin',(28.1002780331101,66.2107132825929,-5.));
#7072=CARTESIAN_POINT('',(28.1002780331101,66.2107132825929,-5.));
#7073=CARTESIAN_POINT('',(27.7172115073291,67.5699812515712,-5.));
#7074=CARTESIAN_POINT('',(28.1002780331101,66.2107132825929,-4.));
#7075=CARTESIAN_POINT('',(28.1002780331101,66.2107132825929,-5.));
#7076=CARTESIAN_POINT('',(28.1002780331101,66.2107132825929,-4.));
#7077=CARTESIAN_POINT('Ctrl Pts',(27.6500746143784,68.0592810068208,-5.));
#7078=CARTESIAN_POINT('Ctrl Pts',(27.6500746143784,68.0592810068208,-4.));
#7079=CARTESIAN_POINT('Ctrl Pts',(27.7498327801655,67.6377170901361,-5.));
#7080=CARTESIAN_POINT('Ctrl Pts',(27.7498327801655,67.6377170901361,-4.));
#7081=CARTESIAN_POINT('Ctrl Pts',(27.895880275901,67.0205410039635,-5.));
#7082=CARTESIAN_POINT('Ctrl Pts',(27.895880275901,67.0205410039635,-4.));
#7083=CARTESIAN_POINT('Ctrl Pts',(28.0510860222171,66.4056129460482,-5.));
#7084=CARTESIAN_POINT('Ctrl Pts',(28.0510860222171,66.4056129460482,-4.));
#7085=CARTESIAN_POINT('Ctrl Pts',(28.1002780331101,66.2107132825929,-5.));
#7086=CARTESIAN_POINT('Ctrl Pts',(28.1002780331101,66.2107132825929,-4.));
#7087=CARTESIAN_POINT('',(27.6500746143784,68.0592810068208,-5.));
#7088=CARTESIAN_POINT('Ctrl Pts',(27.6500746143784,68.0592810068208,-5.));
#7089=CARTESIAN_POINT('Ctrl Pts',(27.7498327801655,67.6377170901361,-5.));
#7090=CARTESIAN_POINT('Ctrl Pts',(27.895880275901,67.0205410039635,-5.));
#7091=CARTESIAN_POINT('Ctrl Pts',(28.0510860222171,66.4056129460482,-5.));
#7092=CARTESIAN_POINT('Ctrl Pts',(28.1002780331101,66.2107132825929,-5.));
#7093=CARTESIAN_POINT('',(27.6500746143784,68.0592810068208,-4.));
#7094=CARTESIAN_POINT('',(27.6500746143784,68.0592810068208,-5.));
#7095=CARTESIAN_POINT('Ctrl Pts',(27.6500746143784,68.0592810068208,-4.));
#7096=CARTESIAN_POINT('Ctrl Pts',(27.7498327801655,67.6377170901361,-4.));
#7097=CARTESIAN_POINT('Ctrl Pts',(27.895880275901,67.0205410039635,-4.));
#7098=CARTESIAN_POINT('Ctrl Pts',(28.0510860222171,66.4056129460482,-4.));
#7099=CARTESIAN_POINT('Ctrl Pts',(28.1002780331101,66.2107132825929,-4.));
#7100=CARTESIAN_POINT('Ctrl Pts',(27.2271558178391,66.0128961954195,-5.));
#7101=CARTESIAN_POINT('Ctrl Pts',(27.2271558178391,66.0128961954195,-4.));
#7102=CARTESIAN_POINT('Ctrl Pts',(27.3059727019024,66.3545504362396,-5.));
#7103=CARTESIAN_POINT('Ctrl Pts',(27.3059727019024,66.3545504362396,-4.));
#7104=CARTESIAN_POINT('Ctrl Pts',(27.4625887731502,67.0334474207927,-5.));
#7105=CARTESIAN_POINT('Ctrl Pts',(27.4625887731502,67.0334474207927,-4.));
#7106=CARTESIAN_POINT('Ctrl Pts',(27.5878506527058,67.7188210055678,-5.));
#7107=CARTESIAN_POINT('Ctrl Pts',(27.5878506527058,67.7188210055678,-4.));
#7108=CARTESIAN_POINT('Ctrl Pts',(27.6500746143784,68.0592810068208,-5.));
#7109=CARTESIAN_POINT('Ctrl Pts',(27.6500746143784,68.0592810068208,-4.));
#7110=CARTESIAN_POINT('',(27.2271558178391,66.0128961954195,-5.));
#7111=CARTESIAN_POINT('Ctrl Pts',(27.2271558178391,66.0128961954195,-5.));
#7112=CARTESIAN_POINT('Ctrl Pts',(27.3059727019024,66.3545504362396,-5.));
#7113=CARTESIAN_POINT('Ctrl Pts',(27.4625887731502,67.0334474207927,-5.));
#7114=CARTESIAN_POINT('Ctrl Pts',(27.5878506527058,67.7188210055678,-5.));
#7115=CARTESIAN_POINT('Ctrl Pts',(27.6500746143784,68.0592810068208,-5.));
#7116=CARTESIAN_POINT('',(27.2271558178391,66.0128961954195,-4.));
#7117=CARTESIAN_POINT('',(27.2271558178391,66.0128961954195,-5.));
#7118=CARTESIAN_POINT('Ctrl Pts',(27.2271558178391,66.0128961954195,-4.));
#7119=CARTESIAN_POINT('Ctrl Pts',(27.3059727019024,66.3545504362396,-4.));
#7120=CARTESIAN_POINT('Ctrl Pts',(27.4625887731502,67.0334474207927,-4.));
#7121=CARTESIAN_POINT('Ctrl Pts',(27.5878506527058,67.7188210055678,-4.));
#7122=CARTESIAN_POINT('Ctrl Pts',(27.6500746143784,68.0592810068208,-4.));
#7123=CARTESIAN_POINT('Origin',(25.7060095203842,59.4576441202241,-5.));
#7124=CARTESIAN_POINT('',(25.7060095203842,59.4576441202241,-5.));
#7125=CARTESIAN_POINT('',(26.2559384346612,61.8275165398299,-5.));
#7126=CARTESIAN_POINT('',(25.7060095203842,59.4576441202241,-4.));
#7127=CARTESIAN_POINT('',(25.7060095203842,59.4576441202241,-5.));
#7128=CARTESIAN_POINT('',(25.7060095203842,59.4576441202241,-4.));
#7129=CARTESIAN_POINT('Origin',(24.3485733402695,59.4576441202241,-5.));
#7130=CARTESIAN_POINT('',(24.3485733402695,59.4576441202241,-5.));
#7131=CARTESIAN_POINT('',(21.1179237521265,59.4576441202241,-5.));
#7132=CARTESIAN_POINT('',(24.3485733402695,59.4576441202241,-4.));
#7133=CARTESIAN_POINT('',(24.3485733402695,59.4576441202241,-5.));
#7134=CARTESIAN_POINT('',(24.3485733402695,59.4576441202241,-4.));
#7135=CARTESIAN_POINT('Origin',(27.0020529163803,69.4576441202241,-5.));
#7136=CARTESIAN_POINT('',(27.0020529163803,69.4576441202241,-5.));
#7137=CARTESIAN_POINT('',(26.3067994374223,66.8374864780951,-5.));
#7138=CARTESIAN_POINT('',(27.0020529163803,69.4576441202241,-4.));
#7139=CARTESIAN_POINT('',(27.0020529163803,69.4576441202241,-5.));
#7140=CARTESIAN_POINT('',(27.0020529163803,69.4576441202241,-4.));
#7141=CARTESIAN_POINT('Origin',(28.3526655567612,69.4576441202241,-5.));
#7142=CARTESIAN_POINT('',(23.1199698603724,69.4576441202241,-5.));
#7143=CARTESIAN_POINT('',(28.3526655567612,69.4576441202241,-4.));
#7144=CARTESIAN_POINT('Origin',(15.300142532381,64.4542341384965,-4.));
#7145=CARTESIAN_POINT('Origin',(-5.33082519641264,60.9446834478456,-5.));
#7146=CARTESIAN_POINT('',(-5.33082519641264,60.9446834478456,-5.));
#7147=CARTESIAN_POINT('',(-5.33082519641264,69.4576441202241,-5.));
#7148=CARTESIAN_POINT('',(-5.33082519641264,63.605816014255,-5.));
#7149=CARTESIAN_POINT('',(-5.33082519641264,60.9446834478456,-4.));
#7150=CARTESIAN_POINT('',(-5.33082519641264,60.9446834478456,-5.));
#7151=CARTESIAN_POINT('',(-5.33082519641264,69.4576441202241,-4.));
#7152=CARTESIAN_POINT('',(-5.33082519641264,60.9446834478456,-4.));
#7153=CARTESIAN_POINT('',(-5.33082519641264,69.4576441202241,-5.));
#7154=CARTESIAN_POINT('Origin',(-2.43860159983976,69.4576441202241,-5.));
#7155=CARTESIAN_POINT('',(-2.43860159983976,69.4576441202241,-5.));
#7156=CARTESIAN_POINT('',(-1.87284901081027,71.1228782834512,-5.));
#7157=CARTESIAN_POINT('',(-2.43860159983976,69.4576441202241,-4.));
#7158=CARTESIAN_POINT('',(-2.43860159983976,69.4576441202241,-5.));
#7159=CARTESIAN_POINT('',(-2.43860159983976,69.4576441202241,-4.));
#7160=CARTESIAN_POINT('Origin',(-1.24487732520445,69.4576441202241,-5.));
#7161=CARTESIAN_POINT('',(-1.24487732520445,69.4576441202241,-5.));
#7162=CARTESIAN_POINT('',(8.32119841938958,69.4576441202241,-5.));
#7163=CARTESIAN_POINT('',(-1.24487732520445,69.4576441202241,-4.));
#7164=CARTESIAN_POINT('',(-1.24487732520445,69.4576441202241,-5.));
#7165=CARTESIAN_POINT('',(-1.24487732520445,69.4576441202241,-4.));
#7166=CARTESIAN_POINT('Origin',(1.66098917851107,61.0879306945879,-5.));
#7167=CARTESIAN_POINT('',(1.66098917851107,61.0879306945879,-5.));
#7168=CARTESIAN_POINT('',(1.73140940058363,60.8851006343069,-5.));
#7169=CARTESIAN_POINT('',(1.66098917851107,61.0879306945879,-4.));
#7170=CARTESIAN_POINT('',(1.66098917851107,61.0879306945879,-5.));
#7171=CARTESIAN_POINT('',(1.66098917851107,61.0879306945879,-4.));
#7172=CARTESIAN_POINT('Origin',(1.66098917851107,69.4576441202241,-5.));
#7173=CARTESIAN_POINT('',(1.66098917851107,69.4576441202241,-5.));
#7174=CARTESIAN_POINT('',(1.66098917851107,67.8622963504442,-5.));
#7175=CARTESIAN_POINT('',(1.66098917851107,69.4576441202241,-4.));
#7176=CARTESIAN_POINT('',(1.66098917851107,69.4576441202241,-5.));
#7177=CARTESIAN_POINT('',(1.66098917851107,69.4576441202241,-4.));
#7178=CARTESIAN_POINT('Origin',(2.93656910786287,69.4576441202241,-5.));
#7179=CARTESIAN_POINT('',(2.93656910786287,69.4576441202241,-5.));
#7180=CARTESIAN_POINT('',(10.4119216359232,69.4576441202241,-5.));
#7181=CARTESIAN_POINT('',(2.93656910786287,69.4576441202241,-4.));
#7182=CARTESIAN_POINT('',(2.93656910786287,69.4576441202241,-5.));
#7183=CARTESIAN_POINT('',(2.93656910786287,69.4576441202241,-4.));
#7184=CARTESIAN_POINT('Origin',(2.93656910786287,59.4576441202241,-5.));
#7185=CARTESIAN_POINT('',(2.93656910786287,59.4576441202241,-5.));
#7186=CARTESIAN_POINT('',(2.93656910786288,62.8622963504442,-5.));
#7187=CARTESIAN_POINT('',(2.93656910786287,59.4576441202241,-4.));
#7188=CARTESIAN_POINT('',(2.93656910786287,59.4576441202241,-5.));
#7189=CARTESIAN_POINT('',(2.93656910786287,59.4576441202241,-4.));
#7190=CARTESIAN_POINT('Origin',(1.15621413120882,59.4576441202241,-5.));
#7191=CARTESIAN_POINT('',(1.15621413120882,59.4576441202241,-5.));
#7192=CARTESIAN_POINT('',(9.52174414759621,59.4576441202241,-5.));
#7193=CARTESIAN_POINT('',(1.15621413120882,59.4576441202241,-4.));
#7194=CARTESIAN_POINT('',(1.15621413120882,59.4576441202241,-5.));
#7195=CARTESIAN_POINT('',(1.15621413120882,59.4576441202241,-4.));
#7196=CARTESIAN_POINT('Origin',(-1.2380555736099,66.4153521213609,-5.));
#7197=CARTESIAN_POINT('',(-1.2380555736099,66.4153521213609,-5.));
#7198=CARTESIAN_POINT('',(-0.202739141637945,63.4067397633037,-5.));
#7199=CARTESIAN_POINT('',(-1.2380555736099,66.4153521213609,-4.));
#7200=CARTESIAN_POINT('',(-1.2380555736099,66.4153521213609,-5.));
#7201=CARTESIAN_POINT('',(-1.2380555736099,66.4153521213609,-4.));
#7202=CARTESIAN_POINT('Ctrl Pts',(-1.77011583915098,68.0183528814394,-5.));
#7203=CARTESIAN_POINT('Ctrl Pts',(-1.77011583915098,68.0183528814394,-4.));
#7204=CARTESIAN_POINT('Ctrl Pts',(-1.69792972227832,67.7936290272988,-5.));
#7205=CARTESIAN_POINT('Ctrl Pts',(-1.69792972227832,67.7936290272988,-4.));
#7206=CARTESIAN_POINT('Ctrl Pts',(-1.5257414452342,67.2575867115247,-5.));
#7207=CARTESIAN_POINT('Ctrl Pts',(-1.5257414452342,67.2575867115247,-4.));
#7208=CARTESIAN_POINT('Ctrl Pts',(-1.34375072185809,66.7247872332227,-5.));
#7209=CARTESIAN_POINT('Ctrl Pts',(-1.34375072185809,66.7247872332227,-4.));
#7210=CARTESIAN_POINT('Ctrl Pts',(-1.2380555736099,66.4153521213609,-5.));
#7211=CARTESIAN_POINT('Ctrl Pts',(-1.2380555736099,66.4153521213609,-4.));
#7212=CARTESIAN_POINT('',(-1.77011583915098,68.0183528814394,-5.));
#7213=CARTESIAN_POINT('Ctrl Pts',(-1.77011583915098,68.0183528814394,-5.));
#7214=CARTESIAN_POINT('Ctrl Pts',(-1.69792972227832,67.7936290272988,-5.));
#7215=CARTESIAN_POINT('Ctrl Pts',(-1.5257414452342,67.2575867115247,-5.));
#7216=CARTESIAN_POINT('Ctrl Pts',(-1.34375072185809,66.7247872332227,-5.));
#7217=CARTESIAN_POINT('Ctrl Pts',(-1.2380555736099,66.4153521213609,-5.));
#7218=CARTESIAN_POINT('',(-1.77011583915098,68.0183528814394,-4.));
#7219=CARTESIAN_POINT('',(-1.77011583915098,68.0183528814394,-5.));
#7220=CARTESIAN_POINT('Ctrl Pts',(-1.77011583915098,68.0183528814394,-4.));
#7221=CARTESIAN_POINT('Ctrl Pts',(-1.69792972227832,67.7936290272988,-4.));
#7222=CARTESIAN_POINT('Ctrl Pts',(-1.5257414452342,67.2575867115247,-4.));
#7223=CARTESIAN_POINT('Ctrl Pts',(-1.34375072185809,66.7247872332227,-4.));
#7224=CARTESIAN_POINT('Ctrl Pts',(-1.2380555736099,66.4153521213609,-4.));
#7225=CARTESIAN_POINT('Ctrl Pts',(-2.2476056682144,66.5381353054124,-5.));
#7226=CARTESIAN_POINT('Ctrl Pts',(-2.2476056682144,66.5381353054124,-4.));
#7227=CARTESIAN_POINT('Ctrl Pts',(-2.15235490054587,66.826048184143,-5.));
#7228=CARTESIAN_POINT('Ctrl Pts',(-2.15235490054587,66.826048184143,-4.));
#7229=CARTESIAN_POINT('Ctrl Pts',(-1.98951198647179,67.318270696565,-5.));
#7230=CARTESIAN_POINT('Ctrl Pts',(-1.98951198647179,67.318270696565,-4.));
#7231=CARTESIAN_POINT('Ctrl Pts',(-1.83447000678353,67.8130019359823,-5.));
#7232=CARTESIAN_POINT('Ctrl Pts',(-1.83447000678353,67.8130019359823,-4.));
#7233=CARTESIAN_POINT('Ctrl Pts',(-1.77011583915098,68.0183528814394,-5.));
#7234=CARTESIAN_POINT('Ctrl Pts',(-1.77011583915098,68.0183528814394,-4.));
#7235=CARTESIAN_POINT('',(-2.2476056682144,66.5381353054124,-5.));
#7236=CARTESIAN_POINT('Ctrl Pts',(-2.2476056682144,66.5381353054124,-5.));
#7237=CARTESIAN_POINT('Ctrl Pts',(-2.15235490054587,66.826048184143,-5.));
#7238=CARTESIAN_POINT('Ctrl Pts',(-1.98951198647179,67.318270696565,-5.));
#7239=CARTESIAN_POINT('Ctrl Pts',(-1.83447000678353,67.8130019359823,-5.));
#7240=CARTESIAN_POINT('Ctrl Pts',(-1.77011583915098,68.0183528814394,-5.));
#7241=CARTESIAN_POINT('',(-2.2476056682144,66.5381353054124,-4.));
#7242=CARTESIAN_POINT('',(-2.2476056682144,66.5381353054124,-5.));
#7243=CARTESIAN_POINT('Ctrl Pts',(-2.2476056682144,66.5381353054124,-4.));
#7244=CARTESIAN_POINT('Ctrl Pts',(-2.15235490054587,66.826048184143,-4.));
#7245=CARTESIAN_POINT('Ctrl Pts',(-1.98951198647179,67.318270696565,-4.));
#7246=CARTESIAN_POINT('Ctrl Pts',(-1.83447000678353,67.8130019359823,-4.));
#7247=CARTESIAN_POINT('Ctrl Pts',(-1.77011583915098,68.0183528814394,-4.));
#7248=CARTESIAN_POINT('Origin',(-4.61459045281751,59.4576441202241,-5.));
#7249=CARTESIAN_POINT('',(-4.61459045281751,59.4576441202241,-5.));
#7250=CARTESIAN_POINT('',(-2.45988428275989,65.9031346628775,-5.));
#7251=CARTESIAN_POINT('',(-4.61459045281751,59.4576441202241,-4.));
#7252=CARTESIAN_POINT('',(-4.61459045281751,59.4576441202241,-5.));
#7253=CARTESIAN_POINT('',(-4.61459045281751,59.4576441202241,-4.));
#7254=CARTESIAN_POINT('Origin',(-6.60640490224703,59.4576441202241,-5.));
#7255=CARTESIAN_POINT('',(-6.60640490224703,59.4576441202241,-5.));
#7256=CARTESIAN_POINT('',(5.64043463086829,59.4576441202241,-5.));
#7257=CARTESIAN_POINT('',(-6.60640490224703,59.4576441202241,-4.));
#7258=CARTESIAN_POINT('',(-6.60640490224703,59.4576441202241,-5.));
#7259=CARTESIAN_POINT('',(-6.60640490224703,59.4576441202241,-4.));
#7260=CARTESIAN_POINT('Origin',(-6.60640490224703,69.4576441202241,-5.));
#7261=CARTESIAN_POINT('',(-6.60640490224703,69.4576441202241,-5.));
#7262=CARTESIAN_POINT('',(-6.60640490224703,67.8622963504442,-5.));
#7263=CARTESIAN_POINT('',(-6.60640490224703,69.4576441202241,-4.));
#7264=CARTESIAN_POINT('',(-6.60640490224703,69.4576441202241,-5.));
#7265=CARTESIAN_POINT('',(-6.60640490224703,69.4576441202241,-4.));
#7266=CARTESIAN_POINT('Origin',(-5.33082519641264,69.4576441202241,-5.));
#7267=CARTESIAN_POINT('',(6.27822448378548,69.4576441202241,-5.));
#7268=CARTESIAN_POINT('',(-5.33082519641264,69.4576441202241,-4.));
#7269=CARTESIAN_POINT('Origin',(15.300142532381,64.4542341384965,-4.));
#7270=CARTESIAN_POINT('Origin',(17.8872741639836,66.2669485806643,-5.));
#7271=CARTESIAN_POINT('Origin',(5.09477498371229,72.1041538956309,23.4437674375703));
#7272=CARTESIAN_POINT('',(5.09477498371217,37.4552318064622,24.9437674375702));
#7273=CARTESIAN_POINT('Origin',(5.09477498371217,37.4552318064622,23.4437674375702));
#7274=CARTESIAN_POINT('',(5.09477498371219,42.4552318064626,24.9437674375702));
#7275=CARTESIAN_POINT('',(5.09477498371229,72.1041538956309,24.9437674375703));
#7276=CARTESIAN_POINT('Origin',(5.09477498371219,42.4552318064626,23.4437674375702));
#7277=CARTESIAN_POINT('Origin',(5.09477498371229,72.1041538956309,23.4437674375703));
#7278=CARTESIAN_POINT('',(5.09477498371235,90.078665354866,24.9437674375703));
#7279=CARTESIAN_POINT('Origin',(5.09477498371235,90.078665354866,23.4437674375703));
#7280=CARTESIAN_POINT('',(5.09477498371237,95.0786653548664,24.9437674375703));
#7281=CARTESIAN_POINT('',(5.09477498371229,72.1041538956309,24.9437674375703));
#7282=CARTESIAN_POINT('Origin',(5.09477498371237,95.0786653548664,23.4437674375703));
#7283=CARTESIAN_POINT('Origin',(78.5119282097001,79.6101234864379,18.8406751732772));
#7284=CARTESIAN_POINT('',(78.5119282097001,79.6101234864379,18.8406751732772));
#7285=CARTESIAN_POINT('',(78.5119282097001,51.6101234864379,18.8406751732772));
#7286=CARTESIAN_POINT('',(78.5119282097001,60.0326776464502,18.8406751732772));
#7287=CARTESIAN_POINT('',(76.0119282097001,79.6101234864379,18.8406751732772));
#7288=CARTESIAN_POINT('',(78.5119282097001,79.6101234864379,18.8406751732772));
#7289=CARTESIAN_POINT('',(76.0119282097001,51.6101234864379,18.8406751732772));
#7290=CARTESIAN_POINT('',(76.0119282097001,51.6101234864379,18.8406751732772));
#7291=CARTESIAN_POINT('',(78.5119282097001,51.6101234864379,18.8406751732772));
#7292=CARTESIAN_POINT('Origin',(78.5119282097001,51.6101234864379,21.8406751732772));
#7293=CARTESIAN_POINT('',(78.5119282097001,51.6101234864379,39.));
#7294=CARTESIAN_POINT('',(78.5119282097001,51.6101234864379,10.9203375866386));
#7295=CARTESIAN_POINT('',(76.0119282097001,51.6101234864379,39.));
#7296=CARTESIAN_POINT('',(76.0119282097001,51.6101234864379,47.0000007003546));
#7297=CARTESIAN_POINT('',(48.1996011868418,51.6101234864379,39.));
#7298=CARTESIAN_POINT('Origin',(78.5119282097001,79.6101234864379,39.));
#7299=CARTESIAN_POINT('',(78.5119282097001,79.6101234864379,39.));
#7300=CARTESIAN_POINT('',(78.5119282097001,79.6101234864379,10.9203375866386));
#7301=CARTESIAN_POINT('',(76.0119282097001,79.6101234864379,39.));
#7302=CARTESIAN_POINT('',(48.1996011868418,79.6101234864379,39.));
#7303=CARTESIAN_POINT('',(76.0119282097001,79.6101234864379,21.8406751732772));
#7304=CARTESIAN_POINT('Origin',(76.0119282097001,65.6101234864379,30.4203375866386));
#7305=CARTESIAN_POINT('',(76.0119282097001,65.9385360335511,39.));
#7306=CARTESIAN_POINT('Origin',(17.8872741639836,66.2669485806643,39.));
#7307=CARTESIAN_POINT('',(78.5119282097001,92.0786653548662,39.));
#7308=CARTESIAN_POINT('',(78.5119282097001,53.3610901935634,39.));
#7309=CARTESIAN_POINT('',(75.5119282097,95.0786653548662,39.));
#7310=CARTESIAN_POINT('Origin',(75.5119282097,92.0786653548662,39.));
#7311=CARTESIAN_POINT('',(-39.7373798817329,95.0786653548662,39.));
#7312=CARTESIAN_POINT('',(46.6996011868418,95.0786653548662,39.));
#7313=CARTESIAN_POINT('',(-42.7373798817329,92.0786653548662,39.));
#7314=CARTESIAN_POINT('Origin',(-39.7373798817328,92.0786653548662,39.));
#7315=CARTESIAN_POINT('',(-42.7373798817329,40.4552318064624,39.));
#7316=CARTESIAN_POINT('',(-42.7373798817329,79.1728069677652,39.));
#7317=CARTESIAN_POINT('',(-39.7373798817329,37.4552318064624,39.));
#7318=CARTESIAN_POINT('Origin',(-39.7373798817329,40.4552318064624,39.));
#7319=CARTESIAN_POINT('',(75.5119282097001,37.4552318064624,39.));
#7320=CARTESIAN_POINT('',(-10.9250528588746,37.4552318064624,39.));
#7321=CARTESIAN_POINT('',(78.5119282097001,40.4552318064624,39.));
#7322=CARTESIAN_POINT('Origin',(75.5119282097001,40.4552318064624,39.));
#7323=CARTESIAN_POINT('',(78.5119282097001,53.3610901935634,39.));
#7324=CARTESIAN_POINT('',(-37.7373798817329,42.4552318064624,39.));
#7325=CARTESIAN_POINT('',(-37.7373798817329,90.0786653548662,39.));
#7326=CARTESIAN_POINT('',(-37.7373798817329,54.3610901935634,39.));
#7327=CARTESIAN_POINT('',(73.5119282097001,90.0786653548662,39.));
#7328=CARTESIAN_POINT('',(-9.92505285887463,90.0786653548662,39.));
#7329=CARTESIAN_POINT('',(73.5119282097001,42.4552318064624,39.));
#7330=CARTESIAN_POINT('',(73.5119282097001,78.1728069677652,39.));
#7331=CARTESIAN_POINT('',(45.6996011868418,42.4552318064624,39.));
#7332=CARTESIAN_POINT('Origin',(-34.37595899871,95.0786653548662,4.91782903206381));
#7333=CARTESIAN_POINT('',(-36.87595899871,95.0786653548662,4.9178290320638));
#7334=CARTESIAN_POINT('Origin',(-34.37595899871,95.0786653548662,4.91782903206381));
#7335=CARTESIAN_POINT('',(-36.87595899871,90.0786653548662,4.91782903206381));
#7336=CARTESIAN_POINT('',(-36.87595899871,95.0786653548662,4.9178290320638));
#7337=CARTESIAN_POINT('Origin',(-34.37595899871,90.0786653548662,4.91782903206381));
#7338=CARTESIAN_POINT('Origin',(22.9240410012901,95.0786653548662,4.91782903206381));
#7339=CARTESIAN_POINT('',(20.4240410012901,95.0786653548662,4.9178290320638));
#7340=CARTESIAN_POINT('Origin',(22.9240410012901,95.0786653548662,4.91782903206381));
#7341=CARTESIAN_POINT('',(20.4240410012901,90.0786653548662,4.91782903206381));
#7342=CARTESIAN_POINT('',(20.4240410012901,95.0786653548662,4.9178290320638));
#7343=CARTESIAN_POINT('Origin',(22.9240410012901,90.0786653548662,4.91782903206381));
#7344=CARTESIAN_POINT('Origin',(67.4408527935924,95.0786653548662,20.2356564509804));
#7345=CARTESIAN_POINT('',(27.5210515194069,90.0786653548662,20.2356564509804));
#7346=CARTESIAN_POINT('',(67.4408527935924,90.0786653548662,20.2356564509804));
#7347=CARTESIAN_POINT('',(14.8517364559298,90.0786653548662,20.2356564509804));
#7348=CARTESIAN_POINT('',(27.5210515194069,95.0786653548662,20.2356564509804));
#7349=CARTESIAN_POINT('',(27.5210515194069,95.0786653548662,20.2356564509804));
#7350=CARTESIAN_POINT('',(67.4408527935924,95.0786653548662,20.2356564509804));
#7351=CARTESIAN_POINT('',(71.4763905016462,95.0786653548662,20.2356564509804));
#7352=CARTESIAN_POINT('',(67.4408527935924,95.0786653548662,20.2356564509804));
#7353=CARTESIAN_POINT('Origin',(67.4408527935924,95.0786653548662,-0.331025165479903));
#7354=CARTESIAN_POINT('',(67.4408527935924,90.0786653548662,0.));
#7355=CARTESIAN_POINT('',(67.4408527935924,90.0786653548662,-0.165512582739952));
#7356=CARTESIAN_POINT('',(67.4408527935924,95.0786653548662,-0.331025165479905));
#7357=CARTESIAN_POINT('',(67.4408527935924,95.0786653548662,-0.165512582739952));
#7358=CARTESIAN_POINT('',(67.4408527935924,89.0786653548662,-0.331025165479905));
#7359=CARTESIAN_POINT('',(67.4408527935924,95.0786653548662,-0.331025165479905));
#7360=CARTESIAN_POINT('',(67.4408527935924,89.0786653548662,0.));
#7361=CARTESIAN_POINT('',(67.4408527935924,89.0786653548662,15.0960313786162));
#7362=CARTESIAN_POINT('',(67.4408527935924,80.6728069677652,0.));
#7363=CARTESIAN_POINT('Origin',(27.5210515194069,95.0786653548662,-0.331025165479907));
#7364=CARTESIAN_POINT('',(27.5210515194069,95.0786653548662,-0.331025165479906));
#7365=CARTESIAN_POINT('',(51.5164898645535,95.0786653548662,-0.331025165479906));
#7366=CARTESIAN_POINT('',(27.5210515194069,89.0786653548662,-0.331025165479906));
#7367=CARTESIAN_POINT('',(27.5210515194069,95.0786653548662,-0.331025165479906));
#7368=CARTESIAN_POINT('',(43.1074468974412,89.0786653548662,-0.331025165479906));
#7369=CARTESIAN_POINT('Origin',(27.5210515194069,95.0786653548662,20.2356564509804));
#7370=CARTESIAN_POINT('',(27.5210515194069,90.0786653548662,0.));
#7371=CARTESIAN_POINT('',(27.5210515194069,90.0786653548662,10.1178282254902));
#7372=CARTESIAN_POINT('',(27.5210515194069,89.0786653548662,0.));
#7373=CARTESIAN_POINT('',(27.5210515194069,80.6728069677652,0.));
#7374=CARTESIAN_POINT('',(27.5210515194069,89.0786653548662,4.81269057038603));
#7375=CARTESIAN_POINT('',(27.5210515194069,95.0786653548662,10.1178282254902));
#7376=CARTESIAN_POINT('Origin',(18.77404100129,89.0786653548662,9.95640630625197));
#7377=CARTESIAN_POINT('',(18.3306575826368,89.0786653548662,0.));
#7378=CARTESIAN_POINT('Origin',(14.62404100129,95.0786653548662,4.91782903206381));
#7379=CARTESIAN_POINT('',(12.12404100129,95.0786653548662,4.9178290320638));
#7380=CARTESIAN_POINT('Origin',(14.62404100129,95.0786653548662,4.91782903206381));
#7381=CARTESIAN_POINT('',(12.12404100129,90.0786653548662,4.91782903206381));
#7382=CARTESIAN_POINT('',(12.12404100129,95.0786653548662,4.9178290320638));
#7383=CARTESIAN_POINT('Origin',(14.62404100129,90.0786653548662,4.91782903206381));
#7384=CARTESIAN_POINT('Origin',(18.77404100129,89.0786653548662,9.95640630625197));
#7385=CARTESIAN_POINT('',(73.5119282097001,89.0786653548662,16.9008095996009));
#7386=CARTESIAN_POINT('',(73.5119282097001,89.0786653548662,13.0388856162125));
#7387=CARTESIAN_POINT('',(73.5119282097001,89.0786653548662,4.97820315312598));
#7388=CARTESIAN_POINT('Origin',(71.92404100129,89.0786653548662,14.9698476079067));
#7389=CARTESIAN_POINT('Origin',(71.92404100129,95.0786653548662,14.9698476079067));
#7390=CARTESIAN_POINT('',(69.42404100129,95.0786653548662,14.9698476079067));
#7391=CARTESIAN_POINT('Origin',(71.92404100129,95.0786653548662,14.9698476079067));
#7392=CARTESIAN_POINT('',(69.42404100129,90.0786653548662,14.9698476079067));
#7393=CARTESIAN_POINT('',(69.42404100129,95.0786653548662,14.9698476079067));
#7394=CARTESIAN_POINT('',(73.5119282097001,90.0786653548662,13.0388856162125));
#7395=CARTESIAN_POINT('Origin',(71.92404100129,90.0786653548662,14.9698476079067));
#7396=CARTESIAN_POINT('',(73.5119282097001,95.0786653548662,13.0388856162125));
#7397=CARTESIAN_POINT('',(73.5119282097001,90.0786653548662,16.9008095996009));
#7398=CARTESIAN_POINT('',(73.5119282097001,95.0786653548662,16.9008095996009));
#7399=CARTESIAN_POINT('Origin',(71.92404100129,90.0786653548662,14.9698476079067));
#7400=CARTESIAN_POINT('Origin',(-34.37595899871,95.0786653548662,14.9698476079067));
#7401=CARTESIAN_POINT('',(-36.87595899871,95.0786653548662,14.9698476079067));
#7402=CARTESIAN_POINT('Origin',(-34.37595899871,95.0786653548662,14.9698476079067));
#7403=CARTESIAN_POINT('',(-36.87595899871,90.0786653548662,14.9698476079067));
#7404=CARTESIAN_POINT('',(-36.87595899871,95.0786653548662,14.9698476079067));
#7405=CARTESIAN_POINT('Origin',(-34.37595899871,90.0786653548662,14.9698476079067));
#7406=CARTESIAN_POINT('Origin',(14.62404100129,95.0786653548662,14.9698476079067));
#7407=CARTESIAN_POINT('',(12.12404100129,95.0786653548662,14.9698476079067));
#7408=CARTESIAN_POINT('Origin',(14.62404100129,95.0786653548662,14.9698476079067));
#7409=CARTESIAN_POINT('',(12.12404100129,90.0786653548662,14.9698476079067));
#7410=CARTESIAN_POINT('',(12.12404100129,95.0786653548662,14.9698476079067));
#7411=CARTESIAN_POINT('Origin',(14.62404100129,90.0786653548662,14.9698476079067));
#7412=CARTESIAN_POINT('Origin',(22.92404100129,95.0786653548662,14.9698476079067));
#7413=CARTESIAN_POINT('',(20.42404100129,95.0786653548662,14.9698476079067));
#7414=CARTESIAN_POINT('Origin',(22.92404100129,95.0786653548662,14.9698476079067));
#7415=CARTESIAN_POINT('',(20.42404100129,90.0786653548662,14.9698476079067));
#7416=CARTESIAN_POINT('',(20.42404100129,95.0786653548662,14.9698476079067));
#7417=CARTESIAN_POINT('Origin',(22.92404100129,90.0786653548662,14.9698476079067));
#7418=CARTESIAN_POINT('Origin',(10.2765282606699,95.0786653548662,20.2438377779838));
#7419=CARTESIAN_POINT('',(-29.8961591387496,90.0786653548662,20.2438377779838));
#7420=CARTESIAN_POINT('',(10.2765282606699,90.0786653548662,20.2438377779838));
#7421=CARTESIAN_POINT('',(-13.7304258105315,90.0786653548662,20.2438377779838));
#7422=CARTESIAN_POINT('',(-29.8961591387496,95.0786653548662,20.2438377779838));
#7423=CARTESIAN_POINT('',(-29.8961591387496,95.0786653548662,20.2438377779838));
#7424=CARTESIAN_POINT('',(10.2765282606699,95.0786653548662,20.2438377779838));
#7425=CARTESIAN_POINT('',(42.894228235185,95.0786653548662,20.2438377779838));
#7426=CARTESIAN_POINT('',(10.2765282606699,95.0786653548662,20.2438377779838));
#7427=CARTESIAN_POINT('Origin',(10.2765282606699,95.0786653548662,-0.28678574236211));
#7428=CARTESIAN_POINT('',(10.2765282606699,90.0786653548662,0.));
#7429=CARTESIAN_POINT('',(10.2765282606699,90.0786653548662,-0.14339287118105));
#7430=CARTESIAN_POINT('',(10.2765282606699,95.0786653548662,-0.286785742362111));
#7431=CARTESIAN_POINT('',(10.2765282606699,95.0786653548662,-0.143392871181062));
#7432=CARTESIAN_POINT('',(10.2765282606699,89.0786653548662,-0.286785742362111));
#7433=CARTESIAN_POINT('',(10.2765282606699,95.0786653548662,-0.286785742362111));
#7434=CARTESIAN_POINT('',(10.2765282606699,89.0786653548662,0.));
#7435=CARTESIAN_POINT('',(10.2765282606699,89.0786653548662,15.1001220421179));
#7436=CARTESIAN_POINT('',(10.2765282606699,80.6728069677652,0.));
#7437=CARTESIAN_POINT('Origin',(-29.8961591387496,95.0786653548662,-0.286785742362113));
#7438=CARTESIAN_POINT('',(-29.8961591387496,95.0786653548662,-0.286785742362112));
#7439=CARTESIAN_POINT('',(22.8078845354752,95.0786653548662,-0.286785742362112));
#7440=CARTESIAN_POINT('',(-29.8961591387496,89.0786653548662,-0.286785742362112));
#7441=CARTESIAN_POINT('',(-29.8961591387496,95.0786653548662,-0.286785742362112));
#7442=CARTESIAN_POINT('',(14.52528463098,89.0786653548662,-0.286785742362112));
#7443=CARTESIAN_POINT('Origin',(-29.8961591387496,95.0786653548662,20.2438377779838));
#7444=CARTESIAN_POINT('',(-29.8961591387496,90.0786653548662,0.));
#7445=CARTESIAN_POINT('',(-29.8961591387496,90.0786653548662,10.1219188889919));
#7446=CARTESIAN_POINT('',(-29.8961591387496,89.0786653548662,0.));
#7447=CARTESIAN_POINT('',(-29.8961591387496,80.6728069677652,0.));
#7448=CARTESIAN_POINT('',(-29.8961591387496,89.0786653548662,4.83481028194493));
#7449=CARTESIAN_POINT('',(-29.8961591387496,95.0786653548662,10.1219188889919));
#7450=CARTESIAN_POINT('Origin',(18.77404100129,89.0786653548662,9.95640630625197));
#7451=CARTESIAN_POINT('',(18.3306575826368,89.0786653548662,0.));
#7452=CARTESIAN_POINT('Origin',(18.77404100129,89.0786653548662,9.95640630625197));
#7453=CARTESIAN_POINT('',(73.5119282097001,89.0786653548662,6.84879102375808));
#7454=CARTESIAN_POINT('',(73.5119282097001,89.0786653548662,2.98686704036953));
#7455=CARTESIAN_POINT('',(73.5119282097001,89.0786653548662,4.97820315312598));
#7456=CARTESIAN_POINT('Origin',(71.9240410012901,89.0786653548662,4.91782903206381));
#7457=CARTESIAN_POINT('Origin',(71.9240410012901,95.0786653548662,4.91782903206381));
#7458=CARTESIAN_POINT('',(69.4240410012901,95.0786653548662,4.9178290320638));
#7459=CARTESIAN_POINT('Origin',(71.9240410012901,95.0786653548662,4.91782903206381));
#7460=CARTESIAN_POINT('',(69.4240410012901,90.0786653548662,4.9178290320638));
#7461=CARTESIAN_POINT('',(69.4240410012901,95.0786653548662,4.9178290320638));
#7462=CARTESIAN_POINT('',(73.5119282097001,90.0786653548662,2.98686704036953));
#7463=CARTESIAN_POINT('Origin',(71.9240410012901,90.0786653548662,4.91782903206381));
#7464=CARTESIAN_POINT('',(73.5119282097001,95.0786653548662,2.98686704036953));
#7465=CARTESIAN_POINT('',(73.5119282097001,90.0786653548662,6.84879102375808));
#7466=CARTESIAN_POINT('',(73.5119282097001,95.0786653548662,6.84879102375808));
#7467=CARTESIAN_POINT('Origin',(71.9240410012901,90.0786653548662,4.91782903206381));
#7468=CARTESIAN_POINT('Origin',(73.5119282097001,90.0786653548662,0.));
#7469=CARTESIAN_POINT('',(73.5119282097001,90.0786653548662,35.));
#7470=CARTESIAN_POINT('',(73.5119282097001,90.0786653548662,0.));
#7471=CARTESIAN_POINT('',(73.5119282097001,90.0786653548662,35.));
#7472=CARTESIAN_POINT('',(73.5119282097001,42.4552318064624,0.));
#7473=CARTESIAN_POINT('',(73.5119282097001,90.0786653548662,0.));
#7474=CARTESIAN_POINT('',(73.5119282097001,42.4552318064624,2.98686704036953));
#7475=CARTESIAN_POINT('',(73.5119282097001,42.4552318064624,0.));
#7476=CARTESIAN_POINT('',(73.5119282097001,42.4552318064624,6.84879102375808));
#7477=CARTESIAN_POINT('',(73.5119282097001,42.4552318064624,0.));
#7478=CARTESIAN_POINT('',(73.5119282097001,42.4552318064624,13.0388856162125));
#7479=CARTESIAN_POINT('',(73.5119282097001,42.4552318064624,0.));
#7480=CARTESIAN_POINT('',(73.5119282097001,42.4552318064624,16.9008095996009));
#7481=CARTESIAN_POINT('',(73.5119282097001,42.4552318064624,0.));
#7482=CARTESIAN_POINT('',(73.5119282097001,42.4552318064624,0.));
#7483=CARTESIAN_POINT('',(73.5119282097001,90.0786653548662,35.));
#7484=CARTESIAN_POINT('',(73.5119282097001,51.8445787556873,15.4132531435827));
#7485=CARTESIAN_POINT('',(73.5119282097001,51.8445787556873,2.91917673173913));
#7486=CARTESIAN_POINT('',(73.5119282097001,51.8445787556873,7.70662657179134));
#7487=CARTESIAN_POINT('',(73.5119282097001,80.5307855478392,2.91917673173913));
#7488=CARTESIAN_POINT('',(73.5119282097001,70.9616220552767,2.91917673173913));
#7489=CARTESIAN_POINT('',(73.5119282097001,80.5307855478392,15.4132531435827));
#7490=CARTESIAN_POINT('',(73.5119282097001,80.5307855478392,1.45958836586956));
#7491=CARTESIAN_POINT('',(73.5119282097001,85.3047254513527,15.4132531435827));
#7492=CARTESIAN_POINT('Origin',(-37.7373798817329,90.0786653548662,0.));
#7493=CARTESIAN_POINT('',(-37.7373798817329,90.0786653548662,0.));
#7494=CARTESIAN_POINT('',(-37.7373798817329,90.0786653548662,0.));
#7495=CARTESIAN_POINT('',(-37.7373798817329,90.0786653548662,35.));
#7496=CARTESIAN_POINT('',(-37.7373798817329,90.0786653548662,0.));
#7497=CARTESIAN_POINT('',(-37.7373798817329,90.0786653548662,0.));
#7498=CARTESIAN_POINT('Origin',(22.9240410012901,37.4552318064624,4.91782903206381));
#7499=CARTESIAN_POINT('',(20.4240410012901,37.4552318064624,4.9178290320638));
#7500=CARTESIAN_POINT('Origin',(22.9240410012901,37.4552318064624,4.91782903206381));
#7501=CARTESIAN_POINT('',(20.4240410012901,42.4552318064624,4.9178290320638));
#7502=CARTESIAN_POINT('',(20.4240410012901,37.4552318064624,4.91782903206381));
#7503=CARTESIAN_POINT('Origin',(22.9240410012901,42.4552318064624,4.91782903206381));
#7504=CARTESIAN_POINT('Origin',(-9.80981543903987,42.4552318064624,9.97852601781086));
#7505=CARTESIAN_POINT('',(10.2765282606699,42.4552318064624,0.));
#7506=CARTESIAN_POINT('',(-29.8961591387496,42.4552318064624,0.));
#7507=CARTESIAN_POINT('',(73.5119282097001,42.4552318064624,0.));
#7508=CARTESIAN_POINT('',(-29.8961591387496,42.4552318064624,-0.286785742362112));
#7509=CARTESIAN_POINT('',(-29.8961591387496,42.4552318064624,-0.286785742362112));
#7510=CARTESIAN_POINT('',(10.2765282606699,42.4552318064624,-0.286785742362111));
#7511=CARTESIAN_POINT('',(10.2765282606699,42.4552318064624,-0.286785742362111));
#7512=CARTESIAN_POINT('',(10.2765282606699,42.4552318064624,20.2438377779838));
#7513=CARTESIAN_POINT('Origin',(10.2765282606699,37.4552318064624,20.2438377779838));
#7514=CARTESIAN_POINT('',(10.2765282606699,37.4552318064624,20.2438377779838));
#7515=CARTESIAN_POINT('',(10.2765282606699,37.4552318064624,-0.286785742362111));
#7516=CARTESIAN_POINT('',(10.2765282606699,37.4552318064624,10.1219188889919));
#7517=CARTESIAN_POINT('',(10.2765282606699,42.4552318064624,20.2438377779838));
#7518=CARTESIAN_POINT('',(10.2765282606699,37.4552318064624,20.2438377779838));
#7519=CARTESIAN_POINT('',(10.2765282606699,42.4552318064624,10.1219188889919));
#7520=CARTESIAN_POINT('',(10.2765282606699,37.4552318064624,-0.286785742362111));
#7521=CARTESIAN_POINT('Origin',(-29.8961591387496,37.4552318064624,20.2438377779838));
#7522=CARTESIAN_POINT('',(-29.8961591387496,37.4552318064624,20.2438377779838));
#7523=CARTESIAN_POINT('',(-34.8167695102413,37.4552318064624,20.2438377779838));
#7524=CARTESIAN_POINT('',(-29.8961591387496,42.4552318064624,20.2438377779838));
#7525=CARTESIAN_POINT('',(-29.8961591387496,37.4552318064624,20.2438377779838));
#7526=CARTESIAN_POINT('',(21.8078845354752,42.4552318064624,20.2438377779838));
#7527=CARTESIAN_POINT('Origin',(-29.8961591387496,37.4552318064624,-0.286785742362112));
#7528=CARTESIAN_POINT('',(-29.8961591387496,37.4552318064624,-0.286785742362112));
#7529=CARTESIAN_POINT('',(-29.8961591387496,37.4552318064624,-0.143392871181056));
#7530=CARTESIAN_POINT('',(-29.8961591387496,37.4552318064624,-0.286785742362112));
#7531=CARTESIAN_POINT('',(-29.8961591387496,42.4552318064624,-0.143392871181056));
#7532=CARTESIAN_POINT('Origin',(10.2765282606699,37.4552318064624,-0.286785742362111));
#7533=CARTESIAN_POINT('',(-14.7304258105315,37.4552318064624,-0.286785742362112));
#7534=CARTESIAN_POINT('Origin',(47.4809521564997,42.4552318064624,9.95231564275027));
#7535=CARTESIAN_POINT('',(67.4408527935924,42.4552318064624,0.));
#7536=CARTESIAN_POINT('',(27.5210515194069,42.4552318064624,0.));
#7537=CARTESIAN_POINT('',(73.5119282097001,42.4552318064624,0.));
#7538=CARTESIAN_POINT('',(27.5210515194069,42.4552318064624,-0.331025165479906));
#7539=CARTESIAN_POINT('',(27.5210515194069,42.4552318064624,-0.331025165479906));
#7540=CARTESIAN_POINT('',(67.4408527935924,42.4552318064624,-0.331025165479905));
#7541=CARTESIAN_POINT('',(67.4408527935924,42.4552318064624,-0.331025165479905));
#7542=CARTESIAN_POINT('',(67.4408527935924,42.4552318064624,20.2356564509804));
#7543=CARTESIAN_POINT('Origin',(67.4408527935924,37.4552318064624,20.2356564509804));
#7544=CARTESIAN_POINT('',(67.4408527935924,37.4552318064624,20.2356564509804));
#7545=CARTESIAN_POINT('',(67.4408527935924,37.4552318064624,-0.331025165479905));
#7546=CARTESIAN_POINT('',(67.4408527935924,37.4552318064624,10.1178282254902));
#7547=CARTESIAN_POINT('',(67.4408527935924,42.4552318064624,20.2356564509804));
#7548=CARTESIAN_POINT('',(67.4408527935924,37.4552318064624,20.2356564509804));
#7549=CARTESIAN_POINT('',(67.4408527935924,42.4552318064624,10.1178282254902));
#7550=CARTESIAN_POINT('',(67.4408527935924,37.4552318064624,-0.331025165479905));
#7551=CARTESIAN_POINT('Origin',(27.5210515194069,37.4552318064624,20.2356564509804));
#7552=CARTESIAN_POINT('',(27.5210515194069,37.4552318064624,20.2356564509804));
#7553=CARTESIAN_POINT('',(-6.10816418116299,37.4552318064624,20.2356564509804));
#7554=CARTESIAN_POINT('',(27.5210515194069,42.4552318064624,20.2356564509804));
#7555=CARTESIAN_POINT('',(27.5210515194069,37.4552318064624,20.2356564509804));
#7556=CARTESIAN_POINT('',(50.5164898645535,42.4552318064624,20.2356564509804));
#7557=CARTESIAN_POINT('Origin',(27.5210515194069,37.4552318064624,-0.331025165479906));
#7558=CARTESIAN_POINT('',(27.5210515194069,37.4552318064624,-0.331025165479906));
#7559=CARTESIAN_POINT('',(27.5210515194069,37.4552318064624,-0.165512582739953));
#7560=CARTESIAN_POINT('',(27.5210515194069,37.4552318064624,-0.331025165479906));
#7561=CARTESIAN_POINT('',(27.5210515194069,42.4552318064624,-0.165512582739953));
#7562=CARTESIAN_POINT('Origin',(67.4408527935924,37.4552318064624,-0.331025165479905));
#7563=CARTESIAN_POINT('',(13.8517364559298,37.4552318064624,-0.331025165479906));
#7564=CARTESIAN_POINT('Origin',(14.62404100129,37.4552318064624,4.91782903206381));
#7565=CARTESIAN_POINT('',(12.12404100129,37.4552318064624,4.9178290320638));
#7566=CARTESIAN_POINT('Origin',(14.62404100129,37.4552318064624,4.91782903206381));
#7567=CARTESIAN_POINT('',(12.12404100129,42.4552318064624,4.9178290320638));
#7568=CARTESIAN_POINT('',(12.12404100129,37.4552318064624,4.91782903206381));
#7569=CARTESIAN_POINT('Origin',(14.62404100129,42.4552318064624,4.91782903206381));
#7570=CARTESIAN_POINT('Origin',(71.9240410012901,42.4552318064624,4.91782903206381));
#7571=CARTESIAN_POINT('Origin',(71.9240410012901,42.4552318064624,4.91782903206381));
#7572=CARTESIAN_POINT('Origin',(71.9240410012901,37.4552318064624,4.91782903206381));
#7573=CARTESIAN_POINT('',(69.4240410012901,37.4552318064624,4.9178290320638));
#7574=CARTESIAN_POINT('Origin',(71.9240410012901,37.4552318064624,4.91782903206381));
#7575=CARTESIAN_POINT('',(69.4240410012901,42.4552318064624,4.91782903206381));
#7576=CARTESIAN_POINT('',(69.4240410012901,37.4552318064624,4.91782903206381));
#7577=CARTESIAN_POINT('Origin',(71.9240410012901,42.4552318064624,4.91782903206381));
#7578=CARTESIAN_POINT('Origin',(71.9240410012901,42.4552318064624,4.91782903206381));
#7579=CARTESIAN_POINT('Origin',(-34.37595899871,37.4552318064624,14.9698476079067));
#7580=CARTESIAN_POINT('',(-36.87595899871,37.4552318064624,14.9698476079067));
#7581=CARTESIAN_POINT('Origin',(-34.37595899871,37.4552318064624,14.9698476079067));
#7582=CARTESIAN_POINT('',(-36.87595899871,42.4552318064624,14.9698476079067));
#7583=CARTESIAN_POINT('',(-36.87595899871,37.4552318064624,14.9698476079067));
#7584=CARTESIAN_POINT('Origin',(-34.37595899871,42.4552318064624,14.9698476079067));
#7585=CARTESIAN_POINT('Origin',(14.62404100129,37.4552318064624,14.9698476079067));
#7586=CARTESIAN_POINT('',(12.12404100129,37.4552318064624,14.9698476079067));
#7587=CARTESIAN_POINT('Origin',(14.62404100129,37.4552318064624,14.9698476079067));
#7588=CARTESIAN_POINT('',(12.12404100129,42.4552318064624,14.9698476079067));
#7589=CARTESIAN_POINT('',(12.12404100129,37.4552318064624,14.9698476079067));
#7590=CARTESIAN_POINT('Origin',(14.62404100129,42.4552318064624,14.9698476079067));
#7591=CARTESIAN_POINT('Origin',(22.92404100129,37.4552318064624,14.9698476079067));
#7592=CARTESIAN_POINT('',(20.42404100129,37.4552318064624,14.9698476079067));
#7593=CARTESIAN_POINT('Origin',(22.92404100129,37.4552318064624,14.9698476079067));
#7594=CARTESIAN_POINT('',(20.42404100129,42.4552318064624,14.9698476079067));
#7595=CARTESIAN_POINT('',(20.42404100129,37.4552318064624,14.9698476079067));
#7596=CARTESIAN_POINT('Origin',(22.92404100129,42.4552318064624,14.9698476079067));
#7597=CARTESIAN_POINT('Origin',(-34.37595899871,37.4552318064624,4.91782903206381));
#7598=CARTESIAN_POINT('',(-36.87595899871,37.4552318064624,4.9178290320638));
#7599=CARTESIAN_POINT('Origin',(-34.37595899871,37.4552318064624,4.91782903206381));
#7600=CARTESIAN_POINT('',(-36.87595899871,42.4552318064624,4.9178290320638));
#7601=CARTESIAN_POINT('',(-36.87595899871,37.4552318064624,4.91782903206381));
#7602=CARTESIAN_POINT('Origin',(-34.37595899871,42.4552318064624,4.91782903206381));
#7603=CARTESIAN_POINT('Origin',(71.92404100129,42.4552318064624,14.9698476079067));
#7604=CARTESIAN_POINT('Origin',(71.92404100129,42.4552318064624,14.9698476079067));
#7605=CARTESIAN_POINT('Origin',(71.92404100129,37.4552318064624,14.9698476079067));
#7606=CARTESIAN_POINT('',(69.42404100129,37.4552318064624,14.9698476079067));
#7607=CARTESIAN_POINT('Origin',(71.92404100129,37.4552318064624,14.9698476079067));
#7608=CARTESIAN_POINT('',(69.42404100129,42.4552318064624,14.9698476079067));
#7609=CARTESIAN_POINT('',(69.42404100129,37.4552318064624,14.9698476079067));
#7610=CARTESIAN_POINT('Origin',(71.92404100129,42.4552318064624,14.9698476079067));
#7611=CARTESIAN_POINT('Origin',(71.92404100129,42.4552318064624,14.9698476079067));
#7612=CARTESIAN_POINT('Origin',(73.5119282097001,42.4552318064624,0.));
#7613=CARTESIAN_POINT('',(-37.7373798817329,42.4552318064624,0.));
#7614=CARTESIAN_POINT('',(73.5119282097001,42.4552318064624,0.));
#7615=CARTESIAN_POINT('',(-37.7373798817329,42.4552318064624,0.));
#7616=CARTESIAN_POINT('',(73.5119282097001,42.4552318064624,0.));
#7617=CARTESIAN_POINT('',(73.5119282097001,42.4552318064624,0.));
#7618=CARTESIAN_POINT('Origin',(17.8872741639836,66.2669485806643,0.));
#7619=CARTESIAN_POINT('',(-37.7373798817329,42.4552318064624,0.));
#7620=CARTESIAN_POINT('Origin',(17.8872741639836,66.2669485806643,-5.));
#7621=CARTESIAN_POINT('',(-39.7373798817329,37.4552318064624,-5.));
#7622=CARTESIAN_POINT('',(-42.7373798817329,40.4552318064624,-5.));
#7623=CARTESIAN_POINT('Origin',(-39.7373798817329,40.4552318064624,-5.));
#7624=CARTESIAN_POINT('',(-42.7373798817329,92.0786653548662,-5.));
#7625=CARTESIAN_POINT('',(-42.7373798817329,40.4552318064624,-5.));
#7626=CARTESIAN_POINT('',(-39.7373798817329,95.0786653548662,-5.));
#7627=CARTESIAN_POINT('Origin',(-39.7373798817328,92.0786653548662,-5.));
#7628=CARTESIAN_POINT('',(75.5119282097,95.0786653548662,-5.));
#7629=CARTESIAN_POINT('',(-39.7373798817329,95.0786653548662,-5.));
#7630=CARTESIAN_POINT('',(78.5119282097001,92.0786653548662,-5.));
#7631=CARTESIAN_POINT('Origin',(75.5119282097,92.0786653548662,-5.));
#7632=CARTESIAN_POINT('',(78.5119282097001,40.4552318064624,-5.));
#7633=CARTESIAN_POINT('',(78.5119282097001,92.0786653548662,-5.));
#7634=CARTESIAN_POINT('',(75.5119282097001,37.4552318064624,-5.));
#7635=CARTESIAN_POINT('Origin',(75.5119282097001,40.4552318064624,-5.));
#7636=CARTESIAN_POINT('',(75.5119282097001,37.4552318064624,-5.));
#7637=CARTESIAN_POINT('Origin',(-37.7373798817329,42.4552318064624,0.));
#7638=CARTESIAN_POINT('',(-37.7373798817329,51.8445787556873,2.91917673173913));
#7639=CARTESIAN_POINT('',(-37.7373798817329,51.8445787556873,15.4132531435827));
#7640=CARTESIAN_POINT('',(-37.7373798817329,51.8445787556873,1.45958836586956));
#7641=CARTESIAN_POINT('',(-37.7373798817329,80.5307855478392,15.4132531435827));
#7642=CARTESIAN_POINT('',(-37.7373798817329,47.1499052810749,15.4132531435827));
#7643=CARTESIAN_POINT('',(-37.7373798817329,80.5307855478392,2.91917673173913));
#7644=CARTESIAN_POINT('',(-37.7373798817329,80.5307855478392,7.70662657179134));
#7645=CARTESIAN_POINT('',(-37.7373798817329,61.4930086771508,2.91917673173913));
#7646=CARTESIAN_POINT('Origin',(78.5119282097001,40.4552318064624,0.));
#7647=CARTESIAN_POINT('',(78.5119282097001,40.4552318064624,35.));
#7648=CARTESIAN_POINT('',(78.5119282097001,92.0786653548662,35.));
#7649=CARTESIAN_POINT('',(78.5119282097001,51.8445787556873,2.91917673173913));
#7650=CARTESIAN_POINT('',(78.5119282097001,51.8445787556873,15.4132531435827));
#7651=CARTESIAN_POINT('',(78.5119282097001,51.8445787556873,7.70662657179134));
#7652=CARTESIAN_POINT('',(78.5119282097001,80.5307855478392,15.4132531435827));
#7653=CARTESIAN_POINT('',(78.5119282097001,60.4930086771508,15.4132531435827));
#7654=CARTESIAN_POINT('',(78.5119282097001,80.5307855478392,2.91917673173913));
#7655=CARTESIAN_POINT('',(78.5119282097001,80.5307855478392,1.45958836586956));
#7656=CARTESIAN_POINT('',(78.5119282097001,46.1499052810749,2.91917673173913));
#7657=CARTESIAN_POINT('Origin',(75.5119282097001,40.4552318064624,0.));
#7658=CARTESIAN_POINT('',(75.5119282097001,37.4552318064624,35.));
#7659=CARTESIAN_POINT('Origin',(-39.7373798817329,37.4552318064624,0.));
#7660=CARTESIAN_POINT('',(-39.7373798817329,37.4552318064624,35.));
#7661=CARTESIAN_POINT('Origin',(-39.7373798817329,40.4552318064624,0.));
#7662=CARTESIAN_POINT('',(-42.7373798817329,40.4552318064624,0.));
#7663=CARTESIAN_POINT('Origin',(-37.7373798817329,80.5307855478392,15.4132531435827));
#7664=CARTESIAN_POINT('',(-42.7373798817329,80.5307855478392,2.91917673173913));
#7665=CARTESIAN_POINT('',(-42.7373798817329,80.5307855478392,15.4132531435827));
#7666=CARTESIAN_POINT('',(-42.7373798817329,80.5307855478392,7.70662657179134));
#7667=CARTESIAN_POINT('',(-37.7373798817329,80.5307855478392,2.91917673173913));
#7668=CARTESIAN_POINT('',(-37.7373798817329,80.5307855478392,15.4132531435827));
#7669=CARTESIAN_POINT('Origin',(-37.7373798817329,51.8445787556873,15.4132531435827));
#7670=CARTESIAN_POINT('',(-42.7373798817329,51.8445787556873,15.4132531435827));
#7671=CARTESIAN_POINT('',(-42.7373798817329,71.9616220552767,15.4132531435827));
#7672=CARTESIAN_POINT('',(-37.7373798817329,51.8445787556873,15.4132531435827));
#7673=CARTESIAN_POINT('Origin',(-37.7373798817329,51.8445787556873,2.91917673173913));
#7674=CARTESIAN_POINT('',(-42.7373798817329,51.8445787556873,2.91917673173913));
#7675=CARTESIAN_POINT('',(-42.7373798817329,51.8445787556873,1.45958836586956));
#7676=CARTESIAN_POINT('',(-37.7373798817329,51.8445787556873,2.91917673173913));
#7677=CARTESIAN_POINT('Origin',(-37.7373798817329,80.5307855478392,2.91917673173913));
#7678=CARTESIAN_POINT('',(-42.7373798817329,86.3047254513527,2.91917673173913));
#7679=CARTESIAN_POINT('Origin',(73.5119282097001,80.5307855478392,2.91917673173913));
#7680=CARTESIAN_POINT('',(73.5119282097001,80.5307855478392,15.4132531435827));
#7681=CARTESIAN_POINT('',(73.5119282097001,80.5307855478392,2.91917673173913));
#7682=CARTESIAN_POINT('Origin',(73.5119282097001,51.8445787556873,2.91917673173913));
#7683=CARTESIAN_POINT('',(73.5119282097001,51.8445787556873,2.91917673173913));
#7684=CARTESIAN_POINT('Origin',(73.5119282097001,51.8445787556873,15.4132531435827));
#7685=CARTESIAN_POINT('',(73.5119282097001,51.8445787556873,15.4132531435827));
#7686=CARTESIAN_POINT('Origin',(73.5119282097001,80.5307855478392,15.4132531435827));
#7687=CARTESIAN_POINT('Origin',(-42.7373798817329,92.0786653548662,0.));
#7688=CARTESIAN_POINT('',(-42.7373798817329,92.0786653548662,0.));
#7689=CARTESIAN_POINT('Origin',(-39.7373798817328,92.0786653548662,0.));
#7690=CARTESIAN_POINT('',(-39.7373798817329,95.0786653548662,0.));
#7691=CARTESIAN_POINT('Origin',(75.5119282097,95.0786653548662,0.));
#7692=CARTESIAN_POINT('',(75.5119282097,95.0786653548662,0.));
#7693=CARTESIAN_POINT('Origin',(75.5119282097,92.0786653548662,0.));
#7694=CARTESIAN_POINT('',(-8.64999961853028,148.947387695313,5.));
#7695=CARTESIAN_POINT('',(65.8932647705078,137.949310302734,5.));
#7696=CARTESIAN_POINT('',(85.2432632446289,137.949310302734,5.));
#7697=CARTESIAN_POINT('',(53.7000045776367,182.178741455078,5.));
#7698=CARTESIAN_POINT('',(-25.8102741241455,54.7643890380859,49.4147938336428));
#7699=CARTESIAN_POINT('',(175.971923828125,49.0873794555664,5.));
#7700=CARTESIAN_POINT('',(0.,0.,0.));
#7701=CARTESIAN_POINT('',(0.,0.,0.));
#7702=UNCERTAINTY_MEASURE_WITH_UNIT(LENGTH_MEASURE(0.01),#7716,
'DISTANCE_ACCURACY_VALUE',
'Maximum model space distance between geometric entities at asserted c
onnectivities');
#7703=UNCERTAINTY_MEASURE_WITH_UNIT(LENGTH_MEASURE(0.01),#7716,
'DISTANCE_ACCURACY_VALUE',
'Maximum model space distance between geometric entities at asserted c
onnectivities');
#7704=UNCERTAINTY_MEASURE_WITH_UNIT(LENGTH_MEASURE(0.01),#7716,
'DISTANCE_ACCURACY_VALUE',
'Maximum model space distance between geometric entities at asserted c
onnectivities');
#7705=UNCERTAINTY_MEASURE_WITH_UNIT(LENGTH_MEASURE(0.01),#7716,
'DISTANCE_ACCURACY_VALUE',
'Maximum model space distance between geometric entities at asserted c
onnectivities');
#7706=UNCERTAINTY_MEASURE_WITH_UNIT(LENGTH_MEASURE(0.01),#7716,
'DISTANCE_ACCURACY_VALUE',
'Maximum model space distance between geometric entities at asserted c
onnectivities');
#7707=UNCERTAINTY_MEASURE_WITH_UNIT(LENGTH_MEASURE(0.01),#7716,
'DISTANCE_ACCURACY_VALUE',
'Maximum model space distance between geometric entities at asserted c
onnectivities');
#7708=UNCERTAINTY_MEASURE_WITH_UNIT(LENGTH_MEASURE(0.01),#7716,
'DISTANCE_ACCURACY_VALUE',
'Maximum model space distance between geometric entities at asserted c
onnectivities');
#7709=(
GEOMETRIC_REPRESENTATION_CONTEXT(3)
GLOBAL_UNCERTAINTY_ASSIGNED_CONTEXT((#7702))
GLOBAL_UNIT_ASSIGNED_CONTEXT((#7716,#7718,#7719))
REPRESENTATION_CONTEXT('','3D')
);
#7710=(
GEOMETRIC_REPRESENTATION_CONTEXT(3)
GLOBAL_UNCERTAINTY_ASSIGNED_CONTEXT((#7703))
GLOBAL_UNIT_ASSIGNED_CONTEXT((#7716,#7718,#7719))
REPRESENTATION_CONTEXT('','3D')
);
#7711=(
GEOMETRIC_REPRESENTATION_CONTEXT(3)
GLOBAL_UNCERTAINTY_ASSIGNED_CONTEXT((#7704))
GLOBAL_UNIT_ASSIGNED_CONTEXT((#7716,#7718,#7719))
REPRESENTATION_CONTEXT('','3D')
);
#7712=(
GEOMETRIC_REPRESENTATION_CONTEXT(3)
GLOBAL_UNCERTAINTY_ASSIGNED_CONTEXT((#7705))
GLOBAL_UNIT_ASSIGNED_CONTEXT((#7716,#7718,#7719))
REPRESENTATION_CONTEXT('','3D')
);
#7713=(
GEOMETRIC_REPRESENTATION_CONTEXT(3)
GLOBAL_UNCERTAINTY_ASSIGNED_CONTEXT((#7706))
GLOBAL_UNIT_ASSIGNED_CONTEXT((#7716,#7718,#7719))
REPRESENTATION_CONTEXT('','3D')
);
#7714=(
GEOMETRIC_REPRESENTATION_CONTEXT(3)
GLOBAL_UNCERTAINTY_ASSIGNED_CONTEXT((#7707))
GLOBAL_UNIT_ASSIGNED_CONTEXT((#7716,#7718,#7719))
REPRESENTATION_CONTEXT('','3D')
);
#7715=(
GEOMETRIC_REPRESENTATION_CONTEXT(3)
GLOBAL_UNCERTAINTY_ASSIGNED_CONTEXT((#7708))
GLOBAL_UNIT_ASSIGNED_CONTEXT((#7716,#7718,#7719))
REPRESENTATION_CONTEXT('','3D')
);
#7716=(
LENGTH_UNIT()
NAMED_UNIT(*)
SI_UNIT(.MILLI.,.METRE.)
);
#7717=(
LENGTH_UNIT()
NAMED_UNIT(*)
SI_UNIT($,.METRE.)
);
#7718=(
NAMED_UNIT(*)
PLANE_ANGLE_UNIT()
SI_UNIT($,.RADIAN.)
);
#7719=(
NAMED_UNIT(*)
SI_UNIT($,.STERADIAN.)
SOLID_ANGLE_UNIT()
);
#7720=SHAPE_DEFINITION_REPRESENTATION(#7726,#7740);
#7721=SHAPE_DEFINITION_REPRESENTATION(#7727,#7741);
#7722=SHAPE_DEFINITION_REPRESENTATION(#7728,#7742);
#7723=SHAPE_DEFINITION_REPRESENTATION(#7729,#7743);
#7724=SHAPE_DEFINITION_REPRESENTATION(#7730,#7744);
#7725=SHAPE_DEFINITION_REPRESENTATION(#7731,#7745);
#7726=PRODUCT_DEFINITION_SHAPE('',$,#7747);
#7727=PRODUCT_DEFINITION_SHAPE('',$,#7748);
#7728=PRODUCT_DEFINITION_SHAPE('',$,#7749);
#7729=PRODUCT_DEFINITION_SHAPE('',$,#7750);
#7730=PRODUCT_DEFINITION_SHAPE('',$,#7751);
#7731=PRODUCT_DEFINITION_SHAPE('',$,#7752);
#7732=PRODUCT_DEFINITION_SHAPE($,$,#35);
#7733=PRODUCT_DEFINITION_SHAPE($,$,#36);
#7734=PRODUCT_DEFINITION_SHAPE($,$,#37);
#7735=PRODUCT_DEFINITION_SHAPE($,$,#38);
#7736=PRODUCT_DEFINITION_SHAPE($,$,#39);
#7737=PRODUCT_DEFINITION_SHAPE($,$,#40);
#7738=PRODUCT_DEFINITION_SHAPE($,$,#41);
#7739=PRODUCT_DEFINITION_SHAPE($,$,#42);
#7740=SHAPE_REPRESENTATION('',(#4590,#4866),#7709);
#7741=SHAPE_REPRESENTATION('',(#4591,#4865),#7710);
#7742=SHAPE_REPRESENTATION('',(#4592,#4859,#4860,#4861,#4862,#4863,#4864),
#7711);
#7743=SHAPE_REPRESENTATION('',(#4593),#7712);
#7744=SHAPE_REPRESENTATION('',(#4624),#7713);
#7745=SHAPE_REPRESENTATION('',(#4694),#7714);
#7746=PRODUCT_DEFINITION_CONTEXT('part definition',#7766,'design');
#7747=PRODUCT_DEFINITION('2026-05-02-14-36-36-327','lil cunt',#7753,#7746);
#7748=PRODUCT_DEFINITION('2026-05-03-10-02-44-002','Arrange1',#7754,#7746);
#7749=PRODUCT_DEFINITION('2026-05-03-10-02-44-012','Envelope1(Qty: 1)',
#7755,#7746);
#7750=PRODUCT_DEFINITION('2026-05-02-18-02-40-681','Component8',#7756,#7746);
#7751=PRODUCT_DEFINITION('2026-05-02-21-44-51-044','Component10',#7757,
#7746);
#7752=PRODUCT_DEFINITION('2026-05-03-10-01-57-506','Component13',#7758,
#7746);
#7753=PRODUCT_DEFINITION_FORMATION('',$,#7768);
#7754=PRODUCT_DEFINITION_FORMATION('',$,#7769);
#7755=PRODUCT_DEFINITION_FORMATION('',$,#7770);
#7756=PRODUCT_DEFINITION_FORMATION('',$,#7771);
#7757=PRODUCT_DEFINITION_FORMATION('',$,#7772);
#7758=PRODUCT_DEFINITION_FORMATION('',$,#7773);
#7759=PRODUCT_RELATED_PRODUCT_CATEGORY('lil cunt','lil cunt',(#7768));
#7760=PRODUCT_RELATED_PRODUCT_CATEGORY('Arrange1','Arrange1',(#7769));
#7761=PRODUCT_RELATED_PRODUCT_CATEGORY('Envelope1(Qty: 1)',
'Envelope1(Qty: 1)',(#7770));
#7762=PRODUCT_RELATED_PRODUCT_CATEGORY('Component8','Component8',(#7771));
#7763=PRODUCT_RELATED_PRODUCT_CATEGORY('Component10','Component10',(#7772));
#7764=PRODUCT_RELATED_PRODUCT_CATEGORY('Component13','Component13',(#7773));
#7765=APPLICATION_PROTOCOL_DEFINITION('international standard',
'automotive_design',2009,#7766);
#7766=APPLICATION_CONTEXT(
'Core Data for Automotive Mechanical Design Process');
#7767=PRODUCT_CONTEXT('part definition',#7766,'mechanical');
#7768=PRODUCT('2026-05-02-14-36-36-327','lil cunt',$,(#7767));
#7769=PRODUCT('2026-05-03-10-02-44-002','Arrange1',$,(#7767));
#7770=PRODUCT('2026-05-03-10-02-44-012','Envelope1(Qty: 1)',$,(#7767));
#7771=PRODUCT('2026-05-02-18-02-40-681','Component8',$,(#7767));
#7772=PRODUCT('2026-05-02-21-44-51-044','Component10',$,(#7767));
#7773=PRODUCT('2026-05-03-10-01-57-506','Component13',$,(#7767));
#7774=PRESENTATION_STYLE_ASSIGNMENT((#7775));
#7775=SURFACE_STYLE_USAGE(.BOTH.,#7776);
#7776=SURFACE_SIDE_STYLE('',(#7777));
#7777=SURFACE_STYLE_FILL_AREA(#7778);
#7778=FILL_AREA_STYLE('Steel - Satin',(#7779));
#7779=FILL_AREA_STYLE_COLOUR('Steel - Satin',#7780);
#7780=COLOUR_RGB('Steel - Satin',0.627450980392157,0.627450980392157,0.627450980392157);
ENDSEC;
END-ISO-10303-21;
